cbg,SVI_Texas,SVI_local,geometry
481130143162,0.9750270855904659,0.9722222222222222,"list(list(c(-96.976426, -96.976431, -96.976005, -96.974214, -96.972762, -96.972671, -96.971195, -96.972017, -96.976464, -96.976426, 32.848633, 32.85082, 32.851028, 32.850955, 32.85109, 32.84796, 32.84541, 32.842353, 32.84163, 32.848633)))"
481130195022,0.3196641386782232,0.2739018087855297,"list(list(c(-96.813831, -96.800668, -96.800668, -96.797606, -96.798738, -96.79914, -96.801946, -96.801391, -96.802539, -96.804361, -96.808675, -96.808859, -96.813002, -96.814879, -96.813831, 32.845356, 32.845342, 32.844087, 32.843995, 32.842863, 32.841819, 32.841918, 32.839269, 32.838178, 32.838208, 32.837934, 32.836599, 32.836618, 32.836627, 32.845356)))"
481130181452,0.1979414951245937,0.1989664082687338,"list(list(c(-96.570774, -96.569664, -96.569643, -96.565884, -96.563066, -96.557579, -96.556699, -96.542875, -96.5429, -96.544225, -96.543449, -96.540754, -96.552826, -96.569826, -96.571433, -96.570774, 32.871464, 32.875233, 32.883009, 32.883463, 32.88157, 32.886133, 32.89185, 32.891696, 32.891597, 32.886502, 32.877122, 32.872498, 32.870558, 32.867827, 32.869104, 32.871464)))"
481130077021,0.2548212351029252,0.27002583979328165,"list(list(c(-96.798698, -96.795449, -96.795453, -96.795451, -96.7958, -96.798541, -96.798602, -96.798698, 32.867472, 32.867552, 32.865605, 32.865399, 32.8654, 32.865479, 32.865611, 32.867472)))"
481130110041,0.2238353196099675,0.21382428940568476,"list(list(c(-96.857114, -96.85287, -96.850143, -96.857158, -96.857114, 32.6828, 32.681962, 32.684424, 32.676549, 32.6828)))"
481130014001,0.43347778981581797,0.37273901808785526,"list(list(c(-96.767211, -96.760073, -96.757248, -96.760713, -96.763263, -96.764506, -96.765863, -96.767211, 32.804172, 32.810111, 32.807658, 32.804954, 32.802988, 32.804116, 32.803002, 32.804172)))"
481130190182,0.6437161430119176,0.5523255813953488,"list(list(c(-96.718138, -96.718125, -96.712981, -96.712366, -96.716447, -96.71815, -96.718138, 32.929332, 32.931291, 32.931238, 32.925932, 32.924977, 32.926477, 32.929332)))"
481130190232,0.05509209100758394,0.04780361757105944,"list(list(c(-96.699965, -96.691231, -96.69117, -96.691338, -96.699156, -96.699976, -96.699965, 32.960579, 32.960527, 32.954161, 32.953071, 32.953105, 32.953086, 32.960579)))"
481130108053,0.8540086673889491,0.7616279069767442,"list(list(c(-96.901775, -96.898338, -96.891467, -96.891324, -96.88888, -96.881364, -96.882026, -96.881573, -96.880864, -96.880885, -96.882847, -96.887141, -96.891324, -96.9028, -96.901775, 32.707011, 32.708641, 32.711075, 32.711135, 32.712007, 32.715818, 32.712622, 32.71129, 32.708199, 32.705821, 32.705817, 32.705803, 32.705833, 32.705827, 32.707011)))"
481130120001,0.9546045503791982,0.9334625322997416,"list(list(c(-96.656831, -96.654739, -96.648208, -96.648399, -96.649321, -96.656908, -96.656831, 32.756502, 32.756968, 32.756946, 32.748842, 32.74877, 32.74876, 32.756502)))"
481130190341,0.8258396533044421,0.7441860465116279,"list(list(c(-96.730262, -96.722291, -96.722278, -96.72282, -96.723493, -96.722845, -96.718147, -96.718089, -96.717791, -96.717805, -96.722925, -96.728421, -96.72963, -96.730726, -96.730262, 32.916808, 32.916759, 32.924098, 32.924098, 32.925221, 32.92546, 32.925432, 32.923052, 32.916803, 32.91632, 32.916325, 32.915888, 32.915152, 32.916006, 32.916808)))"
481130168051,0.692795232936078,0.5833333333333333,"list(list(c(-96.818877, -96.805633, -96.805603, -96.807235, -96.815597, -96.818902, -96.818877, 32.604249, 32.604267, 32.598628, 32.598059, 32.597509, 32.600758, 32.604249)))"
481130152071,0.6234019501625135,0.5439276485788114,"list(list(c(-96.97165, -96.970381, -96.969615, -96.96783, -96.961749, -96.959253, -96.959637, -96.959712, -96.959649, -96.959705, -96.959993, -96.963314, -96.96341, -96.96918, -96.969576, -96.969454, -96.9717, -96.97165, 32.793182, 32.79609, 32.796348, 32.796934, 32.796934, 32.796565, 32.795142, 32.794037, 32.793501, 32.78669, 32.783062, 32.783017, 32.785291, 32.78539, 32.786727, 32.789913, 32.789912, 32.793182)))"
481130025003,0.9831527627302276,0.9806201550387597,"list(list(c(-96.754508, -96.74999, -96.746472, -96.746477, -96.744346, -96.744471, -96.757967, -96.754508, 32.787266, 32.791348, 32.791497, 32.791003, 32.791003, 32.782836, 32.783999, 32.787266)))"
481130097022,0.09414951245937164,0.12661498708010333,"list(list(c(-96.870345, -96.862939, -96.862278, -96.860203, -96.856243, -96.856215, -96.866205, -96.870362, -96.870345, 32.895256, 32.895256, 32.895238, 32.895176, 32.89518, 32.887808, 32.887183, 32.887799, 32.895256)))"
481130167073,0.33141928494041173,0.30426356589147285,"list(list(c(-96.796981, -96.794885, -96.793328, -96.7893, -96.786591, -96.786531, -96.78713, -96.785376, -96.782538, -96.788367, -96.78876, -96.79024, -96.796931, -96.796981, 32.615236, 32.615383, 32.616836, 32.618769, 32.620089, 32.611632, 32.61081, 32.606997, 32.604672, 32.604306, 32.611244, 32.612021, 32.611936, 32.615236)))"
481130141264,0.06717226435536294,0.0626614987080103,"list(list(c(-97.01493, -97.011167, -97.00642, -97.006636, -97.006734, -96.999199, -96.998081, -96.993591, -96.993615, -96.996175, -97.000711, -97.00328, -97.01089, -97.010704, -97.010693, -97.011196, -97.013743, -97.014884, -97.015109, -97.01493, 32.973126, 32.973059, 32.969496, 32.96208, 32.954706, 32.954661, 32.954573, 32.954503, 32.947716, 32.948154, 32.948228, 32.948817, 32.948419, 32.949612, 32.956209, 32.957518, 32.959539, 32.961237, 32.964023, 32.973126)))"
481130206002,0.044528710725893816,0.036175710594315236,"list(list(c(-96.838533, -96.821126, -96.821215, -96.822084, -96.822183, -96.82502, -96.829147, -96.830831, -96.836441, -96.837257, -96.837772, -96.838596, -96.838533, 32.880322, 32.880245, 32.87095, 32.866525, 32.866562, 32.866784, 32.863953, 32.86344, 32.863957, 32.865436, 32.866869, 32.870038, 32.880322)))"
481130164061,0.5331527627302275,0.4444444444444444,"list(list(c(-97.015439, -97.012176, -97.007426, -97.00594, -97.006026, -97.006702, -97.009478, -97.015549, -97.015439, 32.709663, 32.70963, 32.709595, 32.709576, 32.704524, 32.703366, 32.703381, 32.703428, 32.709663)))"
481130147011,0.8302275189599133,0.7551679586563307,"list(list(c(-96.924392, -96.924042, -96.914912, -96.915139, -96.917144, -96.924577, -96.924392, 32.831155, 32.837006, 32.836925, 32.835459, 32.830682, 32.830722, 32.831155)))"
481130178171,0.2773564463705309,0.20219638242894056,"list(list(c(-96.614388, -96.61463, -96.612919, -96.611268, -96.611276, -96.615453, -96.614388, 32.807378, 32.810857, 32.810844, 32.8112, 32.805024, 32.805059, 32.807378)))"
481130166071,0.6665763813651138,0.5633074935400517,"list(list(c(-96.885579, -96.884189, -96.878814, -96.877765, -96.877547, -96.884473, -96.885366, -96.882592, -96.881433, -96.883778, -96.885185, -96.885579, 32.654825, 32.65708, 32.654715, 32.654271, 32.654169, 32.647512, 32.647509, 32.650179, 32.651994, 32.653892, 32.654626, 32.654825)))"
481130141212,0.26332611050920907,0.25839793281653745,"list(list(c(-96.959796, -96.959194, -96.95783, -96.954983, -96.952437, -96.951184, -96.95191, -96.949403, -96.947583, -96.947933, -96.948953, -96.953433, -96.957443, -96.957265, -96.959259, -96.959345, -96.959897, -96.959796, 32.962493, 32.9637, 32.963234, 32.96358, 32.967242, 32.966436, 32.96492, 32.958511, 32.95653, 32.955525, 32.955002, 32.954425, 32.955215, 32.957718, 32.959262, 32.959355, 32.960825, 32.962493)))"
481130100021,NA,NA,"list(list(c(-96.819093, -96.818496, -96.811913, -96.811424, -96.811653, -96.811315, -96.81043, -96.80893, -96.805387, -96.802037, -96.803469, -96.804258, -96.806479, -96.807124, -96.81252, -96.81546, -96.817685, -96.822425, -96.819093, 32.781129, 32.781325, 32.782324, 32.782411, 32.781157, 32.777649, 32.771637, 32.770598, 32.769056, 32.770094, 32.768143, 32.765662, 32.762944, 32.76331, 32.765287, 32.766939, 32.770207, 32.779989, 32.781129)))"
481130161002,NA,NA,"list(list(c(-97.023037, -97.02304, -97.016639, -97.01576, -97.014438, -97.014364, -97.020131, -97.019995, -97.020055, -97.020132, -97.023108, -97.023037, 32.740719, 32.741072, 32.741901, 32.742108, 32.739249, 32.737969, 32.737965, 32.730559, 32.729902, 32.729243, 32.731937, 32.740719)))"
481130078312,0.6975622968580715,0.6253229974160206,"list(list(c(-96.753298, -96.750139, -96.74975, -96.749436, -96.750392, -96.753814, -96.753298, 32.866515, 32.866059, 32.864432, 32.863781, 32.863763, 32.864412, 32.866515)))"
481130025002,0.8539003250270856,0.8191214470284238,"list(list(c(-96.746472, -96.737389, -96.73742, -96.73749, -96.737604, -96.744471, -96.744346, -96.746477, -96.746472, 32.791497, 32.791776, 32.785524, 32.78377, 32.783003, 32.782836, 32.791003, 32.791003, 32.791497)))"
481130065012,0.8352654387865656,0.8042635658914729,"list(list(c(-96.891457, -96.889942, -96.887746, -96.887676, -96.882592, -96.882538, -96.882072, -96.891481, -96.891457, 32.730632, 32.730627, 32.731724, 32.734985, 32.734969, 32.73189, 32.728344, 32.728343, 32.730632)))"
481130129001,0.008613217768147385,0.009689922480620172,"list(list(c(-96.712518, -96.710115, -96.702362, -96.701681, -96.701257, -96.702582, -96.70423, -96.704793, -96.704092, -96.706172, -96.708394, -96.710312, -96.712518, 32.845878, 32.84789, 32.854318, 32.852936, 32.852424, 32.850741, 32.844973, 32.844627, 32.841731, 32.838455, 32.841938, 32.843312, 32.845878)))"
481130141411,0.33889490790899246,0.3133074935400517,"list(list(c(-96.952151, -96.949995, -96.948157, -96.949612, -96.949214, -96.95001, -96.952198, -96.952151, 32.94052, 32.940379, 32.939088, 32.937524, 32.934497, 32.934373, 32.934972, 32.94052)))"
481130132012,0.056608884073672816,0.04263565891472865,"list(list(c(-96.803501, -96.786466, -96.786532, -96.794684, -96.803972, -96.803501, 32.916918, 32.917101, 32.909864, 32.909441, 32.909529, 32.916918)))"
481130059021,0.7860780065005417,0.7196382428940569,"list(list(c(-96.822971, -96.814581, -96.814642, -96.817567, -96.822946, -96.822985, -96.822971, 32.70752, 32.707524, 32.700744, 32.700387, 32.700992, 32.705956, 32.70752)))"
481130108041,0.9334236186348862,0.8856589147286822,"list(list(c(-96.874974, -96.874143, -96.874075, -96.865863, -96.865907, -96.870196, -96.873086, -96.874189, -96.874974, 32.705699, 32.707245, 32.708284, 32.708328, 32.704957, 32.704937, 32.704948, 32.70537, 32.705699)))"
481130012021,0.431148429035753,0.38824289405684753,"list(list(c(-96.72949, -96.72644, -96.726271, -96.72514, -96.726356, -96.725816, -96.727413, -96.728879, -96.727923, -96.731833, -96.72949, 32.8111, 32.813057, 32.813189, 32.810955, 32.807384, 32.804378, 32.80425, 32.804288, 32.805883, 32.808839, 32.8111)))"
481130181533,0.011321776814734563,0.012273901808785515,"list(list(c(-96.599824, -96.593014, -96.591674, -96.591644, -96.58331, -96.583483, -96.586194, -96.589453, -96.590686, -96.592491, -96.593787, -96.599824, 32.96306, 32.964793, 32.96867, 32.973295, 32.973256, 32.964806, 32.964798, 32.963991, 32.963033, 32.959198, 32.957937, 32.96306)))"
481130011022,0.11966413867822323,0.12080103359173122,"list(list(c(-96.761549, -96.760114, -96.752902, -96.752871, -96.752913, -96.761534, -96.761522, -96.761549, 32.822001, 32.823092, 32.822963, 32.819074, 32.817189, 32.817194, 32.817335, 32.822001)))"
481130199002,0.8121885157096425,0.7732558139534884,"list(list(c(-96.895649, -96.891374, -96.89137, -96.887202, -96.881006, -96.880972, -96.893388, -96.893983, -96.89564, -96.895649, 32.746429, 32.746543, 32.742324, 32.742324, 32.742286, 32.739921, 32.736967, 32.744743, 32.744839, 32.746429)))"
481130178172,0.41121343445287106,0.36111111111111116,"list(list(c(-96.627843, -96.622686, -96.61463, -96.614388, -96.615453, -96.618818, -96.619332, -96.62335, -96.621354, -96.624827, -96.625865, -96.627843, 32.810378, 32.810829, 32.810857, 32.807378, 32.805059, 32.805073, 32.804918, 32.8016, 32.799904, 32.796912, 32.796914, 32.810378)))"
481130164182,0.21587215601300114,0.20801033591731266,"list(list(c(-97.036295, -97.036077, -97.035996, -97.025221, -97.024809, -97.024856, -97.024551, -97.029308, -97.036327, -97.036295, 32.693227, 32.706125, 32.711097, 32.710015, 32.709974, 32.701029, 32.691761, 32.691264, 32.691321, 32.693227)))"
481130190193,0.9200433369447454,0.8791989664082688,"list(list(c(-96.711487, -96.70693, -96.70588, -96.705765, -96.705772, -96.705004, -96.705168, -96.705763, -96.706278, -96.708704, -96.708857, -96.710849, -96.711487, 32.919327, 32.916761, 32.916604, 32.916601, 32.912963, 32.912931, 32.908847, 32.908737, 32.909098, 32.909146, 32.910316, 32.917149, 32.919327)))"
481130165112,0.8747020585048754,0.7965116279069767,"list(list(c(-96.955169, -96.953912, -96.953749, -96.953256, -96.950441, -96.944578, -96.943239, -96.942661, -96.942812, -96.943672, -96.94805, -96.952556, -96.952733, -96.956696, -96.955169, 32.627408, 32.627401, 32.627398, 32.627414, 32.627398, 32.626063, 32.626115, 32.62413, 32.61984, 32.618153, 32.619681, 32.619853, 32.620762, 32.626455, 32.627408)))"
481130181351,0.5560671722643553,0.44573643410852715,"list(list(c(-96.544225, -96.5429, -96.542875, -96.540763, -96.540336, -96.536914, -96.531437, -96.531228, -96.526866, -96.52358, -96.518304, -96.518324, -96.518402, -96.522661, -96.533715, -96.540754, -96.543449, -96.544225, 32.886502, 32.891597, 32.891696, 32.891678, 32.891678, 32.891657, 32.891637, 32.887773, 32.883377, 32.881261, 32.881009, 32.879534, 32.876468, 32.874512, 32.869756, 32.872498, 32.877122, 32.886502)))"
481130063013,0.6823401950162513,0.6543927648578811,"list(list(c(-96.857113, -96.857085, -96.849198, -96.848622, -96.848662, -96.848573, -96.848629, -96.85701, -96.857183, -96.857113, 32.716808, 32.720221, 32.720208, 32.720281, 32.714542, 32.713005, 32.70583, 32.705812, 32.70581, 32.716808)))"
481130181451,0.022535211267605604,0.02454780361757103,"list(list(c(-96.569597, -96.569437, -96.56119, -96.557835, -96.556699, -96.557579, -96.563066, -96.565884, -96.569643, -96.569597, 32.893859, 32.893857, 32.89369, 32.892159, 32.89185, 32.886133, 32.88157, 32.883463, 32.883009, 32.893859)))"
481130093031,0.8812567713976165,0.8753229974160207,"list(list(c(-96.71769, -96.709003, -96.709007, -96.717763, -96.71769, 32.727088, 32.727065, 32.719724, 32.719792, 32.727088)))"
481130130081,0.09079089924160344,0.10658914728682167,"list(list(c(-96.730645, -96.729514, -96.726092, -96.721868, -96.720929, -96.717887, -96.71791, -96.717922, -96.717936, -96.721898, -96.730599, -96.731089, -96.730645, 32.888016, 32.889255, 32.891044, 32.894548, 32.895072, 32.896138, 32.893017, 32.892528, 32.886007, 32.886411, 32.886066, 32.886032, 32.888016)))"
481130123021,0.9598049837486458,0.9412144702842378,"list(list(c(-96.684314, -96.680989, -96.676967, -96.6736, -96.673547, -96.682749, -96.682889, -96.683842, -96.684314, 32.812445, 32.812783, 32.809828, 32.809344, 32.807094, 32.807137, 32.807573, 32.809288, 32.812445)))"
481130131011,0.25368364030335866,0.2280361757105943,"list(list(c(-96.788324, -96.774825, -96.769158, -96.769197, -96.769464, -96.7709, -96.775118, -96.77962, -96.78264, -96.787861, -96.788324, 32.89961, 32.901076, 32.901775, 32.898713, 32.898724, 32.898646, 32.896628, 32.894995, 32.894755, 32.894824, 32.89961)))"
481130144102,0.404442036836403,0.375968992248062,"list(list(c(-97.016697, -97.01669, -97.009553, -97.009559, -97.012999, -97.013244, -97.01736, -97.016697, 32.829826, 32.837108, 32.837103, 32.836022, 32.836191, 32.824512, 32.823972, 32.829826)))"
481130138071,0.09821235102925241,0.09883720930232553,"list(list(c(-96.868369, -96.86733, -96.867192, -96.86451, -96.862968, -96.862962, -96.859067, -96.855937, -96.855929, -96.855951, -96.855989, -96.864502, -96.864909, -96.868385, -96.868369, 32.926043, 32.928172, 32.931178, 32.931188, 32.931151, 32.932159, 32.933844, 32.933678, 32.933543, 32.925323, 32.924231, 32.924346, 32.924369, 32.924332, 32.926043)))"
481130072042,0.9859696641386783,0.9922480620155039,"list(list(c(-96.878059, -96.874591, -96.872867, -96.870011, -96.867832, -96.865705, -96.864828, -96.869015, -96.871361, -96.873075, -96.873776, -96.875409, -96.877767, -96.878059, 32.859809, 32.86251, 32.863481, 32.860982, 32.859088, 32.857188, 32.855945, 32.855195, 32.856163, 32.857556, 32.857932, 32.858373, 32.858362, 32.859809)))"
481130078253,0.4596424702058505,0.4431524547803618,"list(list(c(-96.728503, -96.724448, -96.728344, -96.728776, -96.728503, 32.894568, 32.894588, 32.89137, 32.89224, 32.894568)))"
481130136262,0.3854279523293608,0.3456072351421189,"list(list(c(-96.822086, -96.817927, -96.814031, -96.813714, -96.818059, -96.818074, -96.82211, -96.822086, 32.939495, 32.939413, 32.939414, 32.936159, 32.936115, 32.932924, 32.932907, 32.939495)))"
481130178143,0.7836403033586132,0.686046511627907,"list(list(c(-96.612248, -96.611857, -96.611885, -96.610644, -96.602634, -96.598108, -96.59591, -96.595897, -96.60135, -96.606798, -96.612085, -96.612238, -96.612248, 32.792983, 32.795888, 32.797303, 32.797659, 32.797673, 32.797663, 32.797638, 32.790419, 32.791423, 32.792461, 32.792524, 32.792701, 32.792983)))"
481130009021,0.9307692307692308,0.8959948320413437,"list(list(c(-96.779295, -96.778193, -96.778034, -96.774247, -96.7763, -96.778471, -96.779295, 32.80876, 32.80962, 32.811143, 32.807884, 32.806176, 32.808072, 32.80876)))"
481130096041,0.23569880823401945,0.21253229974160204,"list(list(c(-96.818827, -96.813455, -96.811249, -96.811621, -96.811603, -96.810532, -96.814644, -96.818827, 32.921478, 32.92257, 32.922589, 32.918771, 32.911189, 32.90956, 32.909585, 32.921478)))"
481130170101,0.882827735644637,0.8016795865633075,"list(list(c(-96.602337, -96.588607, -96.580894, -96.578747, -96.577445, -96.573162, -96.581042, -96.579825, -96.588365, -96.595371, -96.602337, 32.676346, 32.687701, 32.680953, 32.67763, 32.676462, 32.672732, 32.666499, 32.665725, 32.669781, 32.673065, 32.676346)))"
481130170091,0.8730227518959913,0.797157622739018,"list(list(c(-96.579447, -96.572439, -96.564794, -96.570203, -96.571549, -96.57598, -96.576867, -96.581717, -96.579447, 32.695146, 32.700873, 32.694419, 32.69039, 32.691285, 32.687645, 32.68901, 32.693264, 32.695146)))"
481130190282,0.7218851570964246,0.5813953488372092,"list(list(c(-96.682613, -96.682528, -96.675539, -96.673863, -96.67388, -96.682631, -96.682613, 32.953087, 32.960687, 32.960759, 32.960704, 32.951464, 32.951468, 32.953087)))"
481130181411,0.3600216684723727,0.32170542635658916,"list(list(c(-96.552204, -96.544377, -96.537668, -96.533715, -96.522661, -96.518402, -96.518513, -96.518547, -96.518656, -96.542676, -96.544882, -96.547642, -96.549087, -96.552204, 32.858421, 32.864579, 32.867998, 32.869756, 32.874512, 32.876468, 32.875957, 32.867224, 32.856686, 32.856427, 32.856182, 32.857897, 32.858668, 32.858421), c(-96.546369, -96.542796, -96.539535, -96.538853, -96.540358, -96.541692, -96.54516, -96.546369, 32.858493, 32.858224, 32.858564, 32.860318, 32.861621, 32.862826, 32.860591, 
32.858493)))"
481130181441,0.06874322860238358,0.07622739018087854,"list(list(c(-96.533588, -96.532977, -96.53233, -96.526522, -96.526393, -96.521323, -96.521205, -96.521193, -96.521243, -96.521379, -96.521639, -96.523098, -96.529666, -96.534469, -96.533588, 32.938167, 32.941851, 32.942608, 32.94634, 32.946013, 32.941251, 32.940803, 32.940626, 32.940188, 32.939825, 32.939465, 32.938174, 32.932823, 32.937038, 32.938167)))"
481130108081,0.8840736728060672,0.8049095607235142,"list(list(c(-96.908574, -96.900085, -96.90007, -96.90852, -96.908574, 32.72054, 32.720489, 32.713799, 32.713754, 32.72054)))"
481130190442,0.5971289274106175,0.50322997416020665,"list(list(c(-96.692114, -96.69206, -96.683068, -96.683209, -96.683189, -96.683179, -96.692611, -96.692114, 32.927926, 32.931189, 32.931078, 32.930495, 32.926904, 32.923887, 32.923951, 32.927926)))"
481130190262,0.5963163596966414,0.522609819121447,"list(list(c(-96.635063, -96.633129, -96.632677, -96.630081, -96.626319, -96.630783, -96.631221, -96.635515, -96.635063, 32.940258, 32.941813, 32.941437, 32.940776, 32.936933, 32.93345, 32.935305, 32.939359, 32.940258)))"
481130077023,0.04035752979414953,0.03811369509043927,"list(list(c(-96.80404, -96.803938, -96.793218, -96.786662, -96.786727, -96.792185, -96.795386, -96.795462, -96.804172, -96.80404, 32.880114, 32.880112, 32.879867, 32.880032, 32.873466, 32.873497, 32.873405, 32.868459, 32.868493, 32.880114)))"
481130182051,0.9778981581798483,0.9812661498708011,"list(list(c(-96.622354, -96.622171, -96.615678, -96.612456, -96.611592, -96.621562, -96.623157, -96.622354, 32.881003, 32.887228, 32.886709, 32.887784, 32.886853, 32.878839, 32.880209, 32.881003)))"
481130122081,0.9669555796316359,0.9689922480620154,"list(list(c(-96.728648, -96.726605, -96.726053, -96.727604, -96.726726, -96.725211, -96.726051, -96.725, -96.725816, -96.720914, -96.718848, -96.7179, -96.713967, -96.72023, -96.72192, -96.723199, -96.729142, -96.728648, 32.796812, 32.79663, 32.798505, 32.79874, 32.800741, 32.801088, 32.803131, 32.803645, 32.804378, 32.805049, 32.80601, 32.805264, 32.801886, 32.796722, 32.798235, 32.798217, 32.792958, 32.796812)))"
481130010012,0.023185265438786518,0.010981912144702788,"list(list(c(-96.784731, -96.774721, -96.774721, -96.784665, -96.785714, -96.784731, 32.823513, 32.82349, 32.82023, 32.820211, 32.821806, 32.823513)))"
481130181281,0.7009750812567714,0.5426356589147288,"list(list(c(-96.616019, -96.615985, -96.606324, -96.60571, -96.603887, -96.602438, -96.610131, -96.610596, -96.612206, -96.612899, -96.615765, -96.616314, -96.616019, 32.856566, 32.856598, 32.864258, 32.864922, 32.863341, 32.857567, 32.851311, 32.851056, 32.850871, 32.852165, 32.854871, 32.855488, 32.856566)))"
481130097011,0.4126218851570964,0.4024547803617571,"list(list(c(-96.880761, -96.870345, -96.870362, -96.870488, -96.877063, -96.877493, -96.880645, -96.880761, 32.895265, 32.895256, 32.887799, 32.887799, 32.887861, 32.890524, 32.893321, 32.895265)))"
481130127011,0.7769230769230769,0.6815245478036176,"list(list(c(-96.674274, -96.670817, -96.669187, -96.668545, -96.668053, -96.665625, -96.665708, -96.665917, -96.665948, -96.672852, -96.679986, -96.674274, 32.859144, 32.864051, 32.866544, 32.867417, 32.868126, 32.866614, 32.865777, 32.85241, 32.850648, 32.850631, 32.850693, 32.859144)))"
481130130113,0.8265980498374865,0.727390180878553,"list(list(c(-96.700556, -96.700461, -96.70047, -96.691663, -96.6881, -96.687922, -96.689481, -96.690848, -96.69144, -96.691811, -96.693844, -96.69398, -96.694262, -96.69428, -96.700546, -96.700552, -96.700556, 32.881155, 32.884529, 32.885888, 32.880956, 32.878805, 32.878689, 32.878681, 32.878673, 32.874463, 32.874601, 32.874177, 32.875511, 32.876206, 32.878687, 32.878858, 32.878957, 32.881155)))"
481130143081,0.8814734561213434,0.795219638242894,"list(list(c(-96.959072, -96.95906, -96.958293, -96.950348, -96.950467, -96.951295, -96.952241, -96.959085, -96.959072, 32.846469, 32.849037, 32.849876, 32.849893, 32.845956, 32.844316, 32.844209, 32.844223, 32.846469)))"
481130140011,0.7288732394366197,0.6298449612403101,"list(list(c(-96.900125, -96.896878, -96.890901, -96.886266, -96.881713, -96.881548, -96.881637, -96.881655, -96.881551, -96.881765, -96.890856, -96.892207, -96.898114, -96.89807, -96.898322, -96.898624, -96.900125, 32.922838, 32.923941, 32.924025, 32.924563, 32.924518, 32.924517, 32.9152, 32.913677, 32.9112, 32.911158, 32.909095, 32.908842, 32.908161, 32.914393, 32.916812, 32.917952, 32.922838)))"
481130056002,0.9510834236186348,0.958656330749354,"list(list(c(-96.822958, -96.813314, -96.811505, -96.80817, -96.814581, -96.822971, -96.822958, 32.71316, 32.7132, 32.713178, 32.707517, 32.707524, 32.70752, 32.71316)))"
481130003002,0.0405200433369447,0.05490956072351416,"list(list(c(-96.78599, -96.785069, -96.783837, -96.781919, -96.781274, -96.774688, -96.774721, -96.784731, -96.785714, -96.78609, -96.78599, 32.822262, 32.823933, 32.826828, 32.830007, 32.829904, 32.829914, 32.82349, 32.823513, 32.821806, 32.822077, 32.822262)))"
481130078153,0.8619718309859155,0.7861757105943152,"list(list(c(-96.759953, -96.759856, -96.759271, -96.758375, -96.758116, -96.757306, -96.756688, -96.756548, -96.756006, -96.755466, -96.754834, -96.754399, -96.753378, -96.752574, -96.752711, -96.752176, -96.752233, -96.753198, -96.754448, -96.75419, -96.75095, -96.748962, -96.754727, -96.756701, -96.759389, -96.759962, -96.759953, 32.880353, 32.881695, 32.883367, 32.885596, 32.886248, 32.88815, 32.889043, 32.88899, 32.889027, 32.88965, 32.8902, 32.889201, 32.889051, 32.888469, 32.887712, 32.887107, 
32.885508, 32.884219, 32.883727, 32.883246, 32.880674, 32.880411, 32.875639, 32.877405, 32.879633, 32.879728, 32.880353)))"
481130019021,0.004929577464788726,0.003875968992248069,"list(list(c(-96.809525, -96.807608, -96.807684, -96.805313, -96.808021, -96.808883, -96.808965, -96.808966, -96.808951, -96.808675, -96.808675, -96.809525, 32.790738, 32.792299, 32.790107, 32.786817, 32.784208, 32.783307, 32.784231, 32.784391, 32.784644, 32.786749, 32.7872, 32.790738)))"
481130150012,0.890032502708559,0.849483204134367,"list(list(c(-96.929947, -96.928801, -96.925641, -96.925626, -96.92165, -96.921824, -96.924477, -96.925694, -96.926321, -96.929882, -96.929947, 32.808563, 32.808566, 32.807854, 32.808469, 32.808424, 32.801214, 32.801205, 32.801024, 32.800942, 32.800958, 32.808563)))"
481130098031,0.8041170097508126,0.7241602067183462,"list(list(c(-96.883566, -96.877001, -96.865705, -96.864583, -96.864618, -96.86461, -96.865927, -96.867604, -96.871405, -96.876173, -96.87535, -96.875377, -96.879289, -96.880307, -96.883566, 32.880934, 32.880909, 32.880792, 32.878691, 32.876047, 32.875103, 32.875241, 32.875694, 32.875774, 32.875867, 32.873372, 32.866434, 32.8664, 32.870427, 32.880934)))"
481130203002,0.733477789815818,0.646640826873385,"list(list(c(-96.776032, -96.772691, -96.771103, -96.76873, -96.76842, -96.765535, -96.76743, -96.767388, -96.767096, -96.765105, -96.758635, -96.759957, -96.762075, -96.763143, -96.761644, -96.765236, -96.774969, -96.776032, 32.776075, 32.780853, 32.78147, 32.784604, 32.784518, 32.783786, 32.779947, 32.77886, 32.778464, 32.777326, 32.771337, 32.770248, 32.771835, 32.770823, 32.769489, 32.766351, 32.77465, 32.776075)))"
481130190192,0.3071505958829902,0.2900516795865633,"list(list(c(-96.718241, -96.717799, -96.717805, -96.717791, -96.711483, -96.710849, -96.708857, -96.708704, -96.711774, -96.714495, -96.715974, -96.717888, -96.718241, 32.910764, 32.914221, 32.91632, 32.916803, 32.916798, 32.917149, 32.910316, 32.909146, 32.909176, 32.909192, 32.909515, 32.909548, 32.910764)))"
481130079101,0.3828819068255688,0.3133074935400517,"list(list(c(-96.765368, -96.763601, -96.762029, -96.760827, -96.762113, -96.764387, -96.765172, -96.765368, 32.856111, 32.856094, 32.855928, 32.855801, 32.853678, 32.853487, 32.85497, 32.856111)))"
481130045001,0.6887865655471289,0.6408268733850129,"list(list(c(-96.874012, -96.872128, -96.870009, -96.870272, -96.869688, -96.869329, -96.86889, -96.86884, -96.874216, -96.874012, 32.743554, 32.744551, 32.74437, 32.743479, 32.741241, 32.740817, 32.739963, 32.734386, 32.734389, 32.743554)))"
481130181572,0.3470205850487541,0.32751937984496127,"list(list(c(-96.589971, -96.586069, -96.578727, -96.580011, -96.584652, -96.590145, -96.589971, 32.922297, 32.928607, 32.922248, 32.921439, 32.921445, 32.920022, 32.922297)))"
481130004051,0.2092091007583965,0.22093023255813948,"list(list(c(-96.82266, -96.821572, -96.817639, -96.817545, -96.818088, -96.818125, -96.817901, -96.821971, -96.82266, 32.811517, 32.812503, 32.816142, 32.816057, 32.811253, 32.809435, 32.807594, 32.81093, 32.811517)))"
481130142071,0.23970747562296857,0.2390180878552972,"list(list(c(-96.948849, -96.94629, -96.941441, -96.933257, -96.932729, -96.932867, -96.935798, -96.939919, -96.940852, -96.941893, -96.943564, -96.945674, -96.946459, -96.947441, -96.948, -96.948757, -96.948849, 32.882555, 32.881278, 32.879094, 32.874517, 32.874194, 32.870836, 32.87016, 32.869784, 32.869522, 32.86911, 32.868029, 32.871179, 32.877015, 32.879624, 32.880446, 32.881334, 32.882555)))"
481130141601,0.41430119176598046,0.3591731266149871,"list(list(c(-97.004229, -97.002659, -97.004583, -97.004446, -97.004429, -97.004403, -97.004251, -97.004087, -97.003813, -96.998209, -96.994865, -96.994767, -96.991498, -96.991706, -96.991691, -96.995445, -96.996498, -96.998299, -96.999083, -97.005088, -97.004229, 32.870016, 32.873928, 32.873939, 32.875062, 32.877921, 32.87935, 32.880094, 32.880567, 32.881009, 32.887423, 32.884157, 32.882411, 32.880876, 32.8684, 32.865302, 32.865657, 32.865617, 32.865371, 32.865408, 32.866276, 32.870016)))"
481130166312,0.049620801733477826,0.057493540051679615,"list(list(c(-96.908251, -96.89119, -96.891143, -96.899695, -96.908251, -96.908251, 32.589815, 32.589782, 32.575339, 32.575367, 32.575356, 32.589815)))"
481130190451,0.9252979414951246,0.8746770025839793,"list(list(c(-96.705879, -96.705849, -96.702078, -96.700149, -96.700248, -96.700248, -96.70039, -96.705765, -96.70588, -96.705879, 32.916708, 32.921613, 32.921549, 32.921083, 32.91664, 32.916558, 32.916562, 32.916601, 32.916604, 32.916708)))"
481130125021,0.6009209100758397,0.520671834625323,"list(list(c(-96.672464, -96.671584, -96.664759, -96.661301, -96.659346, -96.658996, -96.660478, -96.668118, -96.673348, -96.672464, 32.835818, 32.836665, 32.842472, 32.838314, 32.834941, 32.834383, 32.834754, 32.83475, 32.834749, 32.835818)))"
481130210002,0.7785482123510292,0.6950904392764858,"list(list(c(-96.812478, -96.810303, -96.799498, -96.798462, -96.798622, -96.798996, -96.805423, -96.811358, -96.811983, -96.812282, -96.812478, 32.741093, 32.742577, 32.74756, 32.740001, 32.739061, 32.7391, 32.739116, 32.739134, 32.739113, 32.739772, 32.741093)))"
481130192101,0.09631635969664143,0.13436692506459946,"list(list(c(-96.73798, -96.728059, -96.719152, -96.717047, -96.711528, -96.716221, -96.729385, -96.73798, 32.986045, 32.985913, 32.985792, 32.985765, 32.985689, 32.975527, 32.975533, 32.986045)))"
481130078271,0.6577464788732394,0.5568475452196382,"list(list(c(-96.733013, -96.731918, -96.728344, -96.724448, -96.721868, -96.726092, -96.729514, -96.730645, -96.731089, -96.733541, -96.733013, 32.887369, 32.888786, 32.89137, 32.894588, 32.894548, 32.891044, 32.889255, 32.888016, 32.886032, 32.885932, 32.887369)))"
481130079023,0.0069339111592632285,0.008397932816537446,"list(list(c(-96.752944, -96.752947, -96.743252, -96.741643, -96.740628, -96.739355, -96.745306, -96.745859, -96.747947, -96.752983, -96.752944, 32.842466, 32.843665, 32.845954, 32.84651, 32.847042, 32.844105, 32.839142, 32.838668, 32.837044, 32.836421, 32.842466)))"
481130084021,0.6141386782231852,0.5594315245478036,"list(list(c(-96.718614, -96.716467, -96.712876, -96.70898, -96.705194, -96.700053, -96.70007, -96.708097, -96.709279, -96.717583, -96.717763, -96.718614, 32.780994, 32.782912, 32.779818, 32.779331, 32.778081, 32.778036, 32.772633, 32.774077, 32.774316, 32.777049, 32.780031, 32.780994)))"
481130185062,0.7257854821235104,0.6317829457364341,"list(list(c(-96.713665, -96.712409, -96.708645, -96.709846, -96.71186, -96.713191, -96.713665, 32.90363, 32.904718, 32.907804, 32.901985, 32.901928, 32.902631, 32.90363)))"
481130165262,0.811430119176598,0.7758397932816538,"list(list(c(-96.955054, -96.95355, -96.951882, -96.950901, -96.947107, -96.947089, -96.947989, -96.948095, -96.951889, -96.954296, -96.955054, 32.64202, 32.64264, 32.646244, 32.646963, 32.64721, 32.645722, 32.643659, 32.639985, 32.636296, 32.638391, 32.64202)))"
481130079141,0.359750812567714,0.3294573643410853,"list(list(c(-96.769994, -96.765156, -96.765309, -96.761399, -96.76136, -96.769639, -96.769994, 32.84312, 32.842965, 32.843958, 32.844344, 32.841787, 32.839916, 32.84312)))"
481130079025,0.053737811484290354,0.08979328165374678,"list(list(c(-96.752877, -96.750826, -96.748757, -96.741643, -96.743252, -96.752947, -96.752877, 32.850867, 32.851035, 32.852503, 32.84651, 32.845954, 32.843665, 32.850867)))"
481130078103,0.5801191765980498,0.4825581395348837,"list(list(c(-96.746977, -96.745937, -96.745096, -96.744001, -96.743481, -96.735529, -96.7357, -96.737861, -96.737952, -96.738513, -96.738494, -96.739578, -96.747612, -96.746977, 32.909245, 32.911913, 32.91368, 32.915852, 32.916742, 32.911544, 32.907983, 32.906188, 32.904404, 32.904418, 32.90608, 32.907204, 32.907438, 32.909245)))"
481130185051,0.9400325027085591,0.91343669250646,"list(list(c(-96.713213, -96.711774, -96.708704, -96.706278, -96.705763, -96.708094, -96.708645, -96.712409, -96.713213, 32.906305, 32.909176, 32.909146, 32.909098, 32.908737, 32.908103, 32.907804, 32.904718, 32.906305)))"
481130127012,0.9706933911159263,0.9528423772609819,"list(list(c(-96.672852, -96.665948, -96.665809, -96.66553, -96.666298, -96.67307, -96.672852, 32.850631, 32.850648, 32.843487, 32.843062, 32.842792, 32.843063, 32.850631)))"
481130069002,0.7324485373781149,0.5943152454780362,"list(list(c(-96.87242, -96.872493, -96.867591, -96.867083, -96.867122, -96.872848, -96.87242, 32.763956, 32.764201, 32.764085, 32.761854, 32.759743, 32.759759, 32.763956)))"
481130165192,0.3938786565547129,0.3591731266149871,"list(list(c(-96.943226, -96.932839, -96.932956, -96.932028, -96.932759, -96.933878, -96.933858, -96.942971, -96.943237, -96.943226, 32.662227, 32.66238, 32.65955, 32.658628, 32.654581, 32.652409, 32.647302, 32.647244, 32.659233, 32.662227)))"
481130078331,0.8832069339111592,0.8468992248062015,"list(list(c(-96.751638, -96.748127, -96.745926, -96.747852, -96.749116, -96.749436, -96.74975, -96.750139, -96.751638, 32.869722, 32.869038, 32.864047, 32.863428, 32.863014, 32.863781, 32.864432, 32.866059, 32.869722)))"
481130165331,NA,NA,"list(list(c(-96.924855, -96.922054, -96.917714, -96.916685, -96.916056, -96.916644, -96.915994, -96.911149, -96.908707, -96.908762, -96.908679, -96.911509, -96.916039, -96.916115, -96.918232, -96.917979, -96.922953, -96.925663, -96.924855, 32.708146, 32.709957, 32.711776, 32.712767, 32.719276, 32.720523, 32.720523, 32.713909, 32.71115, 32.705736, 32.691224, 32.691151, 32.691139, 32.698369, 32.700459, 32.705764, 32.705816, 32.706147, 32.708146)))"
481130128012,0.3255146262188515,0.33720930232558144,"list(list(c(-96.687275, -96.683219, -96.678918, -96.674341, -96.670817, -96.674274, -96.674942, -96.683186, -96.685801, -96.687295, -96.687275, 32.864159, 32.864142, 32.864145, 32.864032, 32.864051, 32.859144, 32.85991, 32.860024, 32.858528, 32.85803, 32.864159)))"
481130003003,0.04891657638136515,0.028423772609819098,"list(list(c(-96.781068, -96.779207, -96.778643, -96.776459, -96.772847, -96.770083, -96.770095, -96.773823, -96.774054, -96.779763, -96.780385, -96.780948, -96.781068, 32.836582, 32.836593, 32.836585, 32.836588, 32.839036, 32.839785, 32.836512, 32.836564, 32.83363, 32.833636, 32.833208, 32.832754, 32.836582)))"
481130181462,0.004983748645720487,0.0051679586563307955,"list(list(c(-96.592367, -96.585011, -96.586207, -96.585573, -96.582368, -96.579545, -96.577481, -96.569643, -96.569664, -96.570774, -96.571433, -96.58507, -96.589171, -96.590416, -96.590859, -96.592367, 32.894002, 32.893908, 32.893312, 32.889924, 32.887993, 32.887003, 32.883574, 32.883009, 32.875233, 32.871464, 32.869104, 32.882123, 32.885525, 32.8892, 32.890628, 32.894002)))"
481130181401,0.5375947995666306,0.436046511627907,"list(list(c(-96.578727, -96.561947, -96.550098, -96.551542, -96.555223, -96.555882, -96.555665, -96.55617, -96.559857, -96.564236, -96.56438, -96.570615, -96.573577, -96.578727, 32.922248, 32.935639, 32.925044, 32.924822, 32.924143, 32.9232, 32.915514, 32.912734, 32.912737, 32.914152, 32.914855, 32.92005, 32.917757, 32.922248)))"
481130078121,0.1329902491874323,0.15568475452196384,"list(list(c(-96.752772, -96.751583, -96.750803, -96.74952, -96.746896, -96.74558, -96.738351, -96.739457, -96.740882, -96.744385, -96.751517, -96.753412, -96.752772, 32.894568, 32.896012, 32.90073, 32.902693, 32.900864, 32.900484, 32.900415, 32.896186, 32.893166, 32.893906, 32.893307, 32.893662, 32.894568)))"
481130162031,0.7635969664138678,0.7164082687338501,"list(list(c(-97.015374, -97.012161, -97.012176, -97.015439, -97.015374, 32.71341, 32.713396, 32.70963, 32.709663, 32.71341)))"
481130060023,0.897020585048754,0.8572351421188631,"list(list(c(-96.835589, -96.831884, -96.831367, -96.829937, -96.829768, -96.829617, -96.829824, -96.828565, -96.827307, -96.827231, -96.824829, -96.824225, -96.826066, -96.827521, -96.830361, -96.831508, -96.833972, -96.835589, 32.70118, 32.705136, 32.705136, 32.707525, 32.707992, 32.709269, 32.711175, 32.707397, 32.705716, 32.705622, 32.702182, 32.700991, 32.700775, 32.698636, 32.698652, 32.697778, 32.697828, 32.70118)))"
481130137292,0.8094257854821235,0.7093023255813953,"list(list(c(-96.900618, -96.900581, -96.899073, -96.89845, -96.890438, -96.890454, -96.890569, -96.890605, -96.892379, -96.897766, -96.900705, -96.900618, 32.939158, 32.942532, 32.943081, 32.943935, 32.944135, 32.943196, 32.939084, 32.938359, 32.93867, 32.938708, 32.938712, 32.939158)))"
481130190482,0.8294691224268689,0.7887596899224807,"list(list(c(-96.657204, -96.657199, -96.657102, -96.64835, -96.648319, -96.648319, -96.649566, -96.657204, -96.657204, 32.93077, 32.937348, 32.938245, 32.93824, 32.931171, 32.931024, 32.930639, 32.930573, 32.93077)))"
481130117012,0.9168472372697725,0.8804909560723514,"list(list(c(-96.657038, -96.648634, -96.648677, -96.648747, -96.648723, -96.657109, -96.657038, 32.708736, 32.708674, 32.704998, 32.69999, 32.699472, 32.701881, 32.708736)))"
481130098023,0.9251895991332612,0.9127906976744186,"list(list(c(-96.86201, -96.86113, -96.860482, -96.857058, -96.856235, -96.856217, -96.856174, -96.855192, -96.857355, -96.862416, -96.86201, 32.865239, 32.868158, 32.875127, 32.87505, 32.874938, 32.867341, 32.862931, 32.860971, 32.86036, 32.864882, 32.865239)))"
481130190292,0.47697724810400866,0.4308785529715762,"list(list(c(-96.673564, -96.668297, -96.665491, -96.665306, -96.673189, -96.673576, -96.673564, 32.951479, 32.951483, 32.9515, 32.94471, 32.944871, 32.94587, 32.951479)))"
481130109043,0.6373239436619718,0.5090439276485788,"list(list(c(-96.881624, -96.881539, -96.881616, -96.882698, -96.882697, -96.879821, -96.878111, -96.871709, -96.8704, -96.862036, -96.870165, -96.877365, -96.877765, -96.878814, -96.884189, -96.881624, 32.661399, 32.661948, 32.670287, 32.672665, 32.676701, 32.676603, 32.675904, 32.671677, 32.67125, 32.671179, 32.662049, 32.654652, 32.654271, 32.654715, 32.65708, 32.661399)))"
481130136172,0.15866738894907906,0.14987080103359174,"list(list(c(-96.804015, -96.80343, -96.793816, -96.784005, -96.785793, -96.785752, -96.78742, -96.788981, -96.790516, -96.796128, -96.797929, -96.802228, -96.804417, -96.804015, 32.985538, 32.986914, 32.986791, 32.986659, 32.98388, 32.979279, 32.979097, 32.97923, 32.979338, 32.978347, 32.979045, 32.983283, 32.98348, 32.985538)))"
481130078053,0.6504875406283857,0.5755813953488372,"list(list(c(-96.757718, -96.756734, -96.74859, -96.749247, -96.74952, -96.750803, -96.751583, -96.752772, -96.754899, -96.756828, -96.757718, 32.901543, 32.904876, 32.904818, 32.903101, 32.902693, 32.90073, 32.896012, 32.894568, 32.89507, 32.896102, 32.901543)))"
481130165351,0.27085590465872156,0.24806201550387597,"list(list(c(-96.92576, -96.90862, -96.90863, -96.908536, -96.919225, -96.925634, -96.92576, 32.676475, 32.676445, 32.675606, 32.665388, 32.667535, 32.669731, 32.676475)))"
481130080002,0.002762730227518939,0.0025839793281653423,"list(list(c(-96.745306, -96.739355, -96.732674, -96.732203, -96.732661, -96.732853, -96.738433, -96.739895, -96.74062, -96.74184, -96.742558, -96.745306, 32.839142, 32.844105, 32.828913, 32.827264, 32.827137, 32.828364, 32.833437, 32.834819, 32.835237, 32.836257, 32.83682, 32.839142)))"
481130117013,0.894907908992416,0.8766149870801033,"list(list(c(-96.682916, -96.675124, -96.674259, -96.668114, -96.665418, -96.66551, -96.660568, -96.658633, -96.657038, -96.657109, -96.665664, -96.670853, -96.682907, -96.682916, 32.719704, 32.719683, 32.719618, 32.719667, 32.719662, 32.714795, 32.709666, 32.708833, 32.708736, 32.701881, 32.703807, 32.708104, 32.716872, 32.719704)))"
481130116032,0.9186890574214518,0.9244186046511628,"list(list(c(-96.683106, -96.67922, -96.678541, -96.678447, -96.667629, -96.6675, -96.665104, -96.659741, -96.657579, -96.657164, -96.671955, -96.676714, -96.677548, -96.677742, -96.678526, -96.678638, -96.679081, -96.679722, -96.681461, -96.682639, -96.683003, -96.683106, 32.705088, 32.705109, 32.702288, 32.698017, 32.697888, 32.691167, 32.688597, 32.687868, 32.686937, 32.683074, 32.67991, 32.679387, 32.680445, 32.689217, 32.690415, 32.694118, 32.695321, 32.695801, 32.696232, 32.697072, 32.698005, 
32.705088)))"
481130064022,0.7140303358613218,0.6679586563307494,"list(list(c(-96.874216, -96.86884, -96.868851, -96.868985, -96.869722, -96.874248, -96.874216, 32.734389, 32.734386, 32.728962, 32.720656, 32.720391, 32.720405, 32.734389)))"
481130181413,0.8362405200433369,0.7260981912144703,"list(list(c(-96.54516, -96.541692, -96.540358, -96.538853, -96.539535, -96.542796, -96.546369, -96.54516, 32.860591, 32.862826, 32.861621, 32.860318, 32.858564, 32.858224, 32.858493, 32.860591)))"
481130096031,0.0872156013001083,0.06653746770025837,"list(list(c(-96.838276, -96.838247, -96.834958, -96.829502, -96.829632, -96.838331, -96.838276, 32.918059, 32.921659, 32.922325, 32.922427, 32.909627, 32.909621, 32.918059)))"
481130152062,0.8778981581798483,0.812015503875969,"list(list(c(-96.970801, -96.969735, -96.966322, -96.963275, -96.959993, -96.959511, -96.959192, -96.962046, -96.963659, -96.968474, -96.970852, -96.970801, 32.809638, 32.809659, 32.809569, 32.808664, 32.808655, 32.807564, 32.80115, 32.801115, 32.801845, 32.801881, 32.801304, 32.809638)))"
481130172032,0.9584507042253521,0.9321705426356589,"list(list(c(-96.616591, -96.615013, -96.612416, -96.612207, -96.609589, -96.604731, -96.601352, -96.602211, -96.601491, -96.602562, -96.602561, -96.603292, -96.60498, -96.605444, -96.612671, -96.614064, -96.615786, -96.616591, 32.719347, 32.724717, 32.733368, 32.735073, 32.737102, 32.739142, 32.741883, 32.740608, 32.735343, 32.727142, 32.726886, 32.723523, 32.721203, 32.719347, 32.719363, 32.719453, 32.719347, 32.719347)))"
481130018011,0.39794149512459376,0.39599483204134367,"list(list(c(-96.802528, -96.800232, -96.800999, -96.800828, -96.801701, -96.803935, -96.802528, 32.804093, 32.802994, 32.801716, 32.799995, 32.799675, 32.801962, 32.804093)))"
481130176062,0.6887323943661972,0.5846253229974161,"list(list(c(-96.631143, -96.629431, -96.629703, -96.628913, -96.624621, -96.622844, -96.622473, -96.622541, -96.629452, -96.63117, -96.631143, 32.761747, 32.765093, 32.766741, 32.766973, 32.767854, 32.767754, 32.766333, 32.752347, 32.752359, 32.752357, 32.761747)))"
481130152052,0.6225893824485373,0.5781653746770026,"list(list(c(-96.976448, -96.971168, -96.970757, -96.969735, -96.970801, -96.976536, -96.976448, 32.815539, 32.81544, 32.810214, 32.809659, 32.809638, 32.809621, 32.815539)))"
481130181111,0.35460455037919825,0.31007751937984496,"list(list(c(-96.625801, -96.62142, -96.618683, -96.616199, -96.614225, -96.62026, -96.621654, -96.625801, 32.866163, 32.869892, 32.868585, 32.868011, 32.865911, 32.860825, 32.861663, 32.866163)))"
481130143182,0.47253521126760567,0.3636950904392765,"list(list(c(-96.96795, -96.961419, -96.960815, -96.959059, -96.95906, -96.959072, -96.965303, -96.965301, -96.968185, -96.96795, 32.851187, 32.851083, 32.849601, 32.849676, 32.849037, 32.846469, 32.846545, 32.847994, 32.848919, 32.851187)))"
481130166073,0.926489707475623,0.9037467700258398,"list(list(c(-96.887174, -96.885706, -96.885579, -96.885185, -96.883778, -96.881433, -96.882592, -96.885366, -96.887465, -96.887174, 32.65188, 32.654615, 32.654825, 32.654626, 32.653892, 32.651994, 32.650179, 32.647509, 32.647454, 32.65188)))"
481130190392,0.6009750812567713,0.5342377260981912,"list(list(c(-96.714043, -96.710596, -96.69988, -96.700005, -96.700005, -96.700009, -96.700013, -96.705904, -96.712981, -96.714043, 32.939858, 32.938817, 32.938581, 32.931433, 32.931413, 32.931336, 32.931269, 32.931232, 32.931238, 32.939858)))"
481130166233,0.5202058504875406,0.44638242894056845,"list(list(c(-96.874054, -96.856846, -96.856752, -96.870928, -96.87392, -96.873918, -96.873937, -96.874054, 32.56073, 32.560763, 32.547344, 32.547442, 32.547463, 32.548251, 32.549022, 32.56073)))"
481130131012,0.09739978331527632,0.06395348837209303,"list(list(c(-96.788423, -96.788211, -96.786703, -96.786532, -96.784623, -96.775096, -96.773748, -96.771796, -96.769032, -96.769109, -96.769158, -96.774825, -96.788324, -96.788423, 32.901445, 32.903711, 32.90605, 32.909864, 32.909874, 32.90977, 32.909714, 32.909402, 32.909347, 32.905496, 32.901775, 32.901076, 32.89961, 32.901445)))"
481130151021,0.9222101841820152,0.8824289405684754,"list(list(c(-96.959993, -96.949944, -96.946958, -96.946876, -96.959192, -96.959511, -96.959993, 32.808655, 32.808594, 32.808596, 32.80124, 32.80115, 32.807564, 32.808655)))"
481130169032,0.9833694474539545,0.9760981912144703,"list(list(c(-96.704899, -96.704843, -96.70245, -96.697926, -96.688431, -96.685602, -96.679227, -96.681543, -96.690879, -96.692627, -96.693, -96.695002, -96.695513, -96.696332, -96.699028, -96.701998, -96.703813, -96.704867, -96.704899, 32.595614, 32.603825, 32.603788, 32.604553, 32.609162, 32.603063, 32.591298, 32.59066, 32.586324, 32.586471, 32.586642, 32.587416, 32.587559, 32.587638, 32.587451, 32.587461, 32.587457, 32.587314, 32.595614)))"
481130136213,0.3181473456121343,0.2441860465116279,"list(list(c(-96.80724, -96.806914, -96.804614, -96.804651, -96.804524, -96.804204, -96.804162, -96.807074, -96.80972, -96.80724, 32.958889, 32.95964, 32.95969, 32.956525, 32.95543, 32.954084, 32.953889, 32.95393, 32.958233, 32.958889)))"
481130025001,0.9636511375947996,0.9276485788113695,"list(list(c(-96.758709, -96.757967, -96.744471, -96.737604, -96.73749, -96.73742, -96.737389, -96.730823, -96.729178, -96.729087, -96.728461, -96.733168, -96.737755, -96.748515, -96.759428, -96.758709, 32.784079, 32.783999, 32.782836, 32.783003, 32.78377, 32.785524, 32.791776, 32.791756, 32.792111, 32.783693, 32.777797, 32.777614, 32.778386, 32.780028, 32.782138, 32.784079)))"
481130166183,0.17838569880823407,0.1937984496124031,"list(list(c(-96.874151, -96.873907, -96.857212, -96.857066, -96.861885, -96.87412, -96.874151, 32.604211, 32.604291, 32.604228, 32.589716, 32.58972, 32.589785, 32.604211)))"
481130190426,0.5295774647887324,0.46317829457364346,"list(list(c(-96.66207, -96.6576, -96.649002, -96.655927, -96.656456, -96.659924, -96.662009, -96.662647, -96.66207, 32.975273, 32.975324, 32.970123, 32.964302, 32.967459, 32.968312, 32.968934, 32.970318, 32.975273)))"
481130136242,0.1678764897074756,0.18863049095607232,"list(list(c(-96.817835, -96.817916, -96.816704, -96.81443, -96.814031, -96.817927, -96.817835, 32.942808, 32.943362, 32.943105, 32.943094, 32.939414, 32.939413, 32.942808)))"
481130167041,0.47161430119176595,0.4328165374677002,"list(list(c(-96.786591, -96.780834, -96.780783, -96.778088, -96.777837, -96.767458, -96.764861, -96.763515, -96.763983, -96.777598, -96.777603, -96.786531, -96.786591, 32.620089, 32.622763, 32.622788, 32.618817, 32.618644, 32.618606, 32.612862, 32.611083, 32.61083, 32.610605, 32.611646, 32.611632, 32.620089)))"
481130136311,0.9312026002166847,0.900516795865633,"list(list(c(-96.80761, -96.806838, -96.803628, -96.803739, -96.808526, -96.80761, 32.941169, 32.942044, 32.941983, 32.938632, 32.938671, 32.941169)))"
481130212001,0.7226435536294691,0.6724806201550387,"list(list(c(-96.927585, -96.927308, -96.923499, -96.918891, -96.919289, -96.919427, -96.919659, -96.92713, -96.929507, -96.927585, 32.741937, 32.742383, 32.748036, 32.747935, 32.742224, 32.740219, 32.736326, 32.736511, 32.73769, 32.741937)))"
481130180014,0.9230769230769231,0.8914728682170543,"list(list(c(-96.653401, -96.649471, -96.647106, -96.644291, -96.638533, -96.639361, -96.646201, -96.646324, -96.654226, -96.653401, 32.830914, 32.834801, 32.832824, 32.835132, 32.830036, 32.829331, 32.823656, 32.823569, 32.830248, 32.830914)))"
481130191021,0.16825568797399781,0.20219638242894056,"list(list(c(-96.718099, -96.715102, -96.714771, -96.714043, -96.715075, -96.718194, -96.718099, 32.948341, 32.948357, 32.945563, 32.939858, 32.939847, 32.9399, 32.948341)))"
481130011014,0.010130010834236147,0.004521963824289377,"list(list(c(-96.770189, -96.761522, -96.761534, -96.761565, -96.764928, -96.766569, -96.770205, -96.770189, 32.817366, 32.817335, 32.817194, 32.813857, 32.813892, 32.813848, 32.813876, 32.817366)))"
481130178062,0.27491874322860244,0.25387596899224807,"list(list(c(-96.658888, -96.655403, -96.654367, -96.651115, -96.655036, -96.655796, -96.660098, -96.658888, 32.797874, 32.800114, 32.799286, 32.797595, 32.79442, 32.793195, 32.794649, 32.797874)))"
481130178161,0.9667930660888407,0.9541343669250646,"list(list(c(-96.655036, -96.651115, -96.6497, -96.645573, -96.643312, -96.652937, -96.655796, -96.655036, 32.79442, 32.797595, 32.798786, 32.796127, 32.792298, 32.792332, 32.793195, 32.79442)))"
481130178181,0.8274647887323944,0.74677002583979335,"list(list(c(-96.62335, -96.619332, -96.618818, -96.615453, -96.615503, -96.619759, -96.621354, -96.62335, 32.8016, 32.804918, 32.805073, 32.805059, 32.802283, 32.798561, 32.799904, 32.8016)))"
481130078322,0.9108884073672806,0.8817829457364341,"list(list(c(-96.75477, -96.751638, -96.750139, -96.753298, -96.754618, -96.7556, -96.75477, 32.870179, 32.869722, 32.866059, 32.866515, 32.866785, 32.867494, 32.870179)))"
481130185073,0.5987540628385699,0.5083979328165374,"list(list(c(-96.729991, -96.728146, -96.726222, -96.724963, -96.725055, -96.72534, -96.72685, -96.732106, -96.729991, 32.909211, 32.909246, 32.90963, 32.909641, 32.905554, 32.905143, 32.906033, 32.909232, 32.909211)))"
481130181523,0.5760021668472373,0.5135658914728682,"list(list(c(-96.624698, -96.623919, -96.614863, -96.614782, -96.612575, -96.61445, -96.615979, -96.624111, -96.625747, -96.624698, 32.934426, 32.934221, 32.934314, 32.933364, 32.931478, 32.929782, 32.930923, 32.931085, 32.931098, 32.934426)))"
481130192163,0.3995124593716143,0.3417312661498708,"list(list(c(-96.748211, -96.748166, -96.748057, -96.744656, -96.744681, -96.742683, -96.742709, -96.743546, -96.743496, -96.747318, -96.748226, -96.748211, 32.970742, 32.978108, 32.978319, 32.978265, 32.977052, 32.974735, 32.970731, 32.96766, 32.963106, 32.963182, 32.963036, 32.970742)))"
481130078332,0.9929577464788732,0.9961240310077519,"list(list(c(-96.748127, -96.742677, -96.743693, -96.745926, -96.748127, 32.869038, 32.868073, 32.865133, 32.864047, 32.869038)))"
481130190321,0.9462621885157096,0.936046511627907,"list(list(c(-96.700248, -96.700149, -96.700099, -96.692611, -96.692654, -96.700248, -96.700248, 32.91664, 32.921083, 32.924011, 32.923951, 32.916772, 32.916558, 32.91664)))"
481130009011,0.04176598049837488,0.03100775193798455,"list(list(c(-96.784133, -96.78181, -96.779562, -96.778486, -96.78027, -96.781123, -96.783659, -96.784133, 32.814898, 32.817735, 32.815765, 32.814844, 32.813071, 32.812159, 32.814318, 32.814898)))"
481130081024,0.13179848320693388,0.16085271317829453,"list(list(c(-96.714932, -96.708617, -96.703433, -96.703768, -96.709652, -96.714932, 32.823178, 32.828491, 32.824126, 32.823848, 32.818945, 32.823178)))"
481130124003,0.6223185265438786,0.5187338501291989,"list(list(c(-96.684031, -96.68386, -96.676766, -96.678262, -96.678725, -96.680325, -96.684465, -96.684031, 32.822229, 32.826535, 32.826503, 32.822387, 32.821503, 32.82002, 32.818835, 32.822229)))"
481130122132,0.02692307692307694,0.025839793281653756,"list(list(c(-96.705723, -96.701962, -96.701401, -96.695971, -96.695258, -96.695272, -96.698135, -96.700596, -96.701252, -96.701858, -96.708436, -96.705723, 32.808541, 32.811599, 32.811954, 32.807341, 32.807018, 32.806548, 32.804147, 32.802311, 32.801009, 32.801153, 32.806397, 32.808541)))"
481130137294,0.9502708559046588,0.9418604651162791,"list(list(c(-96.906159, -96.900878, -96.890359, -96.890418, -96.890438, -96.89845, -96.899073, -96.900581, -96.900618, -96.900705, -96.90265, -96.902727, -96.903553, -96.906159, 32.946953, 32.949074, 32.949122, 32.946374, 32.944135, 32.943935, 32.943081, 32.942532, 32.939158, 32.938712, 32.938617, 32.939173, 32.942466, 32.946953)))"
481130137282,0.5250270855904658,0.43346253229974163,"list(list(c(-96.883436, -96.883327, -96.88085, -96.876559, -96.873193, -96.873193, -96.882266, -96.884914, -96.883436, 32.940544, 32.942278, 32.943024, 32.943043, 32.9422, 32.938906, 32.939002, 32.938322, 32.940544)))"
481130205003,0.5771397616468039,0.47932816537467704,"list(list(c(-96.873922, -96.854805, -96.855821, -96.856419, -96.85648, -96.860937, -96.865202, -96.869224, -96.873801, -96.873789, -96.873781, -96.873751, -96.873922, 32.797969, 32.798026, 32.794322, 32.791882, 32.787125, 32.787118, 32.785395, 32.78634, 32.785446, 32.786329, 32.786884, 32.792651, 32.797969)))"
481130131071,0.5154929577464789,0.42764857881136953,"list(list(c(-96.775075, -96.775049, -96.773332, -96.773279, -96.771485, -96.769912, -96.770285, -96.7711, -96.775082, -96.775075, 32.890019, 32.891772, 32.891778, 32.889955, 32.890304, 32.890306, 32.887769, 32.887726, 32.886558, 32.890019)))"
481130166362,0.33055254604550377,0.2945736434108527,"list(list(c(-96.908406, -96.904748, -96.897506, -96.895944, -96.892564, -96.891211, -96.891384, -96.891305, -96.895072, -96.908399, -96.915137, -96.908406, 32.625258, 32.628712, 32.625439, 32.622922, 32.623012, 32.622214, 32.619715, 32.618761, 32.618915, 32.618789, 32.618868, 32.625258)))"
481130165291,0.3122426868905742,0.29134366925064603,"list(list(c(-96.956873, -96.957045, -96.952558, -96.952556, -96.94805, -96.943672, -96.951062, -96.954336, -96.956192, -96.957312, -96.956873, 32.616728, 32.61757, 32.617562, 32.619853, 32.619681, 32.618153, 32.613515, 32.613014, 32.611973, 32.61281, 32.616728)))"
481130141521,0.40812567713976167,0.3352713178294574,"list(list(c(-96.962445, -96.958831, -96.958858, -96.961882, -96.964635, -96.962445, 32.907482, 32.907017, 32.905012, 32.903101, 32.904564, 32.907482)))"
481130143161,0.42800650054171185,0.39987080103359174,"list(list(c(-96.975185, -96.975213, -96.970357, -96.967438, -96.967704, -96.96795, -96.972762, -96.974214, -96.976005, -96.975185, 32.851748, 32.855469, 32.856444, 32.856059, 32.851658, 32.851187, 32.85109, 32.850955, 32.851028, 32.851748)))"
481130141582,0.7812026002166848,0.6886304909560723,"list(list(c(-96.991706, -96.989122, -96.988287, -96.987192, -96.98719, -96.986547, -96.987991, -96.988972, -96.98963, -96.991691, -96.991706, 32.8684, 32.868341, 32.868355, 32.868355, 32.867858, 32.866213, 32.865935, 32.86547, 32.865326, 32.865302, 32.8684)))"
481130143192,0.44891657638136506,0.353359173126615,"list(list(c(-96.974703, -96.97378, -96.972129, -96.964206, -96.964201, -96.966185, -96.967305, -96.970238, -96.971343, -96.975047, -96.974703, 32.88348, 32.884424, 32.885036, 32.88506, 32.883419, 32.882695, 32.880822, 32.88263, 32.882018, 32.882599, 32.88348)))"
481130142031,0.9160346695557964,0.8520671834625323,"list(list(c(-96.951295, -96.943416, -96.942694, -96.942737, -96.940497, -96.944418, -96.947185, -96.951285, -96.951295, 32.844316, 32.84426, 32.844175, 32.837384, 32.83726, 32.837043, 32.837024, 32.837043, 32.844316)))"
481130141471,0.7387865655471288,0.6388888888888888,"list(list(c(-97.021289, -97.014101, -97.01305, -97.014295, -97.015561, -97.016263, -97.021563, -97.021289, 32.856918, 32.856977, 32.856963, 32.85537, 32.852978, 32.853178, 32.853191, 32.856918)))"
481130141532,0.2607258938244854,0.2887596899224806,"list(list(c(-97.006486, -97.006269, -97.004819, -97.001775, -97.001281, -96.994792, -96.992289, -96.992434, -96.9935, -96.993606, -97.003377, -97.004273, -97.006477, -97.006486, 32.837362, 32.840843, 32.842933, 32.844679, 32.847517, 32.847693, 32.847488, 32.842692, 32.840232, 32.837079, 32.837114, 32.837114, 32.837109, 32.837362)))"
481130149032,0.952329360780065,0.9347545219638242,"list(list(c(-96.959842, -96.959782, -96.952364, -96.949933, -96.949944, -96.959993, -96.959842, 32.81512, 32.81521, 32.814921, 32.814931, 32.808594, 32.808655, 32.81512)))"
481130166102,0.8280065005417119,0.7338501291989664,"list(list(c(-96.831205, -96.829328, -96.825982, -96.822883, -96.822775, -96.822646, -96.824047, -96.831182, -96.831205, 32.610128, 32.613101, 32.613337, 32.612899, 32.605273, 32.6043, 32.604345, 32.604342, 32.610128)))"
481130173091,0.15010834236186343,0.15633074935400515,"list(list(c(-96.54371, -96.540247, -96.539338, -96.540568, -96.539831, -96.542864, -96.548334, -96.54371, 32.740485, 32.737457, 32.736424, 32.735187, 32.734532, 32.731848, 32.73664, 32.740485)))"
481130144061,0.8907908992416035,0.8281653746770026,"list(list(c(-96.993875, -96.976427, -96.976448, -96.981711, -96.993885, -96.993875, 32.821829, 32.821699, 32.815539, 32.815627, 32.815837, 32.821829)))"
481130165332,0.7341820151679306,0.6447028423772609,"list(list(c(-96.9259, -96.924499, -96.92449, -96.912934, -96.911509, -96.908679, -96.90862, -96.92576, -96.9259, 32.679374, 32.680118, 32.683902, 32.683762, 32.691151, 32.691224, 32.676445, 32.676475, 32.679374)))"
481130166171,0.41874322860238355,0.4031007751937985,"list(list(c(-96.908399, -96.895072, -96.891305, -96.891288, -96.891268, -96.908355, -96.908399, 32.618789, 32.618915, 32.618761, 32.610028, 32.604297, 32.60434, 32.618789)))"
481130162041,0.33336944745395447,0.3249354005167958,"list(list(c(-97.007305, -97.005514, -96.998684, -96.99713, -96.995918, -96.994133, -96.99414, -96.994176, -96.994177, -97.002443, -97.002453, -97.007357, -97.007305, 32.716572, 32.716839, 32.716621, 32.716608, 32.716603, 32.7166, 32.715563, 32.710393, 32.709521, 32.709559, 32.713348, 32.713365, 32.716572)))"
481130193021,0.29945828819068254,0.2622739018087855,"list(list(c(-96.787025, -96.786858, -96.786915, -96.782865, -96.782606, -96.781729, -96.781357, -96.775915, -96.777521, -96.779207, -96.781068, -96.785134, -96.787094, -96.787025, 32.84525, 32.846897, 32.851143, 32.851101, 32.846691, 32.846023, 32.842069, 32.841969, 32.838687, 32.836593, 32.836582, 32.836543, 32.837683, 32.84525)))"
481130164212,0.832177681473456,0.7525839793281653,"list(list(c(-97.003101, -97.002477, -96.994206, -96.994493, -97.001745, -97.003114, -97.003101, 32.698037, 32.698864, 32.698846, 32.694429, 32.693381, 32.692486, 32.698037)))"
481130164141,0.6723185265438787,0.5820413436692506,"list(list(c(-97.016447, -97.011373, -97.006986, -97.006987, -97.006748, -97.003515, -97.008247, -97.008665, -97.015378, -97.015458, -97.016314, -97.016447, 32.676145, 32.676026, 32.675416, 32.675137, 32.672831, 32.668725, 32.667019, 32.666967, 32.66698, 32.673907, 32.675856, 32.676145)))"
481130006081,0.1256229685807151,0.13888888888888884,"list(list(c(-96.817545, -96.816889, -96.816765, -96.814666, -96.809979, -96.813495, -96.817391, -96.817545, 32.816057, 32.821696, 32.821592, 32.819834, 32.815785, 32.8128, 32.815931, 32.816057)))"
481130164171,0.7858613217768147,0.7002583979328165,"list(list(c(-97.036907, -97.027807, -97.027823, -97.027946, -97.037063, -97.036907, 32.655158, 32.656837, 32.655361, 32.645735, 32.645873, 32.655158)))"
481130109052,0.8121343445287107,0.7655038759689923,"list(list(c(-96.877765, -96.877365, -96.870165, -96.867888, -96.869755, -96.869801, -96.872179, -96.874078, -96.874073, -96.877547, -96.877765, 32.654271, 32.654652, 32.662049, 32.662062, 32.659823, 32.657499, 32.655886, 32.653182, 32.652695, 32.654169, 32.654271)))"
481130005021,0.19609967497291436,0.21447028423772607,"list(list(c(-96.811848, -96.808566, -96.80762, -96.80574, -96.804184, -96.803227, -96.804296, -96.805989, -96.80734, -96.809692, -96.812589, -96.811848, 32.803286, 32.80603, 32.805185, 32.80672, 32.805529, 32.804691, 32.803027, 32.801983, 32.801424, 32.800018, 32.802661, 32.803286)))"
481130068001,0.8889490790899242,0.8352713178294574,"list(list(c(-96.867125, -96.864286, -96.864159, -96.86259, -96.859692, -96.858499, -96.856807, -96.856696, -96.856858, -96.858749, -96.862524, -96.862596, -96.864698, -96.867632, -96.867125, 32.757061, 32.758471, 32.758353, 32.755509, 32.75521, 32.754137, 32.755685, 32.749613, 32.749613, 32.749502, 32.74953, 32.752951, 32.754036, 32.753321, 32.757061)))"
481130007031,0.098104008667389,0.08720930232558144,"list(list(c(-96.797552, -96.795399, -96.792491, -96.795734, -96.796732, -96.799209, -96.797552, 32.813513, 32.817678, 32.816552, 32.810461, 32.809637, 32.811718, 32.813513)))"
481130006091,0.1316359696641387,0.1537467700258398,"list(list(c(-96.823098, -96.822085, -96.819237, -96.819074, -96.818286, -96.818401, -96.81728, -96.818078, -96.818122, -96.818554, -96.819634, -96.821646, -96.822798, -96.823006, -96.8264, -96.823098, 32.834023, 32.83668, 32.836655, 32.828111, 32.827442, 32.827314, 32.826551, 32.822812, 32.822749, 32.823113, 32.824036, 32.825825, 32.826853, 32.82703, 32.82996, 32.834023)))"
481130031021,0.34804983748645724,0.3307493540051679,"list(list(c(-96.809382, -96.808347, -96.807421, -96.806496, -96.799924, -96.798701, -96.798765, -96.807067, -96.80785, -96.808583, -96.809382, 32.778506, 32.780149, 32.780506, 32.780706, 32.782063, 32.7774, 32.777245, 32.775664, 32.774676, 32.77727, 32.778506)))"
481130004013,NA,NA,"list(list(c(-96.835705, -96.833562, -96.832655, -96.834841, -96.838161, -96.835705, 32.814951, 32.814526, 32.811797, 32.809961, 32.812556, 32.814951)))"
481130110042,0.9397074756229686,0.8830749354005167,"list(list(c(-96.857138, -96.846221, -96.848288, -96.850143, -96.85287, -96.857114, -96.857138, 32.691234, 32.691358, 32.686847, 32.684424, 32.681962, 32.6828, 32.691234)))"
481130077022,0.09024918743228605,0.0852713178294574,"list(list(c(-96.804168, -96.804172, -96.795462, -96.795449, -96.798698, -96.798602, -96.798541, -96.804172, -96.804168, 32.8656, 32.868493, 32.868459, 32.867552, 32.867472, 32.865611, 32.865479, 32.865495, 32.8656)))"
481130110031,0.06592632719393288,0.08204134366925064,"list(list(c(-96.850143, -96.848288, -96.846221, -96.840378, -96.840111, -96.840097, -96.844494, -96.84808, -96.848627, -96.850143, 32.684424, 32.686847, 32.691358, 32.691217, 32.689175, 32.682341, 32.682317, 32.683424, 32.68345, 32.684424)))"
481130141421,0.86863488624052,0.7990956072351421,"list(list(c(-96.949214, -96.944942, -96.943401, -96.945479, -96.945658, -96.948926, -96.94899, -96.949214, 32.934497, 32.934337, 32.934015, 32.930925, 32.927241, 32.927259, 32.934033, 32.934497)))"
481130065013,0.2678764897074756,0.23966408268733852,"list(list(c(-96.897215, -96.891495, -96.891657, -96.891556, -96.891553, -96.896335, -96.897746, -96.897215, 32.727912, 32.727938, 32.723377, 32.722344, 32.721133, 32.72551, 32.727737, 32.727912)))"
481130166282,0.6114842903575297,0.4890180878552972,"list(list(c(-96.857066, -96.849132, -96.84838, -96.848489, -96.848262, -96.846167, -96.846274, -96.850023, -96.856929, -96.857066, 32.589716, 32.589713, 32.589724, 32.587867, 32.585592, 32.585386, 32.575204, 32.575204, 32.575238, 32.589716)))"
481130119022,0.8166305525460456,0.7810077519379846,"list(list(c(-96.648399, -96.646431, -96.639739, -96.639138, -96.631173, -96.631173, -96.63122, -96.638876, -96.639088, -96.639745, -96.639832, -96.641307, -96.648401, -96.648399, 32.748842, 32.748742, 32.74877, 32.748732, 32.748657, 32.748593, 32.734153, 32.73424, 32.73424, 32.73424, 32.742064, 32.742496, 32.742677, 32.748842)))"
481130118021,0.8592632719393283,0.7906976744186046,"list(list(c(-96.656937, -96.656928, -96.648468, -96.648484, -96.656959, -96.656937, 32.7311, 32.734225, 32.734171, 32.726383, 32.726512, 32.7311)))"
481130016011,0.7683640303358613,0.6808785529715762,"list(list(c(-96.793339, -96.792234, -96.789799, -96.788087, -96.783802, -96.789133, -96.792704, -96.793174, -96.793256, -96.793464, -96.793339, 32.807423, 32.807164, 32.805047, 32.803615, 32.799889, 32.795428, 32.798487, 32.798872, 32.803436, 32.805554, 32.807423)))"
481130190406,0.9625135427952329,0.9489664082687339,"list(list(c(-96.748368, -96.748166, -96.748076, -96.745941, -96.73706, -96.733451, -96.733693, -96.735329, -96.738078, -96.740427, -96.741229, -96.745453, -96.745584, -96.745596, -96.748384, -96.748368, 32.934223, 32.935405, 32.938314, 32.939999, 32.939736, 32.939991, 32.938955, 32.93522, 32.936141, 32.935964, 32.934732, 32.935015, 32.934011, 32.933922, 32.934137, 32.934223)))"
481130211001,0.8909534127843987,0.8074935400516796,"list(list(c(-96.800131, -96.798622, -96.798462, -96.799498, -96.797524, -96.795679, -96.795353, -96.793783, -96.788253, -96.789281, -96.789832, -96.794767, -96.798975, -96.799828, -96.800131, 32.733257, 32.739061, 32.740001, 32.74756, 32.74851, 32.747463, 32.74428, 32.740689, 32.742365, 32.73966, 32.73848, 32.73095, 32.728771, 32.730745, 32.733257)))"
481130172041,0.9358071505958829,0.8940568475452196,"list(list(c(-96.624392, -96.617983, -96.616591, -96.615786, -96.614064, -96.614233, -96.614319, -96.617316, -96.620678, -96.624392, 32.704898, 32.715637, 32.719347, 32.719347, 32.719453, 32.708632, 32.704886, 32.704897, 32.704803, 32.704898)))"
481130173102,0.22031419284940412,0.23514211886304914,"list(list(c(-96.55549, -96.553761, -96.54967, -96.549677, -96.54739, -96.54371, -96.548334, -96.542864, -96.542111, -96.536536, -96.538832, -96.539556, -96.542825, -96.559162, -96.55549, 32.73818, 32.74273, 32.746057, 32.745134, 32.742691, 32.740485, 32.73664, 32.731848, 32.730763, 32.725854, 32.724103, 32.723345, 32.72076, 32.734893, 32.73818)))"
481130166321,0.068580715059588293,0.08785529715762275,"list(list(c(-96.87412, -96.861885, -96.861907, -96.862873, -96.862438, -96.862917, -96.862994, -96.874089, -96.87412, 32.589785, 32.58972, 32.587452, 32.58645, 32.584674, 32.584705, 32.58242, 32.58254, 32.589785)))"
481130170052,0.8131635969664138,0.689922480620155,"list(list(c(-96.612513, -96.602337, -96.595371, -96.588365, -96.579825, -96.575128, -96.57132, -96.57169, -96.577017, -96.582019, -96.583403, -96.590223, -96.591978, -96.59459, -96.603428, -96.60797, -96.612513, 32.667644, 32.676346, 32.673065, 32.669781, 32.665725, 32.662882, 32.660972, 32.660427, 32.656229, 32.660687, 32.661019, 32.659518, 32.659678, 32.660955, 32.666203, 32.663447, 32.667644)))"
481130170092,0.6973456121343445,0.6350129198966408,"list(list(c(-96.57469, -96.572777, -96.567017, -96.570203, -96.564794, -96.558512, -96.556618, -96.556085, -96.561249, -96.562594, -96.563091, -96.571678, -96.573885, -96.57469, 32.680943, 32.682504, 32.687441, 32.69039, 32.694419, 32.689058, 32.687452, 32.687002, 32.682672, 32.68128, 32.681053, 32.680321, 32.680303, 32.680943)))"
481130181542,0.01673889490790903,0.019379844961240345,"list(list(c(-96.575049, -96.559263, -96.558786, -96.549829, -96.55068, -96.553032, -96.553843, -96.5574, -96.557566, -96.561814, -96.562655, -96.57087, -96.574095, -96.574649, -96.575395, -96.575049, 32.983744, 32.983508, 32.983501, 32.983368, 32.982672, 32.980751, 32.98012, 32.97728, 32.977145, 32.973784, 32.973585, 32.973866, 32.97455, 32.974389, 32.975427, 32.983744)))"
481130178183,0.7277898158179849,0.6027131782945736,"list(list(c(-96.625865, -96.624827, -96.621354, -96.619759, -96.613296, -96.612248, -96.612238, -96.622972, -96.625313, -96.625865, 32.796914, 32.796912, 32.799904, 32.798561, 32.792968, 32.792983, 32.792701, 32.792775, 32.792645, 32.796914)))"
481130177052,0.9915492957746479,0.9877260981912145,"list(list(c(-96.612085, -96.606798, -96.60135, -96.600949, -96.601404, -96.606009, -96.607368, -96.612013, -96.612085, 32.792524, 32.792461, 32.791423, 32.791116, 32.790226, 32.786749, 32.787903, 32.792049, 32.792524)))"
481130181483,0.59534127843987,0.4896640826873385,"list(list(c(-96.605461, -96.59992, -96.596971, -96.592188, -96.592738, -96.591661, -96.595669, -96.597086, -96.601808, -96.602438, -96.603887, -96.60571, -96.605461, 32.864993, 32.869605, 32.872171, 32.866431, 32.865339, 32.863854, 32.86072, 32.861959, 32.858023, 32.857567, 32.863341, 32.864922, 32.864993)))"
481130166301,0.5627843986998917,0.47351421188630494,"list(list(c(-96.925362, -96.919158, -96.918689, -96.916111, -96.913243, -96.911692, -96.908322, -96.908199, -96.908222, -96.908017, -96.908199, -96.908247, -96.908251, -96.925421, -96.925362, 32.595045, 32.594305, 32.597842, 32.598849, 32.598988, 32.598211, 32.598484, 32.595616, 32.594171, 32.593296, 32.592368, 32.590685, 32.589815, 32.589903, 32.595045)))"
481130092031,0.6737811484290357,0.5729974160206719,"list(list(c(-96.682818, -96.678552, -96.67856, -96.67427, -96.674266, -96.682807, -96.682818, 32.741484, 32.741421, 32.742517, 32.742822, 32.734287, 32.73435, 32.741484)))"
481130120003,0.7723726977248104,0.67312661498708,"list(list(c(-96.669188, -96.657921, -96.656805, -96.656831, -96.656908, -96.661823, -96.660826, -96.662057, -96.663114, -96.666216, -96.668318, -96.667613, -96.668147, -96.669188, 32.763338, 32.763199, 32.76285, 32.756502, 32.74876, 32.748773, 32.752232, 32.752857, 32.751539, 32.75448, 32.757876, 32.761606, 32.762717, 32.763338)))"
481130181581,0.764409534127844,0.6524547803617571,"list(list(c(-96.592843, -96.579769, -96.579705, -96.568424, -96.562695, -96.563161, -96.567341, -96.570308, -96.570494, -96.57395, -96.576089, -96.579919, -96.579688, -96.58168, -96.579535, -96.581721, -96.582646, -96.583104, -96.585917, -96.589056, -96.591653, -96.592849, -96.592843, 32.78994, 32.787802, 32.787792, 32.785879, 32.784683, 32.783273, 32.77814, 32.774997, 32.774809, 32.77132, 32.774383, 32.775017, 32.776035, 32.776704, 32.777758, 32.778332, 32.779832, 32.782756, 32.783623, 32.786315, 
32.787017, 32.789751, 32.78994)))"
481130172012,0.9050920910075839,0.8733850129198967,"list(list(c(-96.622598, -96.613525, -96.612207, -96.612416, -96.615013, -96.615798, -96.622637, -96.622598, 32.734138, 32.734212, 32.735073, 32.733368, 32.724717, 32.724693, 32.72477, 32.734138)))"
481130181561,0.15476706392199346,0.1479328165374677,"list(list(c(-96.577468, -96.573577, -96.570351, -96.569679, -96.569431, -96.576917, -96.575802, -96.574413, -96.577468, 32.914164, 32.917757, 32.914613, 32.913024, 32.907479, 32.907593, 32.909925, 32.911095, 32.914164)))"
481130059023,0.9657096424702059,0.9295865633074936,"list(list(c(-96.82307, -96.819941, -96.820113, -96.817836, -96.817922, -96.81464, -96.814679, -96.814534, -96.817154, -96.823126, -96.82307, 32.691316, 32.691333, 32.696113, 32.696074, 32.698577, 32.698566, 32.691315, 32.683874, 32.684086, 32.687101, 32.691316)))"
481130173092,0.488353196099675,0.41279069767441856,"list(list(c(-96.54371, -96.539857, -96.536699, -96.533196, -96.531117, -96.536536, -96.542111, -96.542864, -96.539831, -96.540568, -96.539338, -96.540247, -96.54371, 32.740485, 32.743738, 32.740304, 32.7331, 32.730515, 32.725854, 32.730763, 32.731848, 32.734532, 32.735187, 32.736424, 32.737457, 32.740485)))"
481130112021,0.7778439869989165,0.6531007751937985,"list(list(c(-96.814534, -96.810976, -96.805209, -96.805647, -96.805918, -96.808693, -96.809162, -96.814809, -96.814534, 32.683874, 32.683861, 32.682288, 32.681192, 32.674985, 32.675005, 32.675072, 32.675086, 32.683874)))"
481130185072,0.7026002166847237,0.624031007751938,"list(list(c(-96.722952, -96.717888, -96.717814, -96.719881, -96.721012, -96.723312, -96.722952, 32.909601, 32.909548, 32.90862, 32.907946, 32.905859, 32.905881, 32.909601)))"
481130166302,0.252112676056338,0.25968992248062017,"list(list(c(-96.925303, -96.922553, -96.916904, -96.915137, -96.908399, -96.908355, -96.916911, -96.925274, -96.925303, 32.610221, 32.612795, 32.617249, 32.618868, 32.618789, 32.60434, 32.604372, 32.604449, 32.610221)))"
481130090023,0.7717226435536295,0.7164082687338501,"list(list(c(-96.672876, -96.672786, -96.669188, -96.668147, -96.667613, -96.668318, -96.666216, -96.672388, -96.673522, -96.672876, 32.75873, 32.763362, 32.763338, 32.762717, 32.761606, 32.757876, 32.75448, 32.754418, 32.754697, 32.75873)))"
481130181512,0.6383531960996749,0.5193798449612403,"list(list(c(-96.615717, -96.61024, -96.607231, -96.601003, -96.601105, -96.601433, -96.603151, -96.599824, -96.593787, -96.587111, -96.58914, -96.589009, -96.58959, -96.59359, -96.599162, -96.602726, -96.603318, -96.605906, -96.608315, -96.609453, -96.607707, -96.607785, -96.609404, -96.612788, -96.615717, 32.958393, 32.966141, 32.968815, 32.972835, 32.966951, 32.966507, 32.965964, 32.96306, 32.957937, 32.952281, 32.950308, 32.947465, 32.947082, 32.944556, 32.939802, 32.942683, 32.944958, 32.94688, 
32.943928, 32.948705, 32.951595, 32.953108, 32.954708, 32.956337, 32.958393)))"
481130081023,0.03196099674972919,0.029715762273901825,"list(list(c(-96.726356, -96.72514, -96.726271, -96.723848, -96.72168, -96.718637, -96.718198, -96.70942, -96.718848, -96.720914, -96.725816, -96.726356, 32.807384, 32.810955, 32.813189, 32.814813, 32.815641, 32.818565, 32.819105, 32.812266, 32.80601, 32.805049, 32.804378, 32.807384)))"
481130009023,0.3678223185265439,0.31976744186046513,"list(list(c(-96.778486, -96.772303, -96.774247, -96.778034, -96.78027, -96.778486, 32.814844, 32.809469, 32.807884, 32.811143, 32.813071, 32.814844)))"
481130182043,0.8136511375947996,0.7583979328165374,"list(list(c(-96.631019, -96.623854, -96.626112, -96.626081, -96.62594, -96.631032, -96.631019, 32.902157, 32.902152, 32.901325, 32.894897, 32.894259, 32.894355, 32.902157)))"
481130166353,0.7193391115926326,0.6647286821705427,"list(list(c(-96.884473, -96.877547, -96.874073, -96.869715, -96.862151, -96.865532, -96.873773, -96.878418, -96.879912, -96.883976, -96.884473, 32.647512, 32.654169, 32.652695, 32.650787, 32.647492, 32.647441, 32.64745, 32.647458, 32.647483, 32.647509, 32.647512)))"
481130072062,0.9760021668472373,0.9748062015503876,"list(list(c(-96.865705, -96.864062, -96.863037, -96.86519, -96.8647, -96.86389, -96.862416, -96.857355, -96.859658, -96.864828, -96.865705, 32.857188, 32.858466, 32.859676, 32.862018, 32.866422, 32.866117, 32.864882, 32.86036, 32.859572, 32.855945, 32.857188)))"
481130141412,0.40357529794149516,0.3475452196382429,"list(list(c(-96.949612, -96.948157, -96.947123, -96.943778, -96.943401, -96.944942, -96.949214, -96.949612, 32.937524, 32.939088, 32.938221, 32.935195, 32.934015, 32.934337, 32.934497, 32.937524)))"
481130173101,0.3679848320693391,0.3527131782945736,"list(list(c(-96.54967, -96.546946, -96.546348, -96.545564, -96.539857, -96.54371, -96.54739, -96.549677, -96.54967, 32.746057, 32.748323, 32.749034, 32.74863, 32.743738, 32.740485, 32.742691, 32.745134, 32.746057)))"
481130154061,0.46944745395449616,0.3688630490956072,"list(list(c(-97.035114, -97.029929, -97.029975, -97.029998, -97.035171, -97.035114, 32.765372, 32.765296, 32.765048, 32.759679, 32.759693, 32.765372)))"
481130151012,0.8475081256771397,0.7926356589147286,"list(list(c(-96.959637, -96.959253, -96.959192, -96.946876, -96.946852, -96.959712, -96.959637, 32.795142, 32.796565, 32.80115, 32.80124, 32.793895, 32.794037, 32.795142)))"
481130143201,0.6426327193932828,0.5536175710594315,"list(list(c(-96.971343, -96.970238, -96.967305, -96.966279, -96.9635, -96.963203, -96.963191, -96.96318, -96.966835, -96.967754, -96.971332, -96.971343, 32.882018, 32.88263, 32.880822, 32.880128, 32.880612, 32.879579, 32.877186, 32.877034, 32.877406, 32.878287, 32.881313, 32.882018)))"
481130192083,0.7794691224268689,0.671188630490956,"list(list(c(-96.764277, -96.761202, -96.760947, -96.761424, -96.764485, -96.764277, 32.930683, 32.930681, 32.928418, 32.927951, 32.928506, 32.930683)))"
481130164192,0.72670639219935,0.6330749354005167,"list(list(c(-97.024809, -97.02179, -97.015439, -97.015549, -97.015607, -97.015665, -97.017555, -97.024551, -97.024856, -97.024809, 32.709974, 32.709705, 32.709663, 32.703428, 32.698113, 32.692041, 32.691831, 32.691761, 32.701029, 32.709974)))"
481130165361,0.6828819068255688,0.6046511627906976,"list(list(c(-96.900802, -96.898341, -96.896346, -96.896356, -96.891476, -96.891468, -96.89146, -96.891414, -96.9008, -96.900908, -96.900802, 32.665824, 32.665878, 32.669845, 32.67185, 32.671878, 32.669239, 32.668113, 32.661913, 32.661878, 32.661878, 32.665824)))"
481130018012,0.1555254604550379,0.1698966408268734,"list(list(c(-96.803227, -96.802237, -96.801418, -96.799867, -96.798357, -96.800232, -96.802528, -96.803227, 32.804691, 32.806645, 32.808472, 32.807141, 32.805853, 32.802994, 32.804093, 32.804691)))"
481130006101,0.9247020585048754,0.9160206718346253,"list(list(c(-96.827399, -96.822906, -96.822798, -96.821646, -96.821754, -96.822427, -96.826351, -96.827399, 32.822896, 32.826762, 32.826853, 32.825825, 32.825738, 32.825315, 32.8221, 32.822896)))"
481130067012,0.9972372697724811,0.9974160206718347,"list(list(c(-96.889607, -96.880638, -96.880668, -96.881006, -96.887202, -96.890469, -96.889607, 32.747444, 32.747252, 32.74324, 32.742286, 32.742324, 32.745381, 32.747444)))"
481130192151,0.058450704225352146,0.0736434108527132,"list(list(c(-96.762333, -96.757495, -96.755873, -96.756218, -96.756041, -96.756046, -96.760723, -96.760725, -96.760681, -96.762104, -96.762333, 32.962338, 32.962435, 32.962441, 32.958643, 32.95124, 32.951121, 32.951137, 32.951279, 32.956894, 32.95935, 32.962338)))"
481130108043,1,1,"list(list(c(-96.865863, -96.865765, -96.857113, -96.857183, -96.860931, -96.865907, -96.865863, 32.708328, 32.716814, 32.716808, 32.70581, 32.704811, 32.704957, 32.708328)))"
481130190184,0.6459371614301193,0.5348837209302326,"list(list(c(-96.71815, -96.716447, -96.712366, -96.712146, -96.714237, -96.714196, -96.717063, -96.718089, -96.718147, -96.71815, 32.926477, 32.924977, 32.925932, 32.924022, 32.923985, 32.922673, 32.922593, 32.923052, 32.925432, 32.926477)))"
481130131074,0.21749729144095342,0.18540051679586567,"list(list(c(-96.774007, -96.772095, -96.771636, -96.773364, -96.774948, -96.774007, 32.895241, 32.895989, 32.894145, 32.893454, 32.893783, 32.895241)))"
481130167082,0.178602383531961,0.18475452196382425,"list(list(c(-96.791952, -96.790913, -96.78761, -96.788636, -96.785749, -96.780834, -96.786591, -96.7893, -96.791802, -96.795811, -96.791952, 32.626891, 32.625366, 32.626997, 32.628503, 32.629918, 32.622763, 32.620089, 32.618769, 32.620188, 32.624981, 32.626891)))"
481130190423,0.04431202600216688,0.0342377260981912,"list(list(c(-96.665272, -96.664206, -96.663811, -96.659973, -96.6576, -96.66207, -96.665449, -96.665272, 32.979408, 32.98023, 32.980459, 32.976792, 32.975324, 32.975273, 32.97534, 32.979408)))"
481130204011,0.16771397616468042,0.18410852713178294,"list(list(c(-96.790999, -96.790173, -96.787867, -96.787133, -96.779458, -96.778384, -96.780953, -96.780469, -96.782195, -96.7841, -96.786556, -96.790604, -96.790999, 32.784067, 32.784297, 32.785395, 32.785026, 32.786963, 32.783256, 32.78032, 32.77985, 32.778902, 32.780841, 32.782082, 32.783825, 32.784067)))"
481130078291,0.42638136511375946,0.39405684754521964,"list(list(c(-96.761059, -96.760445, -96.757179, -96.753596, -96.750295, -96.750833, -96.752649, -96.754333, -96.757123, -96.76042, -96.759538, -96.761881, -96.761059, 32.91881, 32.923468, 32.923415, 32.922198, 32.920557, 32.919755, 32.917827, 32.916164, 32.912982, 32.914985, 32.916676, 32.916812, 32.91881)))"
481130190441,0.9461538461538461,0.9211886304909561,"list(list(c(-96.700013, -96.69206, -96.692114, -96.692611, -96.700099, -96.700013, 32.931269, 32.931189, 32.927926, 32.923951, 32.924011, 32.931269)))"
481130167061,0.9534669555796317,0.9270025839793281,"list(list(c(-96.777598, -96.763983, -96.763515, -96.758047, -96.76105, -96.763563, -96.777631, -96.777598, 32.610605, 32.61083, 32.611083, 32.603855, 32.603915, 32.60497, 32.605235, 32.610605)))"
481130167072,0.39620801733477795,0.3397932816537468,"list(list(c(-96.796931, -96.79024, -96.78876, -96.788367, -96.794299, -96.794334, -96.796448, -96.796931, 32.611936, 32.612021, 32.611244, 32.604306, 32.604291, 32.607169, 32.609509, 32.611936)))"
481130166333,0.0952871072589383,0.1027131782945736,"list(list(c(-96.891268, -96.874151, -96.87412, -96.882688, -96.89119, -96.891268, 32.604297, 32.604211, 32.589785, 32.58979, 32.589782, 32.604297)))"
481130136301,0.22952329360780066,0.23062015503875966,"list(list(c(-96.807078, -96.806408, -96.806061, -96.805325, -96.80364, -96.803628, -96.806838, -96.807078, 32.942045, 32.94431, 32.946646, 32.946733, 32.946091, 32.941983, 32.942044, 32.942045)))"
481130136302,0.643661971830986,0.5458656330749354,"list(list(c(-96.80945, -96.809648, -96.809631, -96.809073, -96.808191, -96.806061, -96.806408, -96.807078, -96.808602, -96.809394, -96.810312, -96.80945, 32.945076, 32.945462, 32.946267, 32.947229, 32.947331, 32.946646, 32.94431, 32.942045, 32.942352, 32.943067, 32.943295, 32.945076)))"
481130142082,0.1132719393282774,0.11563307493540054,"list(list(c(-96.939919, -96.935798, -96.936139, -96.932775, -96.928483, -96.928385, -96.932713, -96.933318, -96.938188, -96.939915, -96.940852, -96.939919, 32.869784, 32.87016, 32.868307, 32.863769, 32.861594, 32.861248, 32.860979, 32.861174, 32.866661, 32.867911, 32.869522, 32.869784)))"
481130141511,0.6765438786565547,0.5956072351421189,"list(list(c(-96.988469, -96.984758, -96.98364, -96.981928, -96.981736, -96.983327, -96.983684, -96.985999, -96.988499, -96.988469, 32.91048, 32.911498, 32.911106, 32.908665, 32.903492, 32.903864, 32.90426, 32.90789, 32.909897, 32.91048)))"
481130192121,0.9879739978331528,0.9928940568475452,"list(list(c(-96.761187, -96.758444, -96.759999, -96.760006, -96.760947, -96.761202, -96.761187, 32.932713, 32.932744, 32.929478, 32.929221, 32.928418, 32.930681, 32.932713)))"
481130167081,0.04880823401950163,0.05167958656330751,"list(list(c(-96.805761, -96.796743, -96.795811, -96.791802, -96.7893, -96.793328, -96.794885, -96.796981, -96.805628, -96.805761, 32.62621, 32.625962, 32.624981, 32.620188, 32.618769, 32.616836, 32.615383, 32.615236, 32.615181, 32.62621)))"
481130167071,0.1633261105092091,0.17312661498708015,"list(list(c(-96.805628, -96.796981, -96.796931, -96.796448, -96.794334, -96.794299, -96.805633, -96.805628, 32.615181, 32.615236, 32.611936, 32.609509, 32.607169, 32.604291, 32.604267, 32.615181)))"
481130190462,0.8012459371614301,0.7403100775193798,"list(list(c(-96.674406, -96.665377, -96.665328, -96.674385, -96.674406, 32.923406, 32.923389, 32.916365, 32.916553, 32.923406)))"
481130027032,0.9274647887323944,0.8662790697674418,"list(list(c(-96.758635, -96.752271, -96.746071, -96.740699, -96.740989, -96.749396, -96.750931, -96.754559, -96.75771, -96.759957, -96.758635, 32.771337, 32.776739, 32.771427, 32.767187, 32.766267, 32.766516, 32.766478, 32.767013, 32.768523, 32.770248, 32.771337)))"
481130181261,0.47334777898158176,0.41731266149870805,"list(list(c(-96.642631, -96.633958, -96.631999, -96.634232, -96.633669, -96.638632, -96.642631, 32.861213, 32.868487, 32.86676, 32.86451, 32.862133, 32.857901, 32.861213)))"
481130190513,0.1280065005417118,0.13307493540051685,"list(list(c(-96.623566, -96.623501, -96.621047, -96.613367, -96.613461, -96.613004, -96.619548, -96.620059, -96.623624, -96.623118, -96.623851, -96.623566, 32.984213, 32.98445, 32.984412, 32.984309, 32.974933, 32.973868, 32.968285, 32.968154, 32.974119, 32.978101, 32.979685, 32.984213)))"
481130190521,0.4817443120260022,0.42312661498708015,"list(list(c(-96.711528, -96.711259, -96.699773, -96.69991, -96.701089, -96.716221, -96.711528, 32.985689, 32.985685, 32.985377, 32.975066, 32.975298, 32.975527, 32.985689)))"
481130013013,0.16435536294691222,0.1595607235142119,"list(list(c(-96.757248, -96.753153, -96.752932, -96.75312, -96.753847, -96.755247, -96.756389, -96.760713, -96.757248, 32.807658, 32.810997, 32.81096, 32.808493, 32.807615, 32.806283, 32.80124, 32.804954, 32.807658)))"
481130078151,0.8739978331527627,0.82687338501292,"list(list(c(-96.763281, -96.760079, -96.759962, -96.759389, -96.756701, -96.762518, -96.763281, 32.873185, 32.8793, 32.879728, 32.879633, 32.877405, 32.873036, 32.873185)))"
481130012041,0.7334236186348863,0.6808785529715762,"list(list(c(-96.754192, -96.749257, -96.742764, -96.743605, -96.747373, -96.750671, -96.753026, -96.754192, 32.799339, 32.803621, 32.797952, 32.797354, 32.793729, 32.79663, 32.798639, 32.799339)))"
481130195011,0.004550379198266508,0.005813953488372103,"list(list(c(-96.812324, -96.808618, -96.808584, -96.804258, -96.804293, -96.804211, -96.812086, -96.813168, -96.812324, 32.857922, 32.857912, 32.860422, 32.859817, 32.856895, 32.851134, 32.851177, 32.851174, 32.857922)))"
481130094011,0.8371614301191765,0.7545219638242894,"list(list(c(-96.856217, -96.854848, -96.848878, -96.848882, -96.848929, -96.850418, -96.850227, -96.854803, -96.855004, -96.855192, -96.856174, -96.856217, 32.867341, 32.867205, 32.867162, 32.86623, 32.864265, 32.862971, 32.862445, 32.861086, 32.861026, 32.860971, 32.862931, 32.867341)))"
481130147013,0.871180931744312,0.8003875968992248,"list(list(c(-96.93028, -96.930273, -96.924042, -96.924392, -96.924577, -96.926251, -96.92761, -96.927598, -96.930291, -96.93028, 32.836573, 32.836967, 32.837006, 32.831155, 32.830722, 32.829721, 32.831699, 32.833292, 32.833655, 32.836573)))"
481130146031,0.9228060671722643,0.896640826873385,"list(list(c(-96.951159, -96.948011, -96.944127, -96.942508, -96.942427, -96.942429, -96.949933, -96.949601, -96.949511, -96.949613, -96.951151, -96.951159, 32.829451, 32.82938, 32.82938, 32.826847, 32.822114, 32.81472, 32.814931, 32.816282, 32.818058, 32.82181, 32.824317, 32.829451)))"
481130079032,0.06148429035752978,0.05943152454780365,"list(list(c(-96.761399, -96.76105, -96.760643, -96.752877, -96.752947, -96.76136, -96.761399, -96.761399, 32.846536, 32.849467, 32.850859, 32.850867, 32.843665, 32.841787, 32.844344, 32.846536)))"
481130068002,0.8787107258938245,0.8766149870801033,"list(list(c(-96.877416, -96.875647, -96.874511, -96.874004, -96.867125, -96.867632, -96.864698, -96.862596, -96.862524, -96.874028, -96.880628, -96.877416, 32.750894, 32.75226, 32.753244, 32.753597, 32.757061, 32.753321, 32.754036, 32.752951, 32.74953, 32.749552, 32.749569, 32.750894)))"
481130146022,0.7924702058504876,0.6873385012919897,"list(list(c(-96.942427, -96.939226, -96.934251, -96.934345, -96.942429, -96.942427, 32.822114, 32.822096, 32.822077, 32.81461, 32.81472, 32.822114)))"
481130017032,0.028656554712892746,0.018733850129198926,"list(list(c(-96.800411, -96.797156, -96.793822, -96.793466, -96.793408, -96.793494, -96.794598, -96.798681, -96.800411, 32.793829, 32.796611, 32.799445, 32.799136, 32.797697, 32.797277, 32.795219, 32.792341, 32.793829)))"
481130190271,0.5579631635969664,0.4780361757105943,"list(list(c(-96.668391, -96.665496, -96.665449, -96.665449, -96.663684, -96.662409, -96.656239, -96.653462, -96.665491, -96.668297, -96.668391, 32.956283, 32.95637, 32.959428, 32.959591, 32.959502, 32.958899, 32.953871, 32.951593, 32.9515, 32.951483, 32.956283)))"
481130166212,0.7274106175514626,0.6892764857881137,"list(list(c(-96.839773, -96.82229, -96.822359, -96.822359, -96.824632, -96.826656, -96.830833, -96.834368, -96.836373, -96.83966, -96.839665, -96.839667, -96.839683, -96.839773, 32.575178, 32.575232, 32.56711, 32.561183, 32.560612, 32.562206, 32.564054, 32.563241, 32.564225, 32.562955, 32.565054, 32.566122, 32.567148, 32.575178)))"
481130096101,0.9564463705308776,0.9457364341085271,"list(list(c(-96.882531, -96.88162, -96.880721, -96.881366, -96.882591, -96.882531, 32.909403, 32.909436, 32.90793, 32.903829, 32.903829, 32.909403)))"
481130002023,0.024485373781148456,0.016149870801033583,"list(list(c(-96.770157, -96.761513, -96.761564, -96.761558, -96.77015, -96.770157, 32.832208, 32.832459, 32.829894, 32.826957, 32.826987, 32.832208)))"
481130071024,0.12280606717226439,0.12919896640826878,"list(list(c(-96.834749, -96.830149, -96.82742, -96.827167, -96.825572, -96.831556, -96.834109, -96.834491, -96.834749, 32.844852, 32.844879, 32.844929, 32.838222, 32.836703, 32.836524, 32.839246, 32.844118, 32.844852)))"
481130105002,0.9897074756229686,0.9941860465116279,"list(list(c(-96.90561, -96.89493, -96.890864, -96.882559, -96.882566, -96.882238, -96.878243, -96.87634, -96.873781, -96.873789, -96.873801, -96.873834, -96.87384, -96.880822, -96.887145, -96.888547, -96.895844, -96.90233, -96.902377, -96.90561, 32.778621, 32.778454, 32.778886, 32.778911, 32.788766, 32.789838, 32.790005, 32.786664, 32.786884, 32.786329, 32.785446, 32.778762, 32.76755, 32.767726, 32.767952, 32.767877, 32.766786, 32.766614, 32.767558, 32.778621)))"
481130094022,0.12621885157096424,0.14922480620155043,"list(list(c(-96.848804, -96.846314, -96.846508, -96.846327, -96.844971, -96.838533, -96.838596, -96.837772, -96.848878, -96.848804, 32.871059, 32.875312, 32.87857, 32.880299, 32.880423, 32.880322, 32.870038, 32.866869, 32.867162, 32.871059)))"
481130095002,0.09869989165763815,0.1130490956072352,"list(list(c(-96.856243, -96.8448, -96.838384, -96.838475, -96.84333, -96.84669, -96.856215, -96.856243, 32.89518, 32.8951, 32.895051, 32.887696, 32.887712, 32.887721, 32.887808, 32.89518)))"
481130096033,0.49739978331527623,0.4108527131782945,"list(list(c(-96.829502, -96.824764, -96.821882, -96.818827, -96.814644, -96.818365, -96.829632, -96.829502, 32.922427, 32.922296, 32.921203, 32.921478, 32.909585, 32.909615, 32.909627, 32.922427)))"
481130096052,0.8947453954496208,0.8507751937984496,"list(list(c(-96.863966, -96.856089, -96.85616, -96.864003, -96.863966, 32.913196, 32.913189, 32.909652, 32.909723, 32.913196)))"
481130168031,0.9299566630552546,0.9011627906976745,"list(list(c(-96.782538, -96.777631, -96.763563, -96.76105, -96.758047, -96.756662, -96.75651, -96.76789, -96.767787, -96.774309, -96.77782, -96.777387, -96.778252, -96.780227, -96.781999, -96.782538, 32.604672, 32.605235, 32.60497, 32.603915, 32.603855, 32.602027, 32.599957, 32.599936, 32.598864, 32.598868, 32.598537, 32.599944, 32.602122, 32.603127, 32.602649, 32.604672)))"
481130181271,0.7794149512459372,0.6795865633074936,"list(list(c(-96.642631, -96.638632, -96.636607, -96.634213, -96.633474, -96.630595, -96.630457, -96.630404, -96.630527, -96.632064, -96.632145, -96.637931, -96.638802, -96.645224, -96.642631, 32.861213, 32.857901, 32.85613, 32.853796, 32.850218, 32.847468, 32.847585, 32.847532, 32.847409, 32.846111, 32.846185, 32.851979, 32.85384, 32.859009, 32.861213)))"
481130203001,NA,NA,"list(list(c(-96.76743, -96.765535, -96.759428, -96.748515, -96.749014, -96.752271, -96.758635, -96.765105, -96.767096, -96.767388, -96.76743, 32.779947, 32.783786, 32.782138, 32.780028, 32.779075, 32.776739, 32.771337, 32.777326, 32.778464, 32.77886, 32.779947)))"
481130205002,0.9602925243770314,0.9392764857881137,"list(list(c(-96.873801, -96.869224, -96.865202, -96.865145, -96.865777, -96.873834, -96.873801, 32.785446, 32.78634, 32.785395, 32.783599, 32.778744, 32.778762, 32.785446)))"
481130068003,0.5867280606717227,0.5239018087855297,"list(list(c(-96.864286, -96.863594, -96.861155, -96.856737, -96.856807, -96.858499, -96.859692, -96.86259, -96.864159, -96.864286, 32.758471, 32.758803, 32.760013, 32.762183, 32.755685, 32.754137, 32.75521, 32.755509, 32.758353, 32.758471)))"
481130080004,0.10135427952329357,0.10981912144702843,"list(list(c(-96.739355, -96.730562, -96.729303, -96.729264, -96.731553, -96.731694, -96.728654, -96.725103, -96.721827, -96.721422, -96.723206, -96.724156, -96.724336, -96.719893, -96.719777, -96.722177, -96.73003, -96.731103, -96.732203, -96.732674, -96.739355, 32.844105, 32.851463, 32.852209, 32.853371, 32.855392, 32.85561, 32.856951, 32.858517, 32.856226, 32.8555, 32.852755, 32.85138, 32.846916, 32.838096, 32.834428, 32.823827, 32.824044, 32.825158, 32.827264, 32.828913, 32.844105)))"
481130006061,0.23185265438786562,0.22416020671834624,"list(list(c(-96.805134, -96.802338, -96.802381, -96.800209, -96.799987, -96.799744, -96.799431, -96.799205, -96.797312, -96.798209, -96.795694, -96.794199, -96.792992, -96.795399, -96.797552, -96.799209, -96.800623, -96.802361, -96.802775, -96.806868, -96.805134, 32.817428, 32.817393, 32.819679, 32.819693, 32.81897, 32.818944, 32.818944, 32.818945, 32.820843, 32.823208, 32.823189, 32.822711, 32.822173, 32.817678, 32.813513, 32.811718, 32.81295, 32.814659, 32.814188, 32.817743, 32.817428)))"
481130078191,0.8083965330444204,0.7603359173126615,"list(list(c(-96.761162, -96.760059, -96.758548, -96.75681, -96.753814, -96.750392, -96.749436, -96.749116, -96.750982, -96.753803, -96.756076, -96.755891, -96.761681, -96.761162, 32.868639, 32.867594, 32.86643, 32.865112, 32.864412, 32.863763, 32.863781, 32.863014, 32.862084, 32.859626, 32.86135, 32.863183, 32.867524, 32.868639)))"
481130192132,0.9770855904658722,0.977390180878553,"list(list(c(-96.759437, -96.757402, -96.751937, -96.748136, -96.748076, -96.752487, -96.754264, -96.757811, -96.757994, -96.760603, -96.759437, 32.939985, 32.939979, 32.939974, 32.939974, 32.938314, 32.934889, 32.9364, 32.936522, 32.937493, 32.939949, 32.939985)))"
481130195013,0.00325027085590468,0.003229974160206761,"list(list(c(-96.795757, -96.7958, -96.795451, -96.789658, -96.786747, -96.786887, -96.78865, -96.789708, -96.789218, -96.796713, -96.795757, 32.862364, 32.8654, 32.865399, 32.865401, 32.865389, 32.860365, 32.860365, 32.85841, 32.85705, 32.857034, 32.862364)))"
481130192131,0.7377573131094257,0.6757105943152455,"list(list(c(-96.759999, -96.758444, -96.757988, -96.757811, -96.754264, -96.752487, -96.759964, -96.760006, -96.759999, 32.929478, 32.932744, 32.936095, 32.936522, 32.9364, 32.934889, 32.928759, 32.929221, 32.929478)))"
481130190421,0.2452871072589382,0.26356589147286824,"list(list(c(-96.647771, -96.647763, -96.640872, -96.629198, -96.628658, -96.623501, -96.623566, -96.623851, -96.625798, -96.628692, -96.631595, -96.636543, -96.638775, -96.640959, -96.647806, -96.647771, 32.98453, 32.984796, 32.984699, 32.984531, 32.984523, 32.98445, 32.984213, 32.979685, 32.978752, 32.978793, 32.979785, 32.980324, 32.982091, 32.982491, 32.982556, 32.98453)))"
481130141382,0.5309859154929577,0.4534883720930233,"list(list(c(-96.941174, -96.937615, -96.932049, -96.931035, -96.932558, -96.9314, -96.933446, -96.935666, -96.935115, -96.937746, -96.939771, -96.941174, 32.902867, 32.904353, 32.902043, 32.898963, 32.897502, 32.895767, 32.895792, 32.895809, 32.900362, 32.899977, 32.899601, 32.902867)))"
481130136222,0.5848320693391116,0.5006459948320414,"list(list(c(-96.809495, -96.80862, -96.807791, -96.808109, -96.807074, -96.804162, -96.803775, -96.803622, -96.80364, -96.805325, -96.806061, -96.808191, -96.809073, -96.809495, 32.947477, 32.94862, 32.950659, 32.953944, 32.95393, 32.953889, 32.952402, 32.949851, 32.946091, 32.946733, 32.946646, 32.947331, 32.947229, 32.947477)))"
481130136261,0.8718851570964247,0.8242894056847545,"list(list(c(-96.818059, -96.813714, -96.813546, -96.812938, -96.811349, -96.818037, -96.818074, -96.818059, 32.936115, 32.936159, 32.934731, 32.93206, 32.930591, 32.930628, 32.932924, 32.936115)))"
481130096103,0.9687973997833152,0.9644702842377261,"list(list(c(-96.89185, -96.889528, -96.882531, -96.882591, -96.889885, -96.890674, -96.89185, 32.907715, 32.908779, 32.909403, 32.903829, 32.903838, 32.903874, 32.907715)))"
481130130111,0.9346695557963164,0.9102067183462532,"list(list(c(-96.690848, -96.689481, -96.687091, -96.686459, -96.687995, -96.690329, -96.69144, -96.690848, 32.878673, 32.878681, 32.87738, 32.876875, 32.876574, 32.87392, 32.874463, 32.878673)))"
481130190183,0.6699349945828819,0.5872093023255813,"list(list(c(-96.717063, -96.714196, -96.714237, -96.712146, -96.71153, -96.715207, -96.717063, 32.922593, 32.922673, 32.923985, 32.924022, 32.9195, 32.921697, 32.922593)))"
481130136251,0.4421451787648971,0.3649870801033591,"list(list(c(-96.822449, -96.818311, -96.817916, -96.817835, -96.817927, -96.822086, -96.822085, -96.822157, -96.822863, -96.822449, 32.944543, 32.944668, 32.943362, 32.942808, 32.939413, 32.939495, 32.939642, 32.942557, 32.944506, 32.944543)))"
481130078211,0.9299024918743228,0.9121447028423773,"list(list(c(-96.758367, -96.753686, -96.752595, -96.754687, -96.75514, -96.758367, 32.870873, 32.874737, 32.872805, 32.872326, 32.870247, 32.870873)))"
481130136252,0.43472372697724815,0.37855297157622736,"list(list(c(-96.823426, -96.823092, -96.822422, -96.819113, -96.818311, -96.822449, -96.822863, -96.82338, -96.823426, 32.946573, 32.946695, 32.94682, 32.946834, 32.944668, 32.944543, 32.944506, 32.946209, 32.946573)))"
481130141262,0.029577464788732355,0.03552971576227393,"list(list(c(-97.006636, -97.001356, -96.999536, -96.997245, -96.996123, -96.997835, -96.998081, -96.999199, -97.006734, -97.006636, 32.96208, 32.962153, 32.963189, 32.962879, 32.959763, 32.959043, 32.954573, 32.954661, 32.954706, 32.96208)))"
481130141214,0.49604550379198264,0.41860465116279066,"list(list(c(-96.95798, -96.957443, -96.953433, -96.948953, -96.947933, -96.947583, -96.949403, -96.95191, -96.951184, -96.950547, -96.945013, -96.944445, -96.943886, -96.943452, -96.942455, -96.94193, -96.939093, -96.93882, -96.938847, -96.938877, -96.957993, -96.95798, 32.954115, 32.955215, 32.954425, 32.955002, 32.955525, 32.95653, 32.958511, 32.96492, 32.966436, 32.966121, 32.965985, 32.966049, 32.963696, 32.958139, 32.956297, 32.955655, 32.952686, 32.952267, 32.951786, 32.951501, 32.952801, 32.954115
)))"
481130141211,0.5314192849404117,0.4547803617571059,"list(list(c(-96.959882, -96.959192, -96.956033, -96.955446, -96.952437, -96.954983, -96.95783, -96.959194, -96.958803, -96.958663, -96.958656, -96.958902, -96.959178, -96.959821, -96.959882, 32.969395, 32.969437, 32.969375, 32.969172, 32.967242, 32.96358, 32.963234, 32.9637, 32.964439, 32.965018, 32.965615, 32.966462, 32.967027, 32.96858, 32.969395)))"
481130166211,0.24122426868905744,0.2655038759689923,"list(list(c(-96.850023, -96.846274, -96.839773, -96.839683, -96.839667, -96.841803, -96.845037, -96.848072, -96.849937, -96.850325, -96.850023, 32.575204, 32.575204, 32.575178, 32.567148, 32.566122, 32.566332, 32.568061, 32.568322, 32.56986, 32.570611, 32.575204)))"
481130190411,0.16755146262188514,0.1589147286821705,"list(list(c(-96.736229, -96.732806, -96.727873, -96.727926, -96.729382, -96.729406, -96.732819, -96.735939, -96.736392, -96.736229, 32.925463, 32.933197, 32.933152, 32.92933, 32.925561, 32.925385, 32.925294, 32.92387, 32.925119, 32.925463)))"
481130190163,0.9206933911159263,0.9063307493540051,"list(list(c(-96.756925, -96.754143, -96.740406, -96.742097, -96.740593, -96.739559, -96.738818, -96.738811, -96.735527, -96.735542, -96.735529, -96.743481, -96.744955, -96.750295, -96.753596, -96.757179, -96.756925, 32.924221, 32.923273, 32.923074, 32.919675, 32.919189, 32.917946, 32.917678, 32.916877, 32.916767, 32.914119, 32.911544, 32.916742, 32.917701, 32.920557, 32.922198, 32.923415, 32.924221)))"
481130181113,0.7151137594799566,0.6040051679586563,"list(list(c(-96.63062, -96.621562, -96.621446, -96.612278, -96.610121, -96.611433, -96.614225, -96.616199, -96.618683, -96.62142, -96.625801, -96.628287, -96.63062, 32.871329, 32.878839, 32.87874, 32.870697, 32.868786, 32.868158, 32.865911, 32.868011, 32.868585, 32.869892, 32.866163, 32.869326, 32.871329)))"
481130087031,0.8229685807150596,0.7797157622739018,"list(list(c(-96.781111, -96.774794, -96.771093, -96.773876, -96.772067, -96.777111, -96.777747, -96.781111, 32.707137, 32.710147, 32.708236, 32.706919, 32.704276, 32.701787, 32.702297, 32.707137)))"
481130114013,0.7166847237269772,0.5923772609819121,"list(list(c(-96.767587, -96.763243, -96.760601, -96.757535, -96.749057, -96.748114, -96.75061, -96.762785, -96.763857, -96.763848, -96.764761, -96.76579, -96.767587, 32.682944, 32.685474, 32.686075, 32.685034, 32.681311, 32.680017, 32.678773, 32.672816, 32.674672, 32.676886, 32.678741, 32.679837, 32.682944)))"
481130178083,0.7478331527627302,0.6388888888888888,"list(list(c(-96.611395, -96.603104, -96.59904, -96.597452, -96.595903, -96.596061, -96.5959, -96.596859, -96.599358, -96.610716, -96.610757, -96.611921, -96.611395, 32.831385, 32.832112, 32.830557, 32.828843, 32.828712, 32.826117, 32.822913, 32.823152, 32.824572, 32.824604, 32.827568, 32.83041, 32.831385)))"
481130190391,0.47849404117009753,0.3979328165374677,"list(list(c(-96.714771, -96.710176, -96.708526, -96.699948, -96.69988, -96.710596, -96.714043, -96.714771, 32.945563, 32.945566, 32.945341, 32.945321, 32.938581, 32.938817, 32.939858, 32.945563)))"
481130122091,0.1777898158179848,0.2093023255813954,"list(list(c(-96.70942, -96.698707, -96.697027, -96.69578, -96.691702, -96.689698, -96.696937, -96.697651, -96.701401, -96.701962, -96.705723, -96.708496, -96.708884, -96.70942, 32.812266, 32.81956, 32.821483, 32.823859, 32.820055, 32.817411, 32.81373, 32.813345, 32.811954, 32.811599, 32.808541, 32.810565, 32.811066, 32.812266)))"
481130190233,0.01115926327193928,0.011627906976744207,"list(list(c(-96.699976, -96.699156, -96.691338, -96.691297, -96.699948, -96.699976, 32.953086, 32.953105, 32.953071, 32.945268, 32.945321, 32.953086)))"
481130192053,0.11094257854821232,0.13501291989664088,"list(list(c(-96.768926, -96.76892, -96.755368, -96.756161, -96.755582, -96.757495, -96.762333, -96.768942, -96.768926, 32.968004, 32.970694, 32.970835, 32.969414, 32.9684, 32.962435, 32.962338, 32.962237, 32.968004)))"
481130192032,0.013867822318526568,0.015503875968992276,"list(list(c(-96.743878, -96.743784, -96.743496, -96.741901, -96.739677, -96.73944, -96.739471, -96.739475, -96.743878, -96.743878, 32.950969, 32.959823, 32.963106, 32.963164, 32.963164, 32.962285, 32.950941, 32.95082, 32.950837, 32.950969)))"
481130166201,0.7808775731310943,0.669250645994832,"list(list(c(-96.857212, -96.843309, -96.843572, -96.845095, -96.845063, -96.846431, -96.847021, -96.848748, -96.848218, -96.849132, -96.857066, -96.857212, 32.604228, 32.604367, 32.603116, 32.601427, 32.599787, 32.598616, 32.594732, 32.593307, 32.591267, 32.589713, 32.589716, 32.604228)))"
481130166232,0.6,0.5213178294573644,"list(list(c(-96.874056, -96.856929, -96.856878, -96.856878, -96.856863, -96.856846, -96.874054, -96.874027, -96.874026, -96.874056, 32.575305, 32.575238, 32.565962, 32.565013, 32.563189, 32.560763, 32.56073, 32.565285, 32.565879, 32.575305)))"
481130165173,0.8134344528710726,0.725452196382429,"list(list(c(-96.908349, -96.908358, -96.908401, -96.900951, -96.900349, -96.900868, -96.900259, -96.904748, -96.908406, -96.908349, 32.628715, 32.633879, 32.64043, 32.640483, 32.63752, 32.632904, 32.63291, 32.628712, 32.625258, 32.628715)))"
481130165131,0.1001083423618635,0.10335917312661502,"list(list(c(-96.942971, -96.933858, -96.93256, -96.925541, -96.920293, -96.917553, -96.915236, -96.916463, -96.919409, -96.942935, -96.942971, 32.647244, 32.647302, 32.647413, 32.64747, 32.647409, 32.646088, 32.646012, 32.644855, 32.642065, 32.642122, 32.647244)))"
481130164101,0.6575297941495124,0.563953488372093,"list(list(c(-97.036824, -97.03674, -97.036579, -97.036574, -97.030774, -97.030776, -97.030956, -97.0306, -97.028915, -97.027886, -97.027807, -97.036907, -97.036824, 32.659489, 32.666274, 32.675912, 32.676206, 32.676188, 32.675905, 32.66834, 32.66476, 32.664051, 32.661717, 32.656837, 32.655158, 32.659489)))"
481130164063,0.9267063921993499,0.8908268733850129,"list(list(c(-97.015549, -97.009478, -97.007279, -97.007261, -97.015607, -97.015549, 32.703428, 32.703381, 32.699849, 32.698064, 32.698113, 32.703428)))"
481130190261,0.5218851570964247,0.42377260981912146,"list(list(c(-96.641717, -96.639491, -96.637475, -96.633129, -96.635063, -96.635515, -96.637046, -96.640426, -96.644946, -96.641717, 32.948071, 32.946278, 32.945576, 32.941813, 32.940258, 32.939359, 32.940258, 32.940725, 32.944567, 32.948071)))"
481130190371,0.05899241603466954,0.07881136950904388,"list(list(c(-96.691252, -96.688886, -96.688659, -96.685415, -96.682502, -96.682508, -96.692294, -96.691252, 32.97037, 32.972144, 32.973635, 32.973183, 32.973256, 32.967785, 32.967835, 32.97037)))"
481130195021,0.3670097508125677,0.3229974160206718,"list(list(c(-96.813667, -96.812125, -96.812086, -96.804211, -96.79495, -96.795408, -96.79721, -96.799885, -96.799826, -96.800668, -96.813831, -96.813667, 32.846884, 32.847327, 32.851177, 32.851134, 32.851073, 32.84885, 32.847279, 32.846818, 32.845391, 32.845342, 32.845356, 32.846884)))"
481130052002,0.8937161430119177,0.853359173126615,"list(list(c(-96.856879, -96.844175, -96.844251, -96.8443, -96.849211, -96.854901, -96.856876, -96.856793, -96.856879, 32.741259, 32.741241, 32.73717, 32.734977, 32.734986, 32.734598, 32.734833, 32.740237, 32.741259)))"
481130047002,0.9280606717226436,0.8791989664082688,"list(list(c(-96.832035, -96.831623, -96.827879, -96.822882, -96.82284, -96.824362, -96.832123, -96.832035, 32.748818, 32.74945, 32.749445, 32.749415, 32.743505, 32.743132, 32.743145, 32.748818)))"
481130043001,0.44517876489707475,0.396640826873385,"list(list(c(-96.856561, -96.856519, -96.84996, -96.846396, -96.843825, -96.826794, -96.825742, -96.822425, -96.817685, -96.822845, -96.823067, -96.835703, -96.838041, -96.841824, -96.845115, -96.848366, -96.850336, -96.856677, -96.856561, 32.775202, 32.778714, 32.778568, 32.778526, 32.778531, 32.778623, 32.778821, 32.779989, 32.770207, 32.769205, 32.769163, 32.767512, 32.76703, 32.765158, 32.764109, 32.764158, 32.764634, 32.766442, 32.775202)))"
481130194001,0.44962080173347774,0.38242894056847543,"list(list(c(-96.800668, -96.799826, -96.789634, -96.787025, -96.787094, -96.789959, -96.789966, -96.795548, -96.795545, -96.798738, -96.797606, -96.800668, -96.800668, 32.845342, 32.845391, 32.845021, 32.84525, 32.837683, 32.837617, 32.840722, 32.840632, 32.843877, 32.842863, 32.843995, 32.844087, 32.845342)))"
481130161001,0.7925243770314193,0.75,"list(list(c(-97.035528, -97.035522, -97.029123, -97.02304, -97.023037, -97.023108, -97.020132, -97.020311, -97.021767, -97.022706, -97.025248, -97.027611, -97.034186, -97.035752, -97.035528, 32.739128, 32.739451, 32.740288, 32.741072, 32.740719, 32.731937, 32.729243, 32.728237, 32.72967, 32.729338, 32.728516, 32.729093, 32.727041, 32.725956, 32.739128)))"
481130159001,0.726056338028169,0.6556847545219638,"list(list(c(-96.994892, -96.994741, -96.994534, -96.994504, -96.987433, -96.987445, -96.987716, -96.983891, -96.983857, -96.985763, -96.98877, -96.989264, -96.991217, -96.992963, -96.994263, -96.994371, -96.994969, -96.994892, 32.737671, 32.738204, 32.74232, 32.745112, 32.745435, 32.74537, 32.738211, 32.738157, 32.735053, 32.734917, 32.734927, 32.73493, 32.734928, 32.73493, 32.734932, 32.735439, 32.736488, 32.737671)))"
481130154041,0.8092091007583966,0.7209302325581395,"list(list(c(-97.035518, -97.035191, -97.028388, -97.028486, -97.027915, -97.028624, -97.029123, -97.035522, -97.035518, 32.739709, 32.757098, 32.757076, 32.752837, 32.750388, 32.749981, 32.740288, 32.739451, 32.739709)))"
481130153061,0.733694474539545,0.6111111111111112,"list(list(c(-96.991688, -96.988404, -96.980302, -96.980277, -96.981789, -96.989285, -96.99203, -96.991688, 32.804104, 32.802903, 32.800623, 32.796331, 32.795074, 32.795342, 32.799261, 32.804104)))"
481130142032,0.27892741061755144,0.3055555555555556,"list(list(c(-96.950467, -96.950348, -96.950312, -96.947752, -96.944803, -96.940438, -96.938725, -96.936354, -96.937533, -96.942694, -96.943416, -96.951295, -96.950467, 32.845956, 32.849893, 32.853741, 32.853673, 32.851734, 32.850977, 32.84796, 32.846069, 32.844129, 32.844175, 32.84426, 32.844316, 32.845956)))"
481130141232,0.09940411700975083,0.12726098191214474,"list(list(c(-96.972389, -96.963822, -96.962232, -96.962108, -96.964099, -96.971215, -96.971861, -96.972318, -96.972389, 32.983949, 32.983972, 32.981037, 32.980521, 32.978296, 32.981431, 32.981945, 32.982678, 32.983949)))"
481130141203,0.04707475622968582,0.04974160206718348,"list(list(c(-96.976692, -96.976622, -96.972394, -96.970184, -96.970263, -96.970252, -96.968529, -96.96733, -96.968225, -96.969215, -96.972192, -96.976677, -96.976718, -96.976692, 32.959921, 32.969436, 32.969468, 32.969453, 32.963106, 32.961221, 32.95926, 32.957656, 32.954378, 32.954679, 32.955322, 32.954782, 32.95501, 32.959921)))"
481130138041,0.1991332611050921,0.1815245478036176,"list(list(c(-96.855989, -96.854614, -96.851593, -96.847997, -96.847813, -96.847569, -96.847358, -96.846967, -96.846758, -96.846553, -96.844621, -96.839916, -96.841345, -96.848127, -96.856049, -96.855989, 32.924231, 32.924244, 32.92531, 32.925392, 32.925418, 32.925478, 32.925547, 32.925719, 32.925582, 32.925471, 32.925355, 32.925259, 32.924453, 32.921473, 32.918138, 32.924231)))"
481130152021,0.7133802816901409,0.6285529715762275,"list(list(c(-96.976442, -96.970262, -96.968617, -96.966485, -96.976447, -96.976442, 32.82853, 32.826383, 32.825481, 32.822395, 32.822485, 32.82853)))"
481130144062,0.9630552546045503,0.9528423772609819,"list(list(c(-96.993778, -96.990181, -96.990095, -96.987947, -96.987935, -96.983887, -96.982449, -96.98233, -96.984562, -96.985634, -96.984495, -96.978908, -96.976442, -96.976447, -96.976427, -96.993875, -96.993778, 32.82855, 32.828474, 32.823417, 32.823093, 32.824137, 32.824081, 32.824914, 32.826469, 32.828083, 32.828356, 32.829023, 32.829403, 32.82853, 32.822485, 32.821699, 32.821829, 32.82855)))"
481130137201,0.8566630552546045,0.7674418604651163,"list(list(c(-96.889995, -96.889922, -96.885081, -96.884011, -96.876069, -96.87746, -96.878236, -96.879057, -96.887112, -96.88722, -96.890059, -96.889995, 32.973467, 32.975575, 32.975537, 32.985169, 32.985149, 32.980446, 32.979101, 32.978144, 32.972136, 32.972051, 32.969983, 32.973467)))"
481130137161,0.6250270855904658,0.5155038759689923,"list(list(c(-96.923152, -96.922241, -96.907165, -96.907292, -96.907345, -96.907451, -96.90746, -96.910225, -96.910761, -96.914222, -96.922034, -96.923624, -96.923152, 32.975088, 32.975619, 32.975661, 32.968465, 32.964897, 32.956553, 32.955872, 32.954043, 32.953789, 32.958745, 32.972693, 32.974885, 32.975088)))"
481130136181,0.6641928494041169,0.5697674418604651,"list(list(c(-96.778675, -96.77474, -96.768247, -96.768216, -96.768214, -96.774136, -96.774632, -96.778713, -96.778675, 32.986588, 32.986537, 32.986454, 32.982891, 32.978351, 32.978326, 32.981776, 32.981037, 32.986588)))"
481130109042,0.7329360780065006,0.6479328165374677,"list(list(c(-96.891414, -96.891268, -96.881539, -96.881624, -96.884189, -96.891285, -96.891426, -96.891414, 32.661913, 32.661913, 32.661948, 32.661399, 32.65708, 32.660133, 32.660185, 32.661913)))"
481130106022,0.7761105092091007,0.7015503875968992,"list(list(c(-96.908812, -96.910561, -96.91196, -96.912008, -96.906873, -96.90561, -96.902377, -96.90233, -96.914396, -96.908812, 32.769297, 32.775159, 32.775861, 32.778564, 32.778532, 32.778621, 32.767558, 32.766614, 32.766454, 32.769297)))"
481130101022,0.942578548212351,0.9547803617571059,"list(list(c(-96.844065, -96.844067, -96.841315, -96.835819, -96.835799, -96.839728, -96.839715, -96.843575, -96.843573, -96.844088, -96.844065, 32.786838, 32.788828, 32.788497, 32.785891, 32.781386, 32.78138, 32.783257, 32.783337, 32.785898, 32.785837, 32.786838)))"
481130098043,0.9900866738894908,0.9948320413436692,"list(list(c(-96.876173, -96.871405, -96.871427, -96.870311, -96.873832, -96.87535, -96.876173, 32.875867, 32.875774, 32.875217, 32.873835, 32.873865, 32.873372, 32.875867)))"
481130098021,0.5479956663055254,0.4954780361757106,"list(list(c(-96.865705, -96.856828, -96.856275, -96.856235, -96.857058, -96.860482, -96.862402, -96.864618, -96.864583, -96.865705, 32.880792, 32.880547, 32.880428, 32.874938, 32.87505, 32.875127, 32.876008, 32.876047, 32.878691, 32.880792)))"
481130097013,0.35368364030335864,0.351421188630491,"list(list(c(-96.877063, -96.870488, -96.870362, -96.869751, -96.867732, -96.865933, -96.865719, -96.865705, -96.877001, -96.877063, 32.887861, 32.887799, 32.887799, 32.886324, 32.885955, 32.885049, 32.883836, 32.880792, 32.880909, 32.887861)))"
481130096091,0.07481040086673885,0.10077519379844957,"list(list(c(-96.856298, -96.838325, -96.838384, -96.8448, -96.856243, -96.856298, 32.902313, 32.902211, 32.895051, 32.8951, 32.89518, 32.902313)))"
481130096073,0.2650054171180932,0.2777777777777778,"list(list(c(-96.8723, -96.87065, -96.870188, -96.863515, -96.862413, -96.862278, -96.862939, -96.870345, -96.872166, -96.8723, 32.90394, 32.902372, 32.901964, 32.901938, 32.90043, 32.895238, 32.895256, 32.895256, 32.899699, 32.90394)))"
481130078012,0.030444203683640314,0.022609819121446995,"list(list(c(-96.786662, -96.783558, -96.778675, -96.778799, -96.776468, -96.778555, -96.781885, -96.786727, -96.786662, 32.880032, 32.880141, 32.880161, 32.876564, 32.871955, 32.871923, 32.873271, 32.873466, 32.880032)))"
481130136082,0.15595882990249188,0.1414728682170543,"list(list(c(-96.803955, -96.803739, -96.798318, -96.795592, -96.794337, -96.786262, -96.786266, -96.786314, -96.786314, -96.788006, -96.800105, -96.803568, -96.803633, -96.803945, -96.803955, 32.936517, 32.938632, 32.938663, 32.939638, 32.939929, 32.939824, 32.933236, 32.925294, 32.924869, 32.925072, 32.925182, 32.92564, 32.932868, 32.934969, 32.936517)))"
481130136052,0.17356446370530876,0.20542635658914732,"list(list(c(-96.785752, -96.783039, -96.778728, -96.778511, -96.783335, -96.784204, -96.784004, -96.785553, -96.785752, 32.979279, 32.97927, 32.978333, 32.970397, 32.970526, 32.970779, 32.97449, 32.977454, 32.979279)))"
481130136051,0.07968580715059592,0.0968992248062015,"list(list(c(-96.778728, -96.774136, -96.768214, -96.768867, -96.76892, -96.768926, -96.769897, -96.77853, -96.778511, -96.778728, 32.978333, 32.978326, 32.978351, 32.974815, 32.970694, 32.968004, 32.968667, 32.968677, 32.970397, 32.978333)))"
481130111052,0.9362405200433369,0.8947028423772609,"list(list(c(-96.829356, -96.828328, -96.827635, -96.823374, -96.823338, -96.823324, -96.82933, -96.829299, -96.829356, 32.649771, 32.652896, 32.654358, 32.654047, 32.647616, 32.642285, 32.642266, 32.647644, 32.649771)))"
481130076011,0.03537378114842904,0.029069767441860517,"list(list(c(-96.838384, -96.829607, -96.824671, -96.82475, -96.829291, -96.829681, -96.832048, -96.838475, -96.838384, 32.895051, 32.894983, 32.894964, 32.886753, 32.88687, 32.888275, 32.887614, 32.887696, 32.895051)))"
481130073023,0.03477789815817989,0.04844961240310075,"list(list(c(-96.836874, -96.83732, -96.837404, -96.835931, -96.836441, -96.830831, -96.829147, -96.825742, -96.825283, -96.825267, -96.827904, -96.833891, -96.838721, -96.836874, 32.853538, 32.856887, 32.858869, 32.862296, 32.863957, 32.86344, 32.863953, 32.860144, 32.859398, 32.856188, 32.856296, 32.851166, 32.851152, 32.853538)))"
481130071022,0.4005958829902492,0.32558139534883723,"list(list(c(-96.840704, -96.838721, -96.833891, -96.830088, -96.830149, -96.834749, -96.835108, -96.841151, -96.840704, 32.850994, 32.851152, 32.851166, 32.851174, 32.844879, 32.844852, 32.845444, 32.850735, 32.850994)))"
481130064011,0.838353196099675,0.7622739018087855,"list(list(c(-96.868851, -96.863661, -96.857069, -96.857079, -96.859281, -96.868985, -96.868851, 32.728962, 32.729225, 32.729215, 32.72533, 32.724145, 32.720656, 32.728962)))"
481130063012,0.5816359696641387,0.4838501291989664,"list(list(c(-96.848573, -96.840128, -96.840172, -96.848629, -96.848573, 32.713005, 32.713107, 32.705893, 32.70583, 32.713005)))"
481130004012,0.5562296858071506,0.5103359173126615,"list(list(c(-96.827323, -96.82266, -96.821971, -96.817901, -96.817675, -96.815612, -96.816226, -96.817233, -96.819718, -96.8219, -96.828903, -96.827323, 32.807237, 32.811517, 32.81093, 32.807594, 32.807373, 32.798788, 32.799194, 32.800528, 32.803413, 32.804574, 32.805805, 32.807237)))"
481130183002,0.8918201516793066,0.828811369509044,"list(list(c(-96.6582, -96.649143, -96.649102, -96.648245, -96.648011, -96.648095, -96.651428, -96.652377, -96.660254, -96.6582, 32.881766, 32.89438, 32.894472, 32.89446, 32.879291, 32.878858, 32.878891, 32.87885, 32.878906, 32.881766)))"
481130184031,0.7894366197183098,0.6931524547803618,"list(list(c(-96.661581, -96.653576, -96.648344, -96.646303, -96.642631, -96.645224, -96.648298, -96.648839, -96.650237, -96.658127, -96.661581, 32.864036, 32.864016, 32.864047, 32.863979, 32.861213, 32.859009, 32.856407, 32.855953, 32.856841, 32.861839, 32.864036)))"
481130188013,0.7310942578548212,0.6653746770025839,"list(list(c(-96.648385, -96.648257, -96.644704, -96.639603, -96.639742, -96.639937, -96.648297, -96.648385, 32.917163, 32.924501, 32.924141, 32.92407, 32.916713, 32.916167, 32.91624, 32.917163)))"
481130189001,0.5304442036836403,0.45671834625322993,"list(list(c(-96.657204, -96.649566, -96.648319, -96.648257, -96.653636, -96.657326, -96.657204, 32.930573, 32.930639, 32.931024, 32.924501, 32.924346, 32.92508, 32.930573)))"
481130190263,0.7642470205850488,0.6272609819121446,"list(list(c(-96.640426, -96.637046, -96.635515, -96.631221, -96.630783, -96.630798, -96.638448, -96.639614, -96.639601, -96.640121, -96.640426, 32.940725, 32.940258, 32.939359, 32.935305, 32.93345, 32.930936, 32.930746, 32.930858, 32.931061, 32.939073, 32.940725)))"
481130190314,0.38266522210184184,0.3339793281653747,"list(list(c(-96.682508, -96.682502, -96.676399, -96.673566, -96.673311, -96.67486, -96.673832, -96.673425, -96.673863, -96.675539, -96.682528, -96.682508, 32.967785, 32.973256, 32.973254, 32.972654, 32.971363, 32.969732, 32.967166, 32.961353, 32.960704, 32.960759, 32.960687, 32.967785)))"
481130001003,0.04144095341278442,0.039405684754522,"list(list(c(-96.752913, -96.752871, -96.751507, -96.746464, -96.741392, -96.74093, -96.740486, -96.738156, -96.737183, -96.737538, -96.742692, -96.743854, -96.750407, -96.750913, -96.75294, -96.752913, 32.817189, 32.819074, 32.819141, 32.820313, 32.821039, 32.820827, 32.82116, 32.821668, 32.817141, 32.81508, 32.816108, 32.816218, 32.816406, 32.816198, 32.816159, 32.817189)))"
481130002012,0.030985915492957705,0.036821705426356544,"list(list(c(-96.761513, -96.761473, -96.752983, -96.752898, -96.752861, -96.759634, -96.761564, -96.761513, 32.832459, 32.836436, 32.836421, 32.831884, 32.829261, 32.82931, 32.829894, 32.832459)))"
481130002021,0.18055254604550375,0.18346253229974163,"list(list(c(-96.770154, -96.77015, -96.761558, -96.761508, -96.770155, -96.770154, 32.823484, 32.826987, 32.826957, 32.822916, 32.822943, 32.823484)))"
481130013022,0.19068255687974,0.18604651162790697,"list(list(c(-96.769311, -96.765863, -96.761379, -96.761091, -96.763685, -96.765877, -96.768292, -96.769311, 32.800134, 32.803002, 32.798969, 32.797345, 32.795198, 32.797144, 32.799241, 32.800134)))"
481130015022,0.8043336944745395,0.7493540051679586,"list(list(c(-96.770705, -96.767452, -96.763601, -96.761652, -96.761406, -96.767239, -96.768468, -96.770705, 32.788578, 32.791905, 32.795108, 32.793428, 32.793239, 32.788479, 32.786718, 32.788578)))"
481130024001,0.7240520043336944,0.6563307493540051,"list(list(c(-96.763685, -96.761091, -96.756722, -96.756389, -96.754192, -96.759416, -96.760079, -96.761652, -96.763601, -96.763685, 32.795198, 32.797345, 32.80086, 32.80124, 32.799339, 32.79507, 32.794629, 32.793428, 32.795108, 32.795198)))"
481130078091,0.6191765980498375,0.5271317829457365,"list(list(c(-96.753803, -96.750982, -96.749116, -96.747852, -96.744477, -96.745975, -96.748891, -96.749607, -96.751161, -96.753803, 32.859626, 32.862084, 32.863014, 32.863428, 32.855756, 32.856049, 32.856652, 32.856904, 32.85767, 32.859626)))"
481130078152,0.957204767063922,0.9470284237726099,"list(list(c(-96.763393, -96.763281, -96.762518, -96.756701, -96.754727, -96.760155, -96.760749, -96.762572, -96.764882, -96.763393, 32.87306, 32.873185, 32.873036, 32.877405, 32.875639, 32.871203, 32.871041, 32.87133, 32.871736, 32.87306)))"
481130079021,0.15032502708559048,0.13824289405684753,"list(list(c(-96.741677, -96.73712, -96.736666, -96.735257, -96.733163, -96.731694, -96.731553, -96.729264, -96.729303, -96.730562, -96.739355, -96.740628, -96.741677, 32.849386, 32.853345, 32.854318, 32.854307, 32.854999, 32.85561, 32.855392, 32.853371, 32.852209, 32.851463, 32.844105, 32.847042, 32.849386)))"
481130079122,0.5045503791982665,0.41666666666666663,"list(list(c(-96.770454, -96.770406, -96.766617, -96.764877, -96.765538, -96.76597, -96.766911, -96.770454, -96.770454, 32.857273, 32.860885, 32.860898, 32.860318, 32.857823, 32.857393, 32.857174, 32.857094, 32.857273)))"
481130082004,0.4261646803900325,0.351421188630491,"list(list(c(-96.690989, -96.689958, -96.686703, -96.690533, -96.696591, -96.690989, 32.842981, 32.842256, 32.840163, 32.833269, 32.838408, 32.842981)))"
481130127021,0.8853196099674973,0.8210594315245479,"list(list(c(-96.678112, -96.677293, -96.67307, -96.666298, -96.66553, -96.664759, -96.671584, -96.67305, -96.678197, -96.678112, 32.842945, 32.843095, 32.843063, 32.842792, 32.843062, 32.842472, 32.836665, 32.839367, 32.839408, 32.842945)))"
481130091042,0.6232394366197183,0.5607235142118863,"list(list(c(-96.692027, -96.691772, -96.682952, -96.682793, -96.682831, -96.690685, -96.691827, -96.692027, 32.742822, 32.748966, 32.748891, 32.748887, 32.742702, 32.742695, 32.742252, 32.742822)))"
481130122073,0.9484290357529794,0.9166666666666666,"list(list(c(-96.691949, -96.682575, -96.683134, -96.684882, -96.685016, -96.685047, -96.684097, -96.688701, -96.690161, -96.690806, -96.691325, -96.691305, -96.691949, 32.795602, 32.798011, 32.795935, 32.793558, 32.792372, 32.787675, 32.784988, 32.783826, 32.784341, 32.785137, 32.786966, 32.793793, 32.795602)))"
481130126031,0.48667388949079093,0.42894056847545214,"list(list(c(-96.664759, -96.659251, -96.654421, -96.649484, -96.651968, -96.655028, -96.659346, -96.661301, -96.664759, 32.842472, 32.847157, 32.842953, 32.838762, 32.836777, 32.838313, 32.834941, 32.838314, 32.842472)))"
481130127013,0.729252437703142,0.5975452196382429,"list(list(c(-96.684485, -96.679986, -96.672852, -96.67307, -96.677293, -96.683154, -96.685113, -96.684485, 32.844237, 32.850693, 32.850631, 32.843063, 32.843095, 32.843175, 32.843001, 32.844237)))"
481130129004,0.659750812567714,0.5310077519379846,"list(list(c(-96.710769, -96.700553, -96.699109, -96.700916, -96.700396, -96.701257, -96.701681, -96.702362, -96.703239, -96.705863, -96.709839, -96.710758, -96.710769, 32.864207, 32.864172, 32.864164, 32.861776, 32.857635, 32.852424, 32.852936, 32.854318, 32.856009, 32.858347, 32.860675, 32.863495, 32.864207)))"
481130130092,0.020205850487540644,0.021963824289405687,"list(list(c(-96.717922, -96.711978, -96.711527, -96.709192, -96.709163, -96.717936, -96.717922, 32.892528, 32.892339, 32.892066, 32.889597, 32.886142, 32.886007, 32.892528)))"
481130130093,0.6625677139761648,0.54328165374677,"list(list(c(-96.717936, -96.709163, -96.709061, -96.708459, -96.717963, -96.717936, 32.886007, 32.886142, 32.880267, 32.878932, 32.878861, 32.886007)))"
481130181282,0.8916034669555797,0.8081395348837209,"list(list(c(-96.610131, -96.602438, -96.595879, -96.595781, -96.5963, -96.602821, -96.603252, -96.605469, -96.607868, -96.610131, 32.851311, 32.857567, 32.84653, 32.846319, 32.846142, 32.852362, 32.849719, 32.851331, 32.849407, 32.851311)))"
481130181302,0.8877573131094257,0.8191214470284238,"list(list(c(-96.634854, -96.632064, -96.630527, -96.630391, -96.628278, -96.624779, -96.632475, -96.633862, -96.634762, -96.634854, 32.843785, 32.846111, 32.847409, 32.847305, 32.844626, 32.841592, 32.835185, 32.841527, 32.843626, 32.843785)))"
481130190132,0.9816901408450704,0.9819121447028424,"list(list(c(-96.683081, -96.682066, -96.678697, -96.678679, -96.676928, -96.672706, -96.672713, -96.683041, -96.683081, 32.917167, 32.917106, 32.916552, 32.913981, 32.914002, 32.913847, 32.909106, 32.90916, 32.917167)))"
481130176041,0.8943661971830986,0.8223514211886305,"list(list(c(-96.622578, -96.622572, -96.622572, -96.622571, -96.622561, -96.622561, -96.621902, -96.617179, -96.61521, -96.615434, -96.616312, -96.621806, -96.622573, -96.622578, 32.742584, 32.744889, 32.744973, 32.74523, 32.748568, 32.748616, 32.748522, 32.748463, 32.745527, 32.741638, 32.740737, 32.740649, 32.740654, 32.742584)))"
481130182041,0.9572589382448538,0.9638242894056848,"list(list(c(-96.630853, -96.630845, -96.630265, -96.620998, -96.622201, -96.623854, -96.631019, -96.630853, 32.908865, 32.912072, 32.912166, 32.908114, 32.901882, 32.902152, 32.902157, 32.908865)))"
481130178054,0.609967497291441,0.5012919896640826,"list(list(c(-96.684882, -96.683134, -96.682575, -96.677292, -96.676428, -96.675827, -96.674152, -96.673923, -96.668296, -96.660098, -96.655796, -96.65579, -96.655922, -96.668432, -96.677632, -96.678879, -96.680312, -96.68421, -96.685016, -96.684882, 32.793558, 32.795935, 32.798011, 32.799363, 32.79973, 32.799115, 32.798997, 32.798948, 32.797221, 32.794649, 32.793195, 32.792235, 32.792182, 32.792232, 32.792277, 32.792293, 32.792322, 32.792362, 32.792372, 32.793558)))"
481130055002,0.9221018418201516,0.9095607235142119,"list(list(c(-96.81094, -96.810869, -96.8071, -96.805059, -96.803727, -96.802774, -96.796905, -96.796009, -96.799768, -96.805801, -96.805845, -96.810977, -96.81094, 32.714911, 32.720169, 32.720308, 32.720036, 32.720159, 32.720143, 32.719387, 32.719445, 32.717011, 32.71703, 32.713172, 32.713175, 32.714911)))"
481130059012,0.711430119176598,0.6001291989664083,"list(list(c(-96.814679, -96.811486, -96.809421, -96.804166, -96.802574, -96.797145, -96.796661, -96.805209, -96.810976, -96.814534, -96.814679, 32.691315, 32.691307, 32.692282, 32.692532, 32.693351, 32.685502, 32.684471, 32.682288, 32.683861, 32.683874, 32.691315)))"
481130177041,0.8550379198266522,0.7571059431524547,"list(list(c(-96.61122, -96.606009, -96.602191, -96.601202, -96.599434, -96.599244, -96.600309, -96.60515, -96.605153, -96.608479, -96.61122, 32.782331, 32.786749, 32.783487, 32.782553, 32.776544, 32.77552, 32.775374, 32.775394, 32.77692, 32.779985, 32.782331)))"
481130175002,0.21397616468039005,0.23385012919896642,"list(list(c(-96.623418, -96.620418, -96.61273, -96.605619, -96.599149, -96.599248, -96.598729, -96.5986, -96.597197, -96.605167, -96.617418, -96.621044, -96.622224, -96.623418, 32.771918, 32.770713, 32.768895, 32.768104, 32.767512, 32.76609, 32.764122, 32.758232, 32.755907, 32.755927, 32.755926, 32.763731, 32.767719, 32.771918)))"
481130131072,0.4090465872156013,0.374031007751938,"list(list(c(-96.772095, -96.770224, -96.769489, -96.769359, -96.76924, -96.769282, -96.769314, -96.769912, -96.771485, -96.771479, -96.771636, -96.772095, 32.895989, 32.896352, 32.896372, 32.89637, 32.896368, 32.894257, 32.892637, 32.890306, 32.890304, 32.893276, 32.894145, 32.895989)))"
481130094012,0.04620801733477786,0.040051679586563305,"list(list(c(-96.856235, -96.851833, -96.846314, -96.848804, -96.848878, -96.854848, -96.856217, -96.856235, 32.874938, 32.874859, 32.875312, 32.871059, 32.867162, 32.867205, 32.867341, 32.874938)))"
481130079151,0.2934994582881907,0.3074935400516796,"list(list(c(-96.763851, -96.761631, -96.760072, -96.758854, -96.75929, -96.762208, -96.764066, -96.763851, 32.865519, 32.86515, 32.864389, 32.862796, 32.861897, 32.863109, 32.864064, 32.865519)))"
481130108092,0.6679848320693391,0.6304909560723514,"list(list(c(-96.900085, -96.891526, -96.891482, -96.892945, -96.90007, -96.900085, 32.720489, 32.720444, 32.712606, 32.713374, 32.713799, 32.720489)))"
481130001002,0.03970747562296861,0.032945736434108475,"list(list(c(-96.75294, -96.750913, -96.750407, -96.743854, -96.742692, -96.737538, -96.73459, -96.72949, -96.731833, -96.733307, -96.7357, -96.737847, -96.739974, -96.745049, -96.75114, -96.751694, -96.751766, -96.752192, -96.752928, -96.75294, 32.816159, 32.816198, 32.816406, 32.816218, 32.816108, 32.81508, 32.814148, 32.8111, 32.808839, 32.8065, 32.808692, 32.809699, 32.809736, 32.807996, 32.812721, 32.812711, 32.813899, 32.81443, 32.815134, 32.816159)))"
481130091011,0.8606717226435536,0.770671834625323,"list(list(c(-96.700572, -96.693215, -96.690562, -96.690013, -96.687978, -96.682669, -96.682571, -96.682731, -96.682769, -96.682919, -96.688604, -96.689862, -96.690919, -96.691574, -96.694452, -96.699919, -96.699195, -96.700756, -96.700572, 32.76336, 32.763283, 32.762926, 32.763013, 32.763399, 32.763365, 32.762521, 32.760226, 32.757858, 32.757891, 32.757935, 32.757444, 32.756516, 32.754714, 32.756448, 32.757841, 32.760325, 32.761446, 32.76336)))"
481130139023,0.8993499458288191,0.8320413436692506,"list(list(c(-96.890605, -96.884914, -96.882266, -96.873193, -96.873225, -96.876312, -96.878319, -96.881625, -96.881675, -96.882237, -96.888184, -96.890531, -96.890605, 32.938359, 32.938322, 32.939002, 32.938906, 32.934109, 32.933605, 32.9307, 32.928007, 32.92854, 32.929295, 32.93361, 32.935722, 32.938359)))"
481130047001,0.7475081256771398,0.6640826873385013,"list(list(c(-96.837584, -96.831623, -96.832035, -96.832123, -96.837597, -96.837584, 32.749488, 32.74945, 32.748818, 32.743145, 32.743161, 32.749488)))"
481130169022,NA,NA,"list(list(c(-96.719859, -96.713618, -96.697671, -96.696785, -96.69504, -96.691789, -96.689884, -96.68816, -96.688974, -96.708788, -96.709033, -96.709309, -96.710292, -96.715607, -96.719859, 32.662636, 32.665664, 32.673486, 32.673491, 32.671528, 32.66957, 32.67053, 32.662605, 32.662239, 32.652507, 32.651709, 32.652007, 32.652798, 32.655282, 32.662636)))"
481130114012,0.8260021668472373,0.7364341085271318,"list(list(c(-96.775126, -96.764761, -96.763848, -96.763857, -96.762785, -96.762962, -96.772401, -96.775762, -96.775126, 32.673738, 32.678741, 32.676886, 32.674672, 32.672816, 32.672741, 32.668156, 32.673183, 32.673738)))"
481130144073,0.8835861321776814,0.8029715762273901,"list(list(c(-97.003377, -96.993606, -96.993778, -96.99689, -97.000917, -97.001081, -97.00335, -97.004273, -97.003377, 32.837114, 32.837079, 32.82855, 32.828654, 32.829472, 32.830862, 32.832735, 32.837114, 32.837114)))"
481130137211,0.15319609967497294,0.17829457364341084,"list(list(c(-96.864254, -96.860035, -96.856455, -96.855437, -96.855726, -96.855596, -96.856345, -96.864326, -96.864254, 32.981262, 32.981326, 32.982134, 32.981879, 32.981049, 32.970453, 32.970247, 32.970266, 32.981262)))"
481130166181,0.4574214517876489,0.39470284237726094,"list(list(c(-96.863521, -96.857168, -96.85721, -96.857223, -96.857982, -96.860957, -96.860172, -96.860625, -96.862443, -96.864359, -96.863521, 32.618589, 32.618667, 32.612247, 32.606578, 32.606327, 32.60839, 32.609355, 32.611086, 32.612498, 32.616734, 32.618589)))"
481130181383,0.423510292524377,0.35529715762273906,"list(list(c(-96.591033, -96.588477, -96.586865, -96.57207, -96.571361, -96.570836, -96.569853, -96.579857, -96.586606, -96.588623, -96.59246, -96.591033, 32.849584, 32.851764, 32.851204, 32.85113, 32.85134, 32.851717, 32.850544, 32.846525, 32.843807, 32.846766, 32.848542, 32.849584)))"
481130167042,0.15926327193932832,0.15826873385012918,"list(list(c(-96.780783, -96.771901, -96.770009, -96.767458, -96.777837, -96.778088, -96.780783, 32.622788, 32.62727, 32.623082, 32.618606, 32.618644, 32.618817, 32.622788)))"
481130208002,0.4161430119176598,0.39534883720930236,"list(list(c(-96.757038, -96.750161, -96.750931, -96.749396, -96.740989, -96.741116, -96.745697, -96.752962, -96.757038, 32.759476, 32.765824, 32.766478, 32.766516, 32.766267, 32.766065, 32.76192, 32.756016, 32.759476)))"
481130182042,0.8152762730227519,0.7648578811369509,"list(list(c(-96.626112, -96.623854, -96.622201, -96.617897, -96.617075, -96.618991, -96.620425, -96.622196, -96.62299, -96.62594, -96.626081, -96.626112, 32.901325, 32.902152, 32.901882, 32.901445, 32.901108, 32.898106, 32.894253, 32.894273, 32.894253, 32.894259, 32.894897, 32.901325)))"
481130141541,0.4256771397616468,0.3733850129198967,"list(list(c(-97.008024, -97.007909, -97.004932, -97.001607, -97.00045, -97.000478, -97.004769, -97.008048, -97.008024, 32.852894, 32.856966, 32.856957, 32.856921, 32.852984, 32.850825, 32.850944, 32.851439, 32.852894)))"
481130192023,0.11798483206933907,0.15697674418604646,"list(list(c(-96.756035, -96.756046, -96.743878, -96.739475, -96.735442, -96.734894, -96.737401, -96.739667, -96.740993, -96.747088, -96.749435, -96.750629, -96.757418, -96.756035, 32.950259, 32.951121, 32.950837, 32.95082, 32.950711, 32.950523, 32.947018, 32.944976, 32.946154, 32.946289, 32.946911, 32.947302, 32.947685, 32.950259)))"
481130180011,0.4849945828819068,0.4102067183462532,"list(list(c(-96.640375, -96.639674, -96.635868, -96.634854, -96.634762, -96.633862, -96.632475, -96.631791, -96.634068, -96.640091, -96.640292, -96.640375, 32.839261, 32.839652, 32.842925, 32.843785, 32.843626, 32.841527, 32.835185, 32.831991, 32.833843, 32.838903, 32.839122, 32.839261)))"
481130021001,0.2870530877573131,0.26485788113695086,"list(list(c(-96.811424, -96.81024, -96.808883, -96.808021, -96.805313, -96.804601, -96.800628, -96.800294, -96.795157, -96.793566, -96.799924, -96.806496, -96.807421, -96.808347, -96.809382, -96.810401, -96.811315, -96.811653, -96.811424, 32.782411, 32.782648, 32.783307, 32.784208, 32.786817, 32.787415, 32.790726, 32.790411, 32.785929, 32.78343, 32.782063, 32.780706, 32.780506, 32.780149, 32.778506, 32.778337, 32.777649, 32.781157, 32.782411)))"
481130165132,0.5799024918743229,0.4935400516795866,"list(list(c(-96.942871, -96.942935, -96.919409, -96.921431, -96.925405, -96.926756, -96.943196, -96.942871, 32.634272, 32.642122, 32.642065, 32.640079, 32.632765, 32.632734, 32.632736, 32.634272)))"
481130078341,0.5828819068255688,0.4786821705426356,"list(list(c(-96.728265, -96.72685, -96.72534, -96.722365, -96.723986, -96.725862, -96.727747, -96.728265, 32.903621, 32.906033, 32.905143, 32.903365, 32.901111, 32.900854, 32.901134, 32.903621)))"
481130080005,0.015980498374864593,0.014211886304909549,"list(list(c(-96.74993, -96.750093, -96.747389, -96.747407, -96.743813, -96.743429, -96.741152, -96.739996, -96.740351, -96.741625, -96.741227, -96.738925, -96.738156, -96.740486, -96.74093, -96.741392, -96.746464, -96.751507, -96.74993, 32.821018, 32.824735, 32.824931, 32.826709, 32.827101, 32.828159, 32.829057, 32.827602, 32.826197, 32.825114, 32.824309, 32.824664, 32.821668, 32.82116, 32.820827, 32.821039, 32.820313, 32.819141, 32.821018)))"
481130084011,0.8119176598049838,0.7538759689922481,"list(list(c(-96.709581, -96.708097, -96.70007, -96.700073, -96.700142, -96.700257, -96.700332, -96.700644, -96.700592, -96.70058, -96.700572, -96.705094, -96.709312, -96.709285, -96.708562, -96.709581, 32.77084, 32.774077, 32.772633, 32.768183, 32.767729, 32.767384, 32.767234, 32.766669, 32.765334, 32.763511, 32.76336, 32.763161, 32.763282, 32.763445, 32.769475, 32.77084)))"
481130046001,0.6454496208017335,0.5478036175710594,"list(list(c(-96.851443, -96.846485, -96.837584, -96.837597, -96.840944, -96.844128, -96.851221, -96.851451, -96.851443, 32.749555, 32.749507, 32.749488, 32.743161, 32.74333, 32.744322, 32.746558, 32.746603, 32.749555)))"
481130181211,0.7561213434452871,0.6963824289405685,"list(list(c(-96.613734, -96.611056, -96.608134, -96.605112, -96.60127, -96.600743, -96.597181, -96.596331, -96.594496, -96.593094, -96.592451, -96.593104, -96.593097, -96.60555, -96.609178, -96.613736, -96.613734, 32.925313, 32.925247, 32.927419, 32.925978, 32.928617, 32.926992, 32.924625, 32.924842, 32.927775, 32.928766, 32.928818, 32.920127, 32.920028, 32.919428, 32.921997, 32.922106, 32.925313)))"
481130081022,0.07470205850487543,0.0684754521963824,"list(list(c(-96.714932, -96.709652, -96.703768, -96.698707, -96.70942, -96.718198, -96.714932, 32.823178, 32.818945, 32.823848, 32.81956, 32.812266, 32.819105, 32.823178)))"
481130186001,0.7351029252437703,0.6143410852713178,"list(list(c(-96.656466, -96.653029, -96.648723, -96.648781, -96.652653, -96.655, -96.656796, -96.656466, 32.903754, 32.904577, 32.904608, 32.898773, 32.897239, 32.897306, 32.897526, 32.903754)))"
481130072051,0.9926327193932828,0.9954780361757106,"list(list(c(-96.870011, -96.867468, -96.86519, -96.865801, -96.867832, -96.870011, 32.860982, 32.86302, 32.862018, 32.860757, 32.859088, 32.860982)))"
481130078321,0.9232936078006501,0.9056847545219638,"list(list(c(-96.760155, -96.758367, -96.75514, -96.75477, -96.7556, -96.756613, -96.759153, -96.760155, 32.871203, 32.870873, 32.870247, 32.870179, 32.867494, 32.868277, 32.870241, 32.871203)))"
481130094021,0.09230769230769231,0.08656330749354002,"list(list(c(-96.850418, -96.848929, -96.848882, -96.848878, -96.837772, -96.837257, -96.836441, -96.845188, -96.846753, -96.850227, -96.850418, 32.862971, 32.864265, 32.86623, 32.867162, 32.866869, 32.865436, 32.863957, 32.863773, 32.86338, 32.862445, 32.862971)))"
481130162012,0.816305525460455,0.7248062015503876,"list(list(c(-97.015578, -97.014734, -97.009094, -97.007158, -97.007166, -97.007114, -97.007222, -97.014931, -97.015578, 32.725475, 32.728733, 32.728685, 32.728603, 32.726115, 32.722912, 32.720391, 32.720383, 32.725475)))"
481130063011,0.8607800650054171,0.8378552971576227,"list(list(c(-96.848622, -96.847895, -96.844595, -96.840025, -96.83986, -96.840091, -96.840128, -96.848573, -96.848662, -96.848622, 32.720281, 32.720342, 32.72033, 32.720343, 32.717548, 32.717069, 32.713107, 32.713005, 32.714542, 32.720281)))"
481130111031,0.7865113759479957,0.6918604651162791,"list(list(c(-96.830816, -96.830579, -96.829082, -96.829133, -96.822609, -96.823122, -96.830862, -96.830816, 32.663303, 32.663835, 32.6659, 32.674898, 32.674838, 32.662327, 32.662273, 32.663303)))"
481130117021,0.8491332611050921,0.8339793281653747,"list(list(c(-96.639183, -96.638751, -96.638785, -96.638523, -96.631774, -96.631181, -96.631298, -96.635689, -96.638502, -96.639244, -96.639183, 32.711202, 32.712085, 32.719501, 32.719509, 32.719465, 32.719478, 32.705, 32.705032, 32.705033, 32.705047, 32.711202)))"
481130078252,0.1914951245937161,0.18023255813953487,"list(list(c(-96.730808, -96.731249, -96.73012, -96.728503, -96.728776, -96.728344, -96.731918, -96.730808, 32.891191, 32.892981, 32.8945, 32.894568, 32.89224, 32.89137, 32.888786, 32.891191)))"
481130051001,0.5791982665222102,0.4877260981912145,"list(list(c(-96.844175, -96.844128, -96.840944, -96.837597, -96.837643, -96.837522, -96.83752, -96.844251, -96.844175, 32.741241, 32.744322, 32.74333, 32.743161, 32.741335, 32.736961, 32.736863, 32.73717, 32.741241)))"
481130192143,0.9261105092091008,0.8953488372093024,"list(list(c(-96.769008, -96.765957, -96.76613, -96.766388, -96.768987, -96.769008, 32.944802, 32.945129, 32.944626, 32.939886, 32.939867, 32.944802)))"
481130164072,0.7710725893824486,0.6569767441860466,"list(list(c(-97.002443, -96.994177, -96.994186, -96.999612, -97.00246, -97.002443, 32.709559, 32.709521, 32.704089, 32.704219, 32.70333, 32.709559)))"
481130170102,0.7848862405200433,0.7131782945736433,"list(list(c(-96.582859, -96.581717, -96.576867, -96.57598, -96.571549, -96.570203, -96.567017, -96.572777, -96.57469, -96.57594, -96.578747, -96.580894, -96.588607, -96.582859, 32.692703, 32.693264, 32.68901, 32.687645, 32.691285, 32.69039, 32.687441, 32.682504, 32.680943, 32.679938, 32.67763, 32.680953, 32.687701, 32.692703)))"
481130209002,0.5869989165763814,0.5161498708010336,"list(list(c(-96.788218, -96.784597, -96.780293, -96.778196, -96.775894, -96.771248, -96.77052, -96.774382, -96.776099, -96.777946, -96.777017, -96.777533, -96.77967, -96.782354, -96.787214, -96.791491, -96.788218, 32.759105, 32.763865, 32.770181, 32.767665, 32.766489, 32.761296, 32.760402, 32.757129, 32.754759, 32.754433, 32.752817, 32.749913, 32.750183, 32.752186, 32.751278, 32.753273, 32.759105)))"
481130143101,0.8289274106175515,0.7629198966408268,"list(list(c(-96.988544, -96.982061, -96.981253, -96.978879, -96.976431, -96.986723, -96.985497, -96.987397, -96.987405, -96.987856, -96.988544, 32.860259, 32.859402, 32.858915, 32.855106, 32.85082, 32.850848, 32.855888, 32.855562, 32.855763, 32.85868, 32.860259)))"
481130122071,0.6340736728060672,0.5387596899224807,"list(list(c(-96.700019, -96.697415, -96.692011, -96.691949, -96.691305, -96.691325, -96.694425, -96.700239, -96.700019, 32.794083, 32.79438, 32.795758, 32.795602, 32.793793, 32.786966, 32.785969, 32.785443, 32.794083)))"
481130143132,0.683694474539545,0.6169250645994833,"list(list(c(-96.964206, -96.95722, -96.955948, -96.951446, -96.948849, -96.948757, -96.948, -96.947441, -96.952998, -96.955429, -96.959347, -96.96318, -96.963191, -96.963203, -96.9635, -96.964105, -96.964201, -96.964206, 32.88506, 32.885323, 32.886805, 32.884318, 32.882555, 32.881334, 32.880446, 32.879624, 32.879436, 32.8772, 32.877312, 32.877034, 32.877186, 32.879579, 32.880612, 32.882087, 32.883419, 32.88506)))"
481130122061,0.612296858071506,0.4987080103359173,"list(list(c(-96.717983, -96.715287, -96.712023, -96.712614, -96.708031, -96.70388, -96.700239, -96.700053, -96.705194, -96.70898, -96.712876, -96.716467, -96.717161, -96.717192, -96.717983, 32.794857, 32.794883, 32.794341, 32.786492, 32.787102, 32.785539, 32.785443, 32.778036, 32.778081, 32.779331, 32.779818, 32.782912, 32.783845, 32.793544, 32.794857)))"
481130004081,0.4744853737811484,0.4437984496124031,"list(list(c(-96.828763, -96.827399, -96.826351, -96.825537, -96.822382, -96.822273, -96.820855, -96.8223, -96.825529, -96.827588, -96.828763, 32.821708, 32.822896, 32.8221, 32.821499, 32.820679, 32.820587, 32.819018, 32.818086, 32.817808, 32.81949, 32.821708)))"
481130111011,0.04561213434452871,0.054263565891472854,"list(list(c(-96.857162, -96.850824, -96.849499, -96.84505, -96.840128, -96.83999, -96.857188, -96.857162, 32.671745, 32.671771, 32.671894, 32.672712, 32.672856, 32.662204, 32.662214, 32.671745)))"
481130182061,0.9056879739978332,0.8604651162790697,"list(list(c(-96.631056, -96.62813, -96.622174, -96.622171, -96.622354, -96.623157, -96.630069, -96.630747, -96.630953, -96.631056, 32.889746, 32.889839, 32.888925, 32.887228, 32.881003, 32.880209, 32.886274, 32.887368, 32.888019, 32.889746)))"
481130013021,0.6913326110509209,0.5645994832041343,"list(list(c(-96.764506, -96.763263, -96.760713, -96.756389, -96.756722, -96.761091, -96.761379, -96.765863, -96.764506, 32.804116, 32.802988, 32.804954, 32.80124, 32.80086, 32.797345, 32.798969, 32.803002, 32.804116)))"
481130181321,0.25102925243770313,0.23708010335917318,"list(list(c(-96.58031, -96.578537, -96.573679, -96.571795, -96.572395, -96.578236, -96.579857, -96.569853, -96.569508, -96.569542, -96.569333, -96.566465, -96.561919, -96.560558, -96.560569, -96.559977, -96.559939, -96.560696, -96.564535, -96.56695, -96.56945, -96.569665, -96.571837, -96.57563, -96.578985, -96.578926, -96.57909, -96.58031, 32.838448, 32.839288, 32.838037, 32.83952, 32.840902, 32.844599, 32.846525, 32.850544, 32.848551, 32.843683, 32.836986, 32.836583, 32.840623, 32.840919, 32.836205, 
32.834139, 32.833683, 32.833615, 32.829922, 32.829382, 32.831117, 32.832378, 32.833024, 32.83235, 32.833486, 32.833995, 32.837255, 32.838448)))"
481130171013,0.7321776814734562,0.6673126614987079,"list(list(c(-96.630423, -96.622935, -96.61941, -96.617626, -96.605094, -96.598008, -96.588607, -96.602337, -96.619971, -96.628416, -96.629662, -96.630423, 32.690431, 32.690437, 32.690845, 32.690416, 32.6903, 32.695876, 32.687701, 32.676346, 32.684607, 32.689283, 32.689951, 32.690431)))"
481130002022,7.042253521126751e-4,0,"list(list(c(-96.770095, -96.770083, -96.769639, -96.76136, -96.761473, -96.761513, -96.770157, -96.770095, 32.836512, 32.839785, 32.839916, 32.841787, 32.836436, 32.832459, 32.832208, 32.836512)))"
481130178061,0.9486457204767064,0.9263565891472868,"list(list(c(-96.676428, -96.675565, -96.674166, -96.67387, -96.668195, -96.668245, -96.654987, -96.654709, -96.657315, -96.656907, -96.657332, -96.655403, -96.658888, -96.660098, -96.668296, -96.673923, -96.674152, -96.675827, -96.676428, 32.79973, 32.800117, 32.800877, 32.801031, 32.803697, 32.803867, 32.810052, 32.809818, 32.808524, 32.807388, 32.801723, 32.800114, 32.797874, 32.794649, 32.797221, 32.798948, 32.798997, 32.799115, 32.79973)))"
481130190264,0.3187432286023836,0.25710594315245483,"list(list(c(-96.64835, -96.648157, -96.647964, -96.646476, -96.644946, -96.640426, -96.640121, -96.639601, -96.639614, -96.648319, -96.648319, -96.64835, 32.93824, 32.945183, 32.945183, 32.945141, 32.944567, 32.940725, 32.939073, 32.931061, 32.930858, 32.931024, 32.931171, 32.93824)))"
481130178141,0.7034669555796316,0.580749354005168,"list(list(c(-96.611268, -96.607277, -96.605773, -96.604393, -96.597522, -96.596941, -96.595985, -96.595925, -96.595904, -96.59591, -96.598108, -96.602634, -96.602251, -96.600257, -96.600585, -96.603355, -96.611276, -96.611268, 32.8112, 32.81339, 32.813943, 32.813964, 32.814003, 32.814005, 32.813958, 32.813775, 32.797829, 32.797638, 32.797663, 32.797673, 32.799897, 32.799878, 32.801375, 32.804966, 32.805024, 32.8112)))"
481130053003,0.8162513542795233,0.7868217054263567,"list(list(c(-96.863503, -96.856879, -96.856793, -96.856876, -96.863527, -96.863503, 32.741256, 32.741259, 32.740237, 32.734833, 32.734915, 32.741256)))"
481130192153,0.0016251354279522845,0.0012919896640827266,"list(list(c(-96.768988, -96.767505, -96.760723, -96.756046, -96.756035, -96.757418, -96.76128, -96.769021, -96.768988, 32.950845, 32.951096, 32.951137, 32.951121, 32.950259, 32.947685, 32.946857, 32.946548, 32.950845)))"
481130078221,NA,NA,"list(list(c(-96.764901, -96.763118, -96.759271, -96.759856, -96.759953, -96.761016, -96.761868, -96.764257, -96.764913, -96.764901, 32.882689, 32.883305, 32.883367, 32.881695, 32.880353, 32.879602, 32.879284, 32.877719, 32.877878, 32.882689)))"
481130159002,NA,NA,"list(list(c(-96.987445, -96.987433, -96.978786, -96.976723, -96.970753, -96.969062, -96.963381, -96.958127, -96.959609, -96.959959, -96.960105, -96.958533, -96.952553, -96.950715, -96.943763, -96.956148, -96.960084, -96.971184, -96.971382, -96.981076, -96.983044, -96.98447, -96.985792, -96.985763, -96.983857, -96.983891, -96.987716, -96.987445, 32.74537, 32.745435, 32.745893, 32.745863, 32.746181, 32.74638, 32.746603, 32.747383, 32.746428, 32.745444, 32.738919, 32.737775, 32.737698, 32.737215, 32.732522, 
32.718421, 32.713932, 32.720531, 32.724338, 32.730455, 32.731124, 32.728662, 32.728254, 32.734917, 32.735053, 32.738157, 32.738211, 32.74537)))"
481130164181,0.6810400866738895,0.5503875968992248,"list(list(c(-97.036443, -97.036327, -97.029308, -97.024551, -97.02421, -97.023927, -97.030774, -97.036574, -97.036443, 32.684083, 32.691321, 32.691264, 32.691761, 32.679317, 32.676163, 32.676188, 32.676206, 32.684083)))"
481130122103,0.8960996749729144,0.8565891472868217,"list(list(c(-96.692737, -96.689382, -96.689001, -96.687789, -96.686989, -96.688858, -96.691425, -96.691463, -96.692737, 32.810586, 32.810639, 32.811459, 32.811174, 32.806956, 32.806936, 32.806947, 32.809671, 32.810586)))"
481130204022,0.4397616468039003,0.40633074935400515,"list(list(c(-96.804258, -96.803469, -96.802037, -96.798894, -96.785685, -96.782195, -96.778985, -96.778391, -96.778571, -96.780293, -96.784597, -96.788218, -96.791491, -96.798071, -96.804033, -96.806479, -96.804258, 32.765662, 32.768143, 32.770094, 32.772534, 32.77626, 32.778902, 32.775165, 32.772906, 32.772587, 32.770181, 32.763865, 32.759105, 32.753273, 32.756984, 32.761587, 32.762944, 32.765662)))"
481130163011,0.7940411700975081,0.7099483204134367,"list(list(c(-96.994176, -96.993463, -96.98558, -96.981179, -96.976711, -96.974792, -96.967887, -96.978302, -96.979297, -96.981741, -96.982027, -96.984283, -96.985674, -96.987355, -96.991801, -96.994177, -96.994176, 32.710393, 32.710459, 32.71044, 32.710428, 32.710271, 32.710254, 32.706789, 32.705731, 32.70562, 32.70557, 32.70557, 32.705525, 32.705677, 32.705944, 32.70886, 32.709521, 32.710393)))"
481130180022,0.678385698808234,0.5413436692506459,"list(list(c(-96.639361, -96.637042, -96.63357, -96.639152, -96.646201, -96.639361, 32.829331, 32.82453, 32.820947, 32.817642, 32.823656, 32.829331)))"
481130190322,0.9623510292524378,0.9437984496124031,"list(list(c(-96.692611, -96.683179, -96.683171, -96.683081, -96.688422, -96.692243, -96.692654, -96.692611, 32.923951, 32.923887, 32.923491, 32.917167, 32.916728, 32.916761, 32.916772, 32.923951)))"
481130119011,0.7358613217768147,0.7093023255813953,"list(list(c(-96.662339, -96.662886, -96.663436, -96.661686, -96.663171, -96.66276, -96.660267, -96.661823, -96.656908, -96.656928, -96.658827, -96.663468, -96.662339, 32.735819, 32.737053, 32.739583, 32.740558, 32.742014, 32.743571, 32.746654, 32.748773, 32.74876, 32.734225, 32.734209, 32.734246, 32.735819)))"
481130156001,0.8987540628385698,0.9089147286821706,"list(list(c(-96.994664, -96.986124, -96.986013, -96.980845, -96.981261, -96.981292, -96.978781, -96.978786, -96.987433, -96.994504, -96.994664, 32.748759, 32.748713, 32.756329, 32.756297, 32.752997, 32.748666, 32.748635, 32.745893, 32.745435, 32.745112, 32.748759)))"
481130130101,0.7639219934994583,0.6763565891472868,"list(list(c(-96.683201, -96.683199, -96.683178, -96.683177, -96.67944, -96.676654, -96.672563, -96.668053, -96.668545, -96.669187, -96.670817, -96.674341, -96.678918, -96.678785, -96.678917, -96.683211, -96.683201, 32.869407, 32.871498, 32.873959, 32.874664, 32.872049, 32.871056, 32.870182, 32.868126, 32.867417, 32.866544, 32.864051, 32.864032, 32.864145, 32.867036, 32.867058, 32.86775, 32.869407)))"
481130122101,0.9470747562296858,0.917312661498708,"list(list(c(-96.696937, -96.689698, -96.689625, -96.683842, -96.682889, -96.682749, -96.682687, -96.685692, -96.686989, -96.687789, -96.689001, -96.692925, -96.696937, 32.81373, 32.817411, 32.817313, 32.809288, 32.807573, 32.807137, 32.80695, 32.806932, 32.806956, 32.811174, 32.811459, 32.813905, 32.81373)))"
481130167102,0.7390574214517877,0.6414728682170543,"list(list(c(-96.772794, -96.760191, -96.75732, -96.760327, -96.767075, -96.768083, -96.768111, -96.772794, 32.662664, 32.668494, 32.664271, 32.662005, 32.658638, 32.656653, 32.656719, 32.662664)))"
481130096071,0.07453954496208015,0.08268733850129195,"list(list(c(-96.864003, -96.85616, -96.856298, -96.856243, -96.860203, -96.862278, -96.862413, -96.863515, -96.863942, -96.863999, -96.864003, 32.909723, 32.909652, 32.902313, 32.89518, 32.895176, 32.895238, 32.90043, 32.901938, 32.902535, 32.907674, 32.909723)))"
481130022003,0.5751895991332612,0.501937984496124,"list(list(c(-96.787552, -96.781069, -96.779846, -96.776875, -96.784277, -96.784951, -96.78881, -96.787552, 32.792163, 32.797561, 32.796501, 32.793913, 32.787761, 32.787377, 32.791114, 32.792163)))"
481130137281,0.9359696641386782,0.9082687338501292,"list(list(c(-96.890569, -96.890454, -96.883328, -96.883327, -96.883436, -96.884914, -96.890605, -96.890569, 32.939084, 32.943196, 32.943092, 32.942278, 32.940544, 32.938322, 32.938359, 32.939084)))"
481130143061,0.8473456121343446,0.8301033591731266,"list(list(c(-96.984257, -96.976426, -96.976464, -96.979404, -96.980704, -96.984763, -96.984257, 32.846974, 32.848633, 32.84163, 32.841234, 32.841636, 32.845726, 32.846974)))"
481130020022,0.9972914409534128,0.9993540051679587,"list(list(c(-96.815627, -96.810293, -96.810255, -96.809695, -96.80898, -96.808906, -96.809883, -96.815633, -96.815627, 32.757257, 32.757295, 32.758777, 32.758768, 32.755249, 32.751219, 32.751213, 32.751209, 32.757257)))"
481130141552,0.41013001083423617,0.37144702842377264,"list(list(c(-96.955435, -96.954557, -96.952339, -96.952147, -96.952438, -96.955501, -96.955435, 32.945208, 32.946664, 32.944822, 32.943589, 32.943266, 32.943227, 32.945208)))"
481130166272,0.2634344528710726,0.23578811369509045,"list(list(c(-96.839725, -96.838671, -96.828741, -96.823602, -96.824792, -96.826434, -96.826847, -96.829507, -96.830712, -96.832641, -96.834493, -96.838128, -96.838835, -96.839799, -96.839725, 32.58681, 32.589714, 32.589705, 32.589855, 32.586534, 32.585658, 32.583381, 32.584231, 32.583329, 32.583158, 32.581955, 32.578282, 32.57663, 32.576417, 32.58681)))"
481130173083,0.2418201516793066,0.25,"list(list(c(-96.574916, -96.57058, -96.567389, -96.565587, -96.564124, -96.561523, -96.559858, -96.564709, -96.566131, -96.566084, -96.570266, -96.57271, -96.580475, -96.574916, 32.749478, 32.745779, 32.746592, 32.747965, 32.748559, 32.745447, 32.743261, 32.739373, 32.738135, 32.73758, 32.73723, 32.738443, 32.744993, 32.749478)))"
481130181382,0.6844528710725895,0.5949612403100775,"list(list(c(-96.595781, -96.595033, -96.59246, -96.588623, -96.586606, -96.595646, -96.595546, -96.595781, 32.846319, 32.846643, 32.848542, 32.846766, 32.843807, 32.840181, 32.8453, 32.846319)))"
481130055003,0.7299566630552545,0.5878552971576227,"list(list(c(-96.803727, -96.802357, -96.79904, -96.798975, -96.794767, -96.789832, -96.789281, -96.78797, -96.785818, -96.785191, -96.785392, -96.800044, -96.80054, -96.796149, -96.796009, -96.796905, -96.802774, -96.803727, 32.720159, 32.723664, 32.727086, 32.728771, 32.73095, 32.73848, 32.73966, 32.73816, 32.734727, 32.731977, 32.729428, 32.72234, 32.721815, 32.719676, 32.719445, 32.719387, 32.720143, 32.720159)))"
481130138081,0.034290357529794147,0.025193798449612448,"list(list(c(-96.870818, -96.870721, -96.855929, -96.855801, -96.855807, -96.858943, -96.860913, -96.862537, -96.866462, -96.869177, -96.871071, -96.870818, 32.949596, 32.953381, 32.95309, 32.953083, 32.949605, 32.949762, 32.948117, 32.947792, 32.9491, 32.94818, 32.948338, 32.949596)))"
481130065014,0.8576381365113759,0.8417312661498708,"list(list(c(-96.898463, -96.891449, -96.891458, -96.891457, -96.891481, -96.891495, -96.897215, -96.897746, -96.898079, -96.898309, -96.898463, 32.732827, 32.732757, 32.731234, 32.730632, 32.728343, 32.727938, 32.727912, 32.727737, 32.728703, 32.72972, 32.732827)))"
481130112012,0.7293066088840736,0.6208010335917313,"list(list(c(-96.823374, -96.823122, -96.809024, -96.812265, -96.812275, -96.813854, -96.813294, -96.814281, -96.823338, -96.823374, 32.654047, 32.662327, 32.662401, 32.662284, 32.65739, 32.655076, 32.647717, 32.647718, 32.647616, 32.654047)))"
481130181264,0.6176598049837487,0.5394056847545219,"list(list(c(-96.633153, -96.631683, -96.630747, -96.63062, -96.628287, -96.625801, -96.621654, -96.62026, -96.61914, -96.615985, -96.616019, -96.618683, -96.619984, -96.622408, -96.624403, -96.627939, -96.629947, -96.633375, -96.633012, -96.628053, -96.631999, -96.633958, -96.633153, 32.869161, 32.8704, 32.871223, 32.871329, 32.869326, 32.866163, 32.861663, 32.860825, 32.860376, 32.856598, 32.856566, 32.854084, 32.854055, 32.854109, 32.852586, 32.85582, 32.856136, 32.858815, 32.859053, 32.863308, 
32.86676, 32.868487, 32.869161)))"
481130165172,0.9095882990249188,0.8475452196382429,"list(list(c(-96.908398, -96.905722, -96.903018, -96.899878, -96.898967, -96.899005, -96.900951, -96.908401, -96.908398, 32.645999, 32.646026, 32.647295, 32.647458, 32.647475, 32.640509, 32.640483, 32.64043, 32.645999)))"
481130190291,0.3047670639219935,0.3184754521963824,"list(list(c(-96.682631, -96.67388, -96.673564, -96.673576, -96.673189, -96.676765, -96.682374, -96.682666, -96.682631, 32.951468, 32.951464, 32.951479, 32.94587, 32.944871, 32.945039, 32.945334, 32.945345, 32.951468)))"
481130196001,0.39534127843987,0.3869509043927648,"list(list(c(-96.790983, -96.789959, -96.787094, -96.785134, -96.781068, -96.780948, -96.786143, -96.78712, -96.787117, -96.790953, -96.790983, 32.836545, 32.837617, 32.837683, 32.836543, 32.836582, 32.832754, 32.828333, 32.82916, 32.832338, 32.832265, 32.836545)))"
481130145011,0.6094257854821234,0.5355297157622739,"list(list(c(-96.976469, -96.968291, -96.968276, -96.96981, -96.96983, -96.976449, -96.976389, -96.976469, 32.8371, 32.83709, 32.831018, 32.831026, 32.828916, 32.828992, 32.829518, 32.8371)))"
481130111012,0.6021668472372698,0.5219638242894057,"list(list(c(-96.857188, -96.83999, -96.84007, -96.841606, -96.844773, -96.845246, -96.857173, -96.857188, 32.662214, 32.662204, 32.653793, 32.654379, 32.654504, 32.654837, 32.654823, 32.662214)))"
481130073011,0.12876489707475625,0.11046511627906974,"list(list(c(-96.822183, -96.822084, -96.820407, -96.816881, -96.81683, -96.816748, -96.815296, -96.815361, -96.821311, -96.821163, -96.822518, -96.822183, 32.866562, 32.866525, 32.865651, 32.865537, 32.864019, 32.863704, 32.861434, 32.851162, 32.851174, 32.861055, 32.863377, 32.866562)))"
481130117022,0.8576923076923078,0.8397932816537468,"list(list(c(-96.648634, -96.648486, -96.644142, -96.642635, -96.639211, -96.638785, -96.638751, -96.639183, -96.639244, -96.646304, -96.648677, -96.648634, 32.708674, 32.71956, 32.719585, 32.719523, 32.719512, 32.719501, 32.712085, 32.711202, 32.705047, 32.705083, 32.704998, 32.708674)))"
481130079031,0.25411700975081253,0.2493540051679587,"list(list(c(-96.760597, -96.759781, -96.758527, -96.756517, -96.753803, -96.751161, -96.749607, -96.752808, -96.752877, -96.760643, -96.760597, 32.850988, 32.852838, 32.854825, 32.857045, 32.859626, 32.85767, 32.856904, 32.85405, 32.850867, 32.850859, 32.850988)))"
481130175001,0.2630010834236186,0.24031007751937983,"list(list(c(-96.617418, -96.605167, -96.597197, -96.596593, -96.596782, -96.600139, -96.602002, -96.604529, -96.606446, -96.608305, -96.613997, -96.617418, 32.755926, 32.755927, 32.755907, 32.754941, 32.746468, 32.746996, 32.746669, 32.746132, 32.746755, 32.748125, 32.748485, 32.755926)))"
481130177032,0.5709642470205851,0.5109819121447028,"list(list(c(-96.625313, -96.622972, -96.612238, -96.612085, -96.612013, -96.607368, -96.606009, -96.61122, -96.612592, -96.61535, -96.616089, -96.623428, -96.624477, -96.624708, -96.625289, -96.625313, 32.792645, 32.792775, 32.792701, 32.792524, 32.792049, 32.787903, 32.786749, 32.782331, 32.783507, 32.785851, 32.786417, 32.780265, 32.781188, 32.788368, 32.792462, 32.792645)))"
481130054003,0.973943661971831,0.9683462532299741,"list(list(c(-96.822778, -96.820042, -96.811432, -96.811437, -96.810905, -96.810858, -96.822813, -96.822778, 32.728597, 32.729698, 32.729526, 32.727701, 32.726506, 32.722734, 32.722814, 32.728597)))"
481130144082,0.5536294691224268,0.44056847545219635,"list(list(c(-97.011338, -97.010514, -97.010227, -97.006882, -97.007379, -97.006124, -97.004168, -97.004385, -97.004088, -97.003843, -97.008157, -97.008772, -97.010792, -97.011338, 32.821845, 32.824427, 32.828707, 32.829501, 32.832524, 32.832026, 32.830703, 32.82754, 32.821708, 32.817301, 32.817256, 32.818815, 32.820695, 32.821845)))"
481130079062,0.17600216684723724,0.15180878552971577,"list(list(c(-96.77343, -96.773104, -96.776974, -96.776693, -96.776714, -96.776542, -96.770605, -96.770373, -96.770406, -96.770454, -96.770454, -96.77047, -96.771571, -96.771776, -96.772777, -96.777006, -96.77343, 32.851607, 32.855514, 32.85549, 32.857577, 32.864562, 32.865564, 32.865603, 32.865603, 32.860885, 32.857273, 32.857094, 32.855895, 32.850997, 32.851007, 32.851024, 32.85109, 32.851607)))"
481130166152,0.5219934994582882,0.45865633074935397,"list(list(c(-96.936647, -96.935257, -96.929753, -96.925399, -96.925393, -96.930673, -96.935839, -96.935876, -96.93708, -96.936647, 32.581093, 32.580747, 32.583945, 32.584271, 32.575347, 32.575063, 32.575328, 32.576971, 32.578688, 32.581093)))"
481130141281,0.734940411700975,0.6576227390180879,"list(list(c(-96.961384, -96.952211, -96.95225, -96.958066, -96.958566, -96.961252, -96.961384, 32.932985, 32.932952, 32.927286, 32.927318, 32.928931, 32.931595, 32.932985)))"
481130017033,0.08678223185265443,0.08074935400516792,"list(list(c(-96.798966, -96.795456, -96.793822, -96.797156, -96.798966, 32.798101, 32.800879, 32.799445, 32.796611, 32.798101)))"
481130136061,0.15585048754062836,0.12790697674418605,"list(list(c(-96.79244, -96.791202, -96.791901, -96.791916, -96.789353, -96.789291, -96.786473, -96.786828, -96.786748, -96.784914, -96.784739, -96.784739, -96.788754, -96.791906, -96.792458, -96.79244, 32.950135, 32.952973, 32.956496, 32.95962, 32.959606, 32.962184, 32.962172, 32.95794, 32.953716, 32.951072, 32.950094, 32.949933, 32.949986, 32.950004, 32.949989, 32.950135)))"
481130200002,0.13093174431202603,0.1363049095607235,"list(list(c(-97.011231, -97.006673, -97.004147, -97.001914, -97.000784, -96.995429, -96.993692, -96.993708, -96.993745, -97.006148, -97.00642, -97.011167, -97.011231, 32.979429, 32.979394, 32.980607, 32.981113, 32.980693, 32.976732, 32.976706, 32.976582, 32.96935, 32.969625, 32.969496, 32.973059, 32.979429)))"
481130151011,0.9280606717226436,0.872093023255814,"list(list(c(-96.959712, -96.946852, -96.934616, -96.934118, -96.934784, -96.959705, -96.959649, -96.959712, 32.794037, 32.793895, 32.793908, 32.786527, 32.786657, 32.78669, 32.793501, 32.794037)))"
481130079132,0.21598049837486455,0.22609819121447028,"list(list(c(-96.7736, -96.77223, -96.771571, -96.764447, -96.764394, -96.763855, -96.765276, -96.772086, -96.773346, -96.7736, 32.845578, 32.849325, 32.850997, 32.850912, 32.84772, 32.846379, 32.845684, 32.845568, 32.845584, 32.845578)))"
481130156002,0.8791440953412785,0.8578811369509044,"list(list(c(-96.994875, -96.993443, -96.98874, -96.986013, -96.986124, -96.994664, -96.994875, 32.754966, 32.75491, 32.756151, 32.756329, 32.748713, 32.748759, 32.754966)))"
481130088023,0.5076923076923077,0.4722222222222222,"list(list(c(-96.787674, -96.785589, -96.782867, -96.776956, -96.774253, -96.774227, -96.774794, -96.781111, -96.784115, -96.787108, -96.787674, 32.716668, 32.717609, 32.716983, 32.716518, 32.711166, 32.710602, 32.710147, 32.707137, 32.711692, 32.715753, 32.716668)))"
481130136072,0.06798483206933914,0.08010335917312661,"list(list(c(-96.786828, -96.786473, -96.778619, -96.778659, -96.778695, -96.780568, -96.784739, -96.784739, -96.784914, -96.786748, -96.786828, 32.95794, 32.962172, 32.962091, 32.950473, 32.950332, 32.949986, 32.949933, 32.950094, 32.951072, 32.953716, 32.95794)))"
481130006102,0.8356988082340195,0.7422480620155039,"list(list(c(-96.831123, -96.826506, -96.8264, -96.823006, -96.822798, -96.822906, -96.827399, -96.828644, -96.831123, 32.825724, 32.829884, 32.82996, 32.82703, 32.826853, 32.826762, 32.822896, 32.823662, 32.825724)))"
481130178111,0.41273022751895994,0.33268733850129195,"list(list(c(-96.607266, -96.597847, -96.597681, -96.595898, -96.595928, -96.595932, -96.595985, -96.596941, -96.597522, -96.604393, -96.605773, -96.607277, -96.607266, 32.820102, 32.820743, 32.821821, 32.821787, 32.817946, 32.817515, 32.813958, 32.814005, 32.814003, 32.813964, 32.813943, 32.81339, 32.820102)))"
481130141422,0.22486457204767063,0.2164082687338501,"list(list(c(-96.952211, -96.952198, -96.95001, -96.949214, -96.94899, -96.948926, -96.95225, -96.952211, 32.932952, 32.934972, 32.934373, 32.934497, 32.934033, 32.927259, 32.927286, 32.932952)))"
481130188021,0.7239978331527628,0.6182170542635659,"list(list(c(-96.653067, -96.648297, -96.639937, -96.630887, -96.628436, -96.62889, -96.630845, -96.630853, -96.631994, -96.63684, -96.640257, -96.648156, -96.650001, -96.651747, -96.651922, -96.65398, -96.653067, 32.916278, 32.91624, 32.916167, 32.916994, 32.916616, 32.913248, 32.912072, 32.908865, 32.908918, 32.908938, 32.908974, 32.909039, 32.908988, 32.910778, 32.913569, 32.916291, 32.916278)))"
481130185071,0.731798483206934,0.6518087855297158,"list(list(c(-96.725055, -96.724963, -96.722952, -96.723312, -96.721012, -96.720641, -96.722365, -96.72534, -96.725055, 32.905554, 32.909641, 32.909601, 32.905881, 32.905859, 32.905527, 32.903365, 32.905143, 32.905554)))"
481130173071,0.23504875406283854,0.2829457364341085,"list(list(c(-96.57261, -96.570446, -96.570349, -96.56154, -96.561543, -96.561873, -96.561487, -96.56092, -96.562755, -96.564124, -96.564953, -96.564693, -96.5666, -96.567181, -96.56835, -96.567316, -96.568405, -96.570624, -96.57261, 32.764955, 32.764753, 32.764744, 32.763902, 32.763748, 32.758412, 32.751036, 32.749533, 32.748708, 32.748559, 32.749485, 32.75293, 32.754744, 32.757756, 32.759124, 32.761912, 32.763115, 32.763508, 32.764955)))"
481130122062,0.3432286023835319,0.30943152454780365,"list(list(c(-96.712023, -96.70885, -96.700019, -96.700239, -96.70388, -96.708031, -96.712614, -96.712023, 32.794341, 32.794091, 32.794083, 32.785443, 32.785539, 32.787102, 32.786492, 32.794341)))"
481130188012,0.6650054171180932,0.601421188630491,"list(list(c(-96.648319, -96.639614, -96.639603, -96.644704, -96.648257, -96.648319, 32.931024, 32.930858, 32.92407, 32.924141, 32.924501, 32.931024)))"
481130108082,0.3287648970747562,0.33656330749354,"list(list(c(-96.913892, -96.90876, -96.908574, -96.90852, -96.908695, -96.908707, -96.911149, -96.915994, -96.913892, 32.720443, 32.720537, 32.72054, 32.713754, 32.713744, 32.71115, 32.713909, 32.720523, 32.720443)))"
481130076051,0.21159263271939333,0.19121447028423777,"list(list(c(-96.821035, -96.819888, -96.819817, -96.809402, -96.80391, -96.803841, -96.803871, -96.803938, -96.80404, -96.809561, -96.812775, -96.821126, -96.821035, 32.887555, 32.889778, 32.894948, 32.894928, 32.894917, 32.894751, 32.886305, 32.880112, 32.880114, 32.880177, 32.880133, 32.880245, 32.887555)))"
481130141441,0.5582340195016251,0.49160206718346255,"list(list(c(-96.959015, -96.958923, -96.955412, -96.95539, -96.954117, -96.955948, -96.962607, -96.959015, 32.895125, 32.895955, 32.895947, 32.892527, 32.889654, 32.886805, 32.890462, 32.895125)))"
481130057002,0.987919826652221,0.9838501291989664,"list(list(c(-96.810977, -96.805845, -96.804382, -96.803871, -96.801987, -96.800385, -96.799375, -96.807513, -96.808718, -96.807036, -96.807046, -96.80817, -96.811505, -96.810977, 32.713175, 32.713172, 32.713164, 32.711241, 32.70863, 32.706183, 32.704673, 32.700736, 32.702668, 32.703541, 32.705638, 32.707517, 32.713178, 32.713175)))"
481130111042,0.9089924160346695,0.8636950904392765,"list(list(c(-96.83999, -96.830862, -96.830845, -96.831001, -96.83158, -96.84007, -96.83999, 32.662204, 32.662273, 32.654241, 32.653557, 32.653765, 32.653793, 32.662204)))"
481130190194,0.9849404117009751,0.9767441860465116,"list(list(c(-96.705765, -96.70039, -96.700508, -96.700544, -96.704119, -96.705168, -96.705004, -96.705772, -96.705765, 32.916601, 32.916562, 32.911134, 32.909025, 32.909002, 32.908847, 32.912931, 32.912963, 32.916601)))"
481130073021,0.10417118093174427,0.13759689922480622,"list(list(c(-96.850604, -96.840852, -96.837404, -96.83732, -96.836874, -96.838721, -96.840704, -96.841151, -96.846883, -96.850207, -96.850604, 32.858822, 32.858362, 32.858869, 32.856887, 32.853538, 32.851152, 32.850994, 32.850735, 32.855691, 32.85855, 32.858822)))"
481130190532,0.30736728060671725,0.2842377260981912,"list(list(c(-96.721196, -96.716221, -96.701089, -96.69991, -96.699933, -96.716703, -96.72066, -96.721196, 32.967674, 32.975527, 32.975298, 32.975066, 32.967863, 32.967958, 32.967548, 32.967674)))"
481130181422,0.330498374864572,0.29715762273901813,"list(list(c(-96.569508, -96.566329, -96.563674, -96.562428, -96.560848, -96.560558, -96.561919, -96.566465, -96.569333, -96.569542, -96.569508, 32.848551, 32.84852, 32.848484, 32.848474, 32.847711, 32.840919, 32.840623, 32.836583, 32.836986, 32.843683, 32.848551)))"
481130141533,0.2640845070422535,0.23772609819121449,"list(list(c(-97.001607, -96.996418, -96.992078, -96.992199, -96.993445, -96.998254, -97.000478, -97.00045, -97.001607, 32.856921, 32.856914, 32.856872, 32.850897, 32.851225, 32.851278, 32.850825, 32.852984, 32.856921)))"
481130193011,0.03873239436619713,0.047157622739018135,"list(list(c(-96.782991, -96.780298, -96.780267, -96.778196, -96.776693, -96.776974, -96.773104, -96.77343, -96.777006, -96.782865, -96.782991, 32.859912, 32.859896, 32.857608, 32.857588, 32.857577, 32.85549, 32.855514, 32.851607, 32.85109, 32.851101, 32.859912)))"
481130136202,0.24739978331527623,0.2448320413436692,"list(list(c(-96.821728, -96.821583, -96.819954, -96.819732, -96.818957, -96.818937, -96.817545, -96.816041, -96.814452, -96.813693, -96.813637, -96.814009, -96.814355, -96.810281, -96.804465, -96.804104, -96.804114, -96.804489, -96.805514, -96.810883, -96.811407, -96.810201, -96.812897, -96.815987, -96.819038, -96.82115, -96.821159, -96.821458, -96.821687, -96.821728, 32.964173, 32.968594, 32.968528, 32.967855, 32.966775, 32.965078, 32.965082, 32.965258, 32.965291, 32.965491, 32.965952, 32.966819, 
32.9685, 32.968503, 32.970863, 32.971213, 32.970715, 32.9702, 32.969076, 32.965702, 32.964539, 32.960369, 32.961008, 32.96115, 32.959695, 32.959482, 32.960222, 32.961409, 32.962497, 32.964173)))"
481130137293,0.7035752979414951,0.6375968992248062,"list(list(c(-96.890359, -96.890319, -96.886446, -96.881765, -96.881724, -96.890418, -96.890359, 32.949122, 32.953695, 32.953606, 32.953581, 32.94633, 32.946374, 32.949122)))"
481130123023,0.9751895991332611,0.9651162790697675,"list(list(c(-96.6736, -96.673276, -96.667256, -96.66727, -96.665699, -96.66577, -96.668106, -96.670023, -96.673547, -96.6736, 32.809344, 32.810728, 32.810654, 32.808895, 32.810003, 32.807035, 32.807018, 32.807119, 32.807094, 32.809344)))"
481130174001,0.7061213434452871,0.6421188630490956,"list(list(c(-96.590505, -96.586987, -96.586572, -96.583602, -96.583523, -96.583499, -96.591208, -96.590505, 32.753693, 32.757113, 32.760588, 32.760582, 32.75584, 32.752186, 32.752147, 32.753693)))"
481130192021,0.6458829902491874,0.5258397932816538,"list(list(c(-96.75043, -96.749435, -96.747088, -96.740993, -96.739667, -96.745941, -96.748076, -96.748136, -96.751937, -96.75043, 32.942904, 32.946911, 32.946289, 32.946154, 32.944976, 32.939999, 32.938314, 32.939974, 32.939974, 32.942904)))"
481130136281,0.24160346695557966,0.2383720930232558,"list(list(c(-96.830043, -96.828729, -96.825725, -96.825824, -96.829869, -96.829865, -96.830043, 32.96857, 32.968648, 32.968625, 32.962712, 32.962714, 32.96777, 32.96857)))"
481130153031,0.9317984832069339,0.9018087855297158,"list(list(c(-97.034405, -97.034396, -97.034437, -97.034233, -97.025666, -97.018066, -97.01442, -97.00797, -97.002406, -97.002536, -97.005801, -97.005137, -97.005081, -97.007535, -97.009886, -97.011642, -97.016468, -97.020374, -97.020276, -97.028651, -97.029259, -97.031072, -97.031426, -97.032993, -97.034711, -97.034405, 32.802937, 32.803309, 32.805156, 32.816662, 32.816455, 32.816316, 32.81622, 32.816105, 32.815994, 32.810797, 32.810682, 32.80682, 32.805095, 32.805124, 32.804454, 32.803945, 32.803413, 
32.803482, 32.792485, 32.792554, 32.795571, 32.792752, 32.788186, 32.788274, 32.788482, 32.802937)))"
481130113003,0.6199891657638137,0.5406976744186047,"list(list(c(-96.805647, -96.805209, -96.796661, -96.789961, -96.788722, -96.786431, -96.785843, -96.787034, -96.793701, -96.793401, -96.798963, -96.805918, -96.805647, 32.681192, 32.682288, 32.684471, 32.68629, 32.684418, 32.680383, 32.679315, 32.679554, 32.678679, 32.675831, 32.67495, 32.674985, 32.681192)))"
481130182031,0.8551462621885157,0.7687338501291989,"list(list(c(-96.61346, -96.611606, -96.610702, -96.608362, -96.603656, -96.600579, -96.60069, -96.602214, -96.613547, -96.61346, 32.895455, 32.897783, 32.900226, 32.899963, 32.898289, 32.898833, 32.895545, 32.894013, 32.894202, 32.895455)))"
481130065021,0.7335861321776815,0.6686046511627908,"list(list(c(-96.891495, -96.891481, -96.882072, -96.881996, -96.88255, -96.891657, -96.891495, 32.727938, 32.728343, 32.728344, 32.723363, 32.723405, 32.723377, 32.727938)))"
481130071012,0.3008667388949079,0.2997416020671835,"list(list(c(-96.821311, -96.815361, -96.813168, -96.812086, -96.812125, -96.813667, -96.813831, -96.814025, -96.821366, -96.821311, 32.851174, 32.851162, 32.851174, 32.851177, 32.847327, 32.846884, 32.845356, 32.846396, 32.846105, 32.851174)))"
481130025004,0.7541170097508125,0.6543927648578811,"list(list(c(-96.76873, -96.767406, -96.762733, -96.760595, -96.75879, -96.75735, -96.756186, -96.74999, -96.754508, -96.757967, -96.758709, -96.759428, -96.765535, -96.76842, -96.76873, 32.784604, 32.786197, 32.78985, 32.790676, 32.790969, 32.791036, 32.791084, 32.791348, 32.787266, 32.783999, 32.784079, 32.782138, 32.783786, 32.784518, 32.784604)))"
481130096112,0.6107800650054171,0.5562015503875969,"list(list(c(-96.881366, -96.880828, -96.8723, -96.872166, -96.870345, -96.880761, -96.881406, -96.881366, 32.903829, 32.903863, 32.90394, 32.899699, 32.895256, 32.895265, 32.895271, 32.903829)))"
481130079162,0.2003250270855904,0.21963824289405687,"list(list(c(-96.757185, -96.75676, -96.756076, -96.753803, -96.756517, -96.757818, -96.757185, 32.861434, 32.861877, 32.86135, 32.859626, 32.857045, 32.858064, 32.861434)))"
481130121011,0.6942036836403034,0.5581395348837209,"list(list(c(-96.652701, -96.652059, -96.650101, -96.647538, -96.644163, -96.644006, -96.646858, -96.648205, -96.652703, -96.652701, 32.764609, 32.768287, 32.768282, 32.766132, 32.763089, 32.762375, 32.762235, 32.7622, 32.762214, 32.764609)))"
481130185052,0.7604550379198267,0.6737726098191215,"list(list(c(-96.717857, -96.714473, -96.714495, -96.711774, -96.713213, -96.712409, -96.713665, -96.714749, -96.716659, -96.717137, -96.717867, -96.717857, 32.905791, 32.905817, 32.909192, 32.909176, 32.906305, 32.904718, 32.90363, 32.902911, 32.902834, 32.902192, 32.904652, 32.905791)))"
481130015023,0.5651679306608883,0.4715762273901809,"list(list(c(-96.776875, -96.769311, -96.768292, -96.765877, -96.770031, -96.77327, -96.775844, -96.776875, 32.793913, 32.800134, 32.799241, 32.797144, 32.793723, 32.790768, 32.793008, 32.793913)))"
481130136284,0.11522210184182013,0.09560723514211888,"list(list(c(-96.829837, -96.829869, -96.825824, -96.825696, -96.82598, -96.825987, -96.821373, -96.82115, -96.822096, -96.822287, -96.829907, -96.829837, 32.957791, 32.962714, 32.962712, 32.961274, 32.960893, 32.958923, 32.959457, 32.959482, 32.95402, 32.954022, 32.954014, 32.957791)))"
481130136271,0.43044420368364034,0.34431524547803616,"list(list(c(-96.830244, -96.830014, -96.830012, -96.828519, -96.828811, -96.828458, -96.827776, -96.823425, -96.821884, -96.821703, -96.821583, -96.821712, -96.825725, -96.828729, -96.830043, -96.830354, -96.830244, 32.983303, 32.98724, 32.987255, 32.987236, 32.980922, 32.979728, 32.978729, 32.975298, 32.973625, 32.973104, 32.968594, 32.968589, 32.968625, 32.968648, 32.96857, 32.969406, 32.983303)))"
481130154062,0.12979414951245938,0.14470284237726094,"list(list(c(-97.029975, -97.029929, -97.028142, -97.027952, -97.026541, -97.020655, -97.019943, -97.019906, -97.029998, -97.029975, 32.765048, 32.765296, 32.769898, 32.771064, 32.769858, 32.76762, 32.765495, 32.75965, 32.759679, 32.765048)))"
481130004071,0.8496749729144095,0.8068475452196382,"list(list(c(-96.831083, -96.829186, -96.827609, -96.829074, -96.832835, -96.831083, 32.819786, 32.818178, 32.816851, 32.815232, 32.818321, 32.819786)))"
481130062001,0.6021668472372698,0.5045219638242895,"list(list(c(-96.840091, -96.83986, -96.83691, -96.836701, -96.830203, -96.827742, -96.827462, -96.829455, -96.829782, -96.840128, -96.840091, 32.717069, 32.717548, 32.719774, 32.720312, 32.720312, 32.72036, 32.72036, 32.713168, 32.713173, 32.713107, 32.717069)))"
481130118012,0.8157096424702058,0.7396640826873385,"list(list(c(-96.648484, -96.648468, -96.641366, -96.642204, -96.644806, -96.648103, -96.648515, -96.648484, 32.726383, 32.734171, 32.734242, 32.728257, 32.72692, 32.720822, 32.720582, 32.726383)))"
481130170072,0.9204767063921994,0.9237726098191215,"list(list(c(-96.581042, -96.573162, -96.577445, -96.578747, -96.57594, -96.57469, -96.573885, -96.571678, -96.563091, -96.562594, -96.561249, -96.556085, -96.547621, -96.549977, -96.549139, -96.54783, -96.554598, -96.566394, -96.566656, -96.57132, -96.575128, -96.579825, -96.581042, 32.666499, 32.672732, 32.676462, 32.67763, 32.679938, 32.680943, 32.680303, 32.680321, 32.681053, 32.68128, 32.682672, 32.687002, 32.679788, 32.677264, 32.675626, 32.674158, 32.669016, 32.659433, 32.658939, 32.660972, 
32.662882, 32.665725, 32.666499)))"
481130185061,0.8125135427952329,0.7383720930232558,"list(list(c(-96.716659, -96.714749, -96.713665, -96.713191, -96.71186, -96.712114, -96.713148, -96.715424, -96.716659, 32.902834, 32.902911, 32.90363, 32.902631, 32.901928, 32.900506, 32.900042, 32.901058, 32.902834)))"
481130192162,0.4157096424702058,0.32687338501291985,"list(list(c(-96.757495, -96.755582, -96.756161, -96.755368, -96.75116, -96.748211, -96.748226, -96.749571, -96.755873, -96.757495, 32.962435, 32.9684, 32.969414, 32.970835, 32.970968, 32.970742, 32.963036, 32.96256, 32.962441, 32.962435)))"
481130008012,0.6088299024918743,0.5368217054263567,"list(list(c(-96.789799, -96.786266, -96.78308, -96.780399, -96.783802, -96.788087, -96.789799, 32.805047, 32.80789, 32.805082, 32.802728, 32.799889, 32.803615, 32.805047)))"
481130019011,0.20092091007583968,0.19186046511627908,"list(list(c(-96.807317, -96.805328, -96.805091, -96.805629, -96.809435, -96.807317, 32.797962, 32.7963, 32.793041, 32.793059, 32.796174, 32.797962)))"
481130167062,0.5689599133261105,0.5148578811369509,"list(list(c(-96.786531, -96.777603, -96.777598, -96.777631, -96.782538, -96.785376, -96.78713, -96.786531, 32.611632, 32.611646, 32.610605, 32.605235, 32.604672, 32.606997, 32.61081, 32.611632)))"
481130136282,0.006663055254604533,0.007751937984496138,"list(list(c(-96.825725, -96.821712, -96.821583, -96.821728, -96.822141, -96.823958, -96.823984, -96.825824, -96.825725, 32.968625, 32.968589, 32.968594, 32.964173, 32.964177, 32.964161, 32.962716, 32.962712, 32.968625)))"
481130190452,0.6559588299024919,0.5490956072351421,"list(list(c(-96.705904, -96.700013, -96.700099, -96.700149, -96.702078, -96.705849, -96.705904, 32.931232, 32.931269, 32.924011, 32.921083, 32.921549, 32.921613, 32.931232)))"
481130076042,0.07069339111592632,0.07816537467700257,"list(list(c(-96.803871, -96.786846, -96.786662, -96.793218, -96.803938, -96.803871, 32.886305, 32.886201, 32.880032, 32.879867, 32.880112, 32.886305)))"
481130190373,0.4835861321776814,0.40503875968992253,"list(list(c(-96.699933, -96.692294, -96.691557, -96.691231, -96.699965, -96.699933, 32.967863, 32.967835, 32.961618, 32.960527, 32.960579, 32.967863)))"
481130165191,0.6317443120260022,0.5374677002583979,"list(list(c(-96.933878, -96.932759, -96.932028, -96.932956, -96.932839, -96.925987, -96.925824, -96.925755, -96.925541, -96.93256, -96.933858, -96.933878, 32.652409, 32.654581, 32.658628, 32.65955, 32.66238, 32.66236, 32.66234, 32.651699, 32.64747, 32.647413, 32.647302, 32.652409)))"
481130044001,0.02096424702058508,0.030361757105943132,"list(list(c(-96.84652, -96.844768, -96.839053, -96.836183, -96.835537, -96.835461, -96.837479, -96.837463, -96.838954, -96.84277, -96.843538, -96.846428, -96.846699, -96.84652, 32.758668, 32.759462, 32.759344, 32.758632, 32.758628, 32.754073, 32.754073, 32.753197, 32.753896, 32.75373, 32.752873, 32.754742, 32.757143, 32.758668)))"
481130160021,0.9918743228602384,0.9864341085271318,"list(list(c(-97.003371, -97.003487, -96.998145, -96.994504, -96.994534, -96.994741, -96.994892, -96.998784, -97.000225, -97.003767, -97.003371, 32.741968, 32.744757, 32.744964, 32.745112, 32.74232, 32.738204, 32.737671, 32.737471, 32.738712, 32.738711, 32.741968)))"
481130153051,0.4368905742145178,0.40051679586563305,"list(list(c(-96.981711, -96.976448, -96.976536, -96.976583, -96.977796, -96.981142, -96.981686, -96.981711, 32.815627, 32.815539, 32.809621, 32.805186, 32.804955, 32.80483, 32.810603, 32.815627)))"
481130141352,0.4359696641386782,0.3863049095607235,"list(list(c(-96.98067, -96.98049, -96.979121, -96.976936, -96.976502, -96.976622, -96.980916, -96.98067, 32.977092, 32.977511, 32.977044, 32.976863, 32.975333, 32.969436, 32.969392, 32.977092)))"
481130137181,0.8395449620801734,0.7803617571059431,"list(list(c(-96.896932, -96.890059, -96.890128, -96.890162, -96.891223, -96.896376, -96.896553, -96.896932, 32.964925, 32.969983, 32.964491, 32.963886, 32.963613, 32.961198, 32.964396, 32.964925)))"
481130098022,0.9179306608884074,0.8856589147286822,"list(list(c(-96.864696, -96.86461, -96.864618, -96.862402, -96.860482, -96.86113, -96.86201, -96.862416, -96.86389, -96.8647, -96.864696, 32.86647, 32.875103, 32.876047, 32.876008, 32.875127, 32.868158, 32.865239, 32.864882, 32.866117, 32.866422, 32.86647)))"
481130111013,0.7036294691224269,0.5930232558139534,"list(list(c(-96.857173, -96.845246, -96.844773, -96.841606, -96.84007, -96.840122, -96.857129, -96.857173, 32.654823, 32.654837, 32.654504, 32.654379, 32.653793, 32.642966, 32.645956, 32.654823)))"
481130062002,0.9309859154929577,0.9024547803617571,"list(list(c(-96.840043, -96.837628, -96.837535, -96.836871, -96.836774, -96.836723, -96.836704, -96.836701, -96.83691, -96.83986, -96.840025, -96.840076, -96.840043, 32.73278, 32.73328, 32.73266, 32.731515, 32.721486, 32.721313, 32.720436, 32.720312, 32.719774, 32.717548, 32.720343, 32.731907, 32.73278)))"
481130011012,0.05628385698808236,0.05297157622739013,"list(list(c(-96.770155, -96.761508, -96.761549, -96.761522, -96.770189, -96.770155, 32.822943, 32.822916, 32.822001, 32.817335, 32.817366, 32.822943)))"
481130087032,0.8554171180931744,0.813953488372093,"list(list(c(-96.793223, -96.781111, -96.777747, -96.777111, -96.786409, -96.788312, -96.792781, -96.795, -96.793223, 32.701301, 32.707137, 32.702297, 32.701787, 32.697293, 32.697916, 32.697184, 32.700471, 32.701301)))"
481130144081,0.8801733477789816,0.8695090439276486,"list(list(c(-97.008157, -97.003843, -97.004088, -96.99775, -96.997575, -96.996619, -96.99689, -96.993778, -96.993875, -96.993885, -96.994569, -97.002406, -97.00797, -97.008157, 32.817256, 32.817301, 32.821708, 32.821849, 32.822577, 32.824122, 32.828654, 32.82855, 32.821829, 32.815837, 32.815855, 32.815994, 32.816105, 32.817256)))"
481130182032,0.4125135427952329,0.37790697674418605,"list(list(c(-96.618991, -96.617075, -96.612387, -96.610702, -96.611606, -96.61346, -96.613547, -96.620425, -96.618991, 32.898106, 32.901108, 32.900725, 32.900226, 32.897783, 32.895455, 32.894202, 32.894253, 32.898106)))"
481130123011,0.6156013001083424,0.5167958656330749,"list(list(c(-96.674515, -96.668072, -96.663602, -96.662325, -96.662321, -96.662264, -96.665254, -96.665388, -96.673253, -96.673241, -96.674515, 32.821518, 32.821427, 32.821373, 32.821396, 32.819025, 32.815541, 32.815537, 32.814168, 32.814209, 32.820563, 32.821518)))"
481130085002,0.8854821235102925,0.8404392764857881,"list(list(c(-96.700053, -96.694329, -96.682708, -96.682682, -96.70007, -96.700053, 32.778036, 32.778076, 32.778005, 32.769399, 32.772633, 32.778036)))"
481130130053,0.27437703141928493,0.24160206718346255,"list(list(c(-96.710493, -96.709047, -96.700222, -96.700519, -96.700553, -96.710769, -96.710493, 32.869456, 32.87166, 32.871652, 32.87058, 32.864172, 32.864207, 32.869456)))"
481130122072,0.23060671722643555,0.23643410852713176,"list(list(c(-96.700239, -96.694425, -96.691325, -96.690806, -96.690161, -96.692367, -96.694329, -96.700053, -96.700239, 32.785443, 32.785969, 32.786966, 32.785137, 32.784341, 32.783991, 32.778076, 32.778036, 32.785443)))"
481130059022,0.8991874322860238,0.8617571059431525,"list(list(c(-96.824225, -96.822946, -96.817567, -96.814642, -96.81464, -96.817922, -96.817836, -96.820113, -96.819941, -96.82307, -96.82325, -96.824225, 32.700991, 32.700992, 32.700387, 32.700744, 32.698566, 32.698577, 32.696074, 32.696113, 32.691333, 32.691316, 32.697542, 32.700991)))"
481130107042,0.9776273022751896,0.9618863049095607,"list(list(c(-96.919289, -96.912303, -96.912175, -96.913251, -96.914357, -96.91458, -96.915906, -96.919427, -96.919289, 32.742224, 32.742251, 32.740461, 32.739575, 32.739759, 32.740433, 32.740212, 32.740219, 32.742224)))"
481130144083,0.8228602383531961,0.7719638242894057,"list(list(c(-97.010113, -97.00956, -97.008946, -97.007379, -97.006882, -97.010227, -97.010113, 32.831618, 32.833126, 32.83305, 32.832524, 32.829501, 32.828707, 32.831618)))"
481130166151,0.7222101841820152,0.5988372093023255,"list(list(c(-96.942433, -96.940174, -96.936647, -96.93708, -96.935876, -96.935839, -96.930673, -96.925393, -96.925407, -96.932723, -96.935034, -96.942382, -96.942402, -96.942411, -96.942433, 32.581059, 32.581024, 32.581093, 32.578688, 32.576971, 32.575328, 32.575063, 32.575347, 32.568075, 32.568103, 32.568388, 32.568632, 32.571669, 32.575363, 32.581059)))"
481130136153,0.8748104008667389,0.8443152454780362,"list(list(c(-96.814031, -96.812442, -96.811605, -96.810113, -96.811476, -96.812348, -96.813546, -96.813714, -96.814031, 32.939414, 32.939411, 32.939391, 32.938863, 32.936842, 32.934811, 32.934731, 32.936159, 32.939414)))"
481130137191,0.8080173347778982,0.6996124031007752,"list(list(c(-96.939472, -96.927223, -96.909997, -96.900646, -96.890617, -96.890887, -96.890412, -96.89718, -96.901249, -96.909793, -96.914841, -96.925554, -96.926631, -96.929422, -96.93487, -96.939882, -96.939472, 32.988822, 32.988541, 32.988346, 32.98816, 32.988023, 32.986239, 32.984912, 32.984024, 32.983461, 32.982567, 32.982781, 32.982819, 32.982608, 32.980763, 32.986021, 32.988822, 32.988822)))"
481130190412,0.1628927410617551,0.16343669250645998,"list(list(c(-96.729382, -96.727926, -96.727873, -96.725655, -96.72321, -96.720412, -96.721213, -96.718138, -96.71815, -96.718147, -96.722845, -96.723493, -96.724449, -96.729406, -96.729382, 32.925561, 32.92933, 32.933152, 32.933149, 32.93314, 32.931763, 32.930207, 32.929332, 32.926477, 32.925432, 32.92546, 32.925221, 32.925357, 32.925385, 32.925561)))"
481130192051,0.26029252437703143,0.2512919896640827,"list(list(c(-96.768867, -96.768214, -96.756554, -96.755889, -96.755368, -96.76892, -96.768867, 32.974815, 32.978351, 32.978313, 32.971555, 32.970835, 32.970694, 32.974815)))"
481130141591,0.3903575297941495,0.37726098191214474,"list(list(c(-97.020148, -97.008093, -97.007951, -97.006723, -96.99273, -96.991436, -96.991259, -96.991142, -96.991122, -96.996699, -96.996735, -96.991487, -96.996636, -96.996765, -97.000282, -97.000924, -97.000936, -97.007904, -97.008025, -97.019466, -97.019991, -97.020148, 32.921326, 32.915338, 32.91527, 32.914637, 32.905816, 32.902545, 32.901772, 32.901049, 32.897139, 32.897286, 32.900171, 32.901816, 32.903691, 32.900819, 32.90083, 32.9014, 32.905243, 32.907798, 32.908755, 32.917823, 32.920039, 
32.921326)))"
481130138062,0.46998916576381367,0.4250645994832042,"list(list(c(-96.847518, -96.84697, -96.839023, -96.839049, -96.840247, -96.847543, -96.847518, 32.939885, 32.939883, 32.939859, 32.937374, 32.936789, 32.936191, 32.939885)))"
481130005031,0.18851570964247022,0.2157622739018088,"list(list(c(-96.816763, -96.813555, -96.81182, -96.814136, -96.815046, -96.816763, 32.806538, 32.809146, 32.80778, 32.805856, 32.805097, 32.806538)))"
481130071021,0.5519501625135428,0.45090439276485783,"list(list(c(-96.830088, -96.821311, -96.821366, -96.821419, -96.82742, -96.830149, -96.830088, 32.851174, 32.851174, 32.846105, 32.844929, 32.844929, 32.844879, 32.851174)))"
481130137253,0.4594799566630553,0.38888888888888884,"list(list(c(-96.853714, -96.850049, -96.848049, -96.848048, -96.849406, -96.849907, -96.853736, -96.853724, -96.853626, -96.85387, -96.853714, 32.969017, 32.969164, 32.968926, 32.963946, 32.963937, 32.964427, 32.963284, 32.964646, 32.968251, 32.969017, 32.969017)))"
481130078311,0.781148429035753,0.6925064599483204,"list(list(c(-96.756963, -96.756613, -96.7556, -96.754618, -96.753298, -96.753814, -96.75681, -96.758548, -96.756963, 32.867834, 32.868277, 32.867494, 32.866785, 32.866515, 32.864412, 32.865112, 32.86643, 32.867834)))"
481130076041,0.02009750812567712,0.018087855297157618,"list(list(c(-96.80391, -96.787861, -96.786928, -96.786846, -96.803871, -96.803841, -96.80391, 32.894917, 32.894824, 32.892592, 32.886201, 32.886305, 32.894751, 32.894917)))"
481130085001,0.8173347778981581,0.7183462532299741,"list(list(c(-96.700644, -96.700332, -96.700257, -96.700142, -96.700073, -96.70007, -96.682682, -96.682593, -96.682669, -96.687978, -96.690013, -96.690562, -96.693215, -96.700572, -96.70058, -96.700592, -96.700644, 32.766669, 32.767234, 32.767384, 32.767729, 32.768183, 32.772633, 32.769399, 32.76426, 32.763365, 32.763399, 32.763013, 32.762926, 32.763283, 32.76336, 32.763511, 32.765334, 32.766669)))"
481130091032,0.895774647887324,0.8559431524547804,"list(list(c(-96.708239, -96.703013, -96.702505, -96.700076, -96.700076, -96.708609, -96.708239, 32.736934, 32.739109, 32.741332, 32.741486, 32.734423, 32.734461, 32.736934)))"
481130116041,0.8890574214517877,0.8197674418604651,"list(list(c(-96.657211, -96.657164, -96.648301, -96.64823, -96.648177, -96.63744, -96.63468, -96.640129, -96.6401, -96.640186, -96.641105, -96.657267, -96.657211, 32.681354, 32.683074, 32.684964, 32.685405, 32.690558, 32.690472, 32.688663, 32.686726, 32.680774, 32.678269, 32.675962, 32.676088, 32.681354)))"
481130137163,0.4487540628385699,0.40116279069767447,"list(list(c(-96.907292, -96.899616, -96.898891, -96.899013, -96.897495, -96.889922, -96.889995, -96.890059, -96.896932, -96.897404, -96.90049, -96.907345, -96.907292, 32.968465, 32.968411, 32.970877, 32.973231, 32.975614, 32.975575, 32.973467, 32.969983, 32.964925, 32.965249, 32.964906, 32.964897, 32.968465)))"
481130077011,0.2081256771397616,0.20348837209302328,"list(list(c(-96.795453, -96.795449, -96.791524, -96.789752, -96.789659, -96.789658, -96.795451, -96.795453, 32.865605, 32.867552, 32.867702, 32.867699, 32.865612, 32.865401, 32.865399, 32.865605)))"
481130011021,0.017388949079089944,0.013565891472868241,"list(list(c(-96.761565, -96.761534, -96.752913, -96.75294, -96.752928, -96.752192, -96.752808, -96.758889, -96.761145, -96.761712, -96.761565, 32.813857, 32.817194, 32.817189, 32.816159, 32.815134, 32.81443, 32.813845, 32.813829, 32.810998, 32.811526, 32.813857)))"
481130053001,0.8482665222101842,0.8378552971576227,"list(list(c(-96.863527, -96.856876, -96.857069, -96.863661, -96.863527, 32.734915, 32.734833, 32.729215, 32.729225, 32.734915)))"
481130122111,0.9377573131094258,0.9192506459948321,"list(list(c(-96.685692, -96.682687, -96.68251, -96.682455, -96.685765, -96.685692, 32.806932, 32.80695, 32.806255, 32.803366, 32.803382, 32.806932)))"
481130143062,0.9028710725893825,0.8714470284237726,"list(list(c(-96.987046, -96.986723, -96.976431, -96.976426, -96.984257, -96.984763, -96.985956, -96.987602, -96.987046, 32.848587, 32.850848, 32.85082, 32.848633, 32.846974, 32.845726, 32.846826, 32.846942, 32.848587)))"
481130137262,0.9634344528710725,0.9528423772609819,"list(list(c(-96.855876, -96.855868, -96.855699, -96.839026, -96.839023, -96.84697, -96.848609, -96.855745, -96.855895, -96.855876, 32.94129, 32.943653, 32.943644, 32.94371, 32.939859, 32.939883, 32.939953, 32.940004, 32.940004, 32.94129)))"
481130174002,0.6398158179848321,0.5542635658914729,"list(list(c(-96.596782, -96.596593, -96.592699, -96.591208, -96.583499, -96.583508, -96.583501, -96.593543, -96.597338, -96.596782, 32.746468, 32.754941, 32.754728, 32.752147, 32.752186, 32.745559, 32.744753, 32.744939, 32.745184, 32.746468)))"
481130187001,0.9413326110509209,0.9231266149870802,"list(list(c(-96.645816, -96.640462, -96.640257, -96.63684, -96.636286, -96.636355, -96.645082, -96.64515, -96.645816, 32.899226, 32.906421, 32.908974, 32.908938, 32.90189, 32.894419, 32.894441, 32.896656, 32.899226)))"
481130146023,0.8666847237269772,0.8133074935400517,"list(list(c(-96.939197, -96.939024, -96.935437, -96.935462, -96.934242, -96.934251, -96.939226, -96.939197, 32.829366, 32.829622, 32.829611, 32.823076, 32.823068, 32.822077, 32.822096, 32.829366)))"
481130165182,0.7305525460455038,0.6401808785529716,"list(list(c(-96.925755, -96.917046, -96.909282, -96.915236, -96.917553, -96.920293, -96.925541, -96.925755, 32.651699, 32.651714, 32.651745, 32.646012, 32.646088, 32.647409, 32.64747, 32.651699)))"
481130141302,0.3011375947995666,0.29263565891472865,"list(list(c(-96.958682, -96.9585, -96.955677, -96.952526, -96.949323, -96.94936, -96.951843, -96.952824, -96.958718, -96.958682, 32.919083, 32.921143, 32.923561, 32.921926, 32.921633, 32.920625, 32.917434, 32.914356, 32.915705, 32.919083)))"
481130123022,0.9898699891657639,0.9857881136950905,"list(list(c(-96.673253, -96.665388, -96.665386, -96.665257, -96.665699, -96.66727, -96.667256, -96.673276, -96.673253, 32.814209, 32.814168, 32.811311, 32.810951, 32.810003, 32.808895, 32.810654, 32.810728, 32.814209)))"
481130173122,0.4727518959913326,0.4089147286821705,"list(list(c(-96.583523, -96.577024, -96.575858, -96.569215, -96.569364, -96.56835, -96.567181, -96.5666, -96.564693, -96.564953, -96.564124, -96.565587, -96.567389, -96.57058, -96.574916, -96.574895, -96.575515, -96.577857, -96.583499, -96.583523, 32.75584, 32.756565, 32.756951, 32.756774, 32.75921, 32.759124, 32.757756, 32.754744, 32.75293, 32.749485, 32.748559, 32.747965, 32.746592, 32.745779, 32.749478, 32.750434, 32.750622, 32.752648, 32.752186, 32.75584)))"
481130205001,0.945991332611051,0.9179586563307494,"list(list(c(-96.873834, -96.865777, -96.865145, -96.865202, -96.860937, -96.85648, -96.856517, -96.856519, -96.856561, -96.856677, -96.859332, -96.87384, -96.873834, 32.778762, 32.778744, 32.783599, 32.785395, 32.787118, 32.787125, 32.782162, 32.778714, 32.775202, 32.766442, 32.767058, 32.76755, 32.778762)))"
481130145022,0.799783315276273,0.7009043927648579,"list(list(c(-96.966485, -96.963994, -96.963991, -96.960505, -96.959717, -96.959281, -96.959148, -96.959719, -96.959734, -96.959782, -96.96541, -96.966485, 32.822395, 32.822387, 32.82882, 32.828788, 32.828879, 32.828508, 32.821416, 32.820323, 32.815506, 32.81521, 32.82005, 32.822395)))"
481130004052,0.5805525460455038,0.49677002583979324,"list(list(c(-96.824547, -96.824159, -96.820147, -96.817639, -96.821572, -96.82266, -96.825248, -96.824547, 32.814317, 32.814617, 32.818309, 32.816142, 32.812503, 32.811517, 32.813665, 32.814317)))"
481130087051,0.9613759479956663,0.9354005167958657,"list(list(c(-96.789961, -96.787943, -96.780344, -96.772039, -96.771449, -96.767587, -96.771657, -96.775677, -96.783997, -96.785745, -96.786431, -96.788722, -96.789961, 32.68629, 32.686944, 32.690562, 32.694664, 32.690581, 32.682944, 32.680787, 32.680236, 32.680218, 32.680522, 32.680383, 32.684418, 32.68629)))"
481130141461,0.8341278439869989,0.7771317829457365,"list(list(c(-96.996498, -96.995445, -96.991691, -96.99188, -96.993482, -96.99629, -96.996382, -96.996498, 32.865617, 32.865657, 32.865302, 32.860754, 32.860548, 32.860531, 32.861338, 32.865617)))"
481130143151,0.14474539544962084,0.17248062015503873,"list(list(c(-96.976464, -96.972017, -96.965516, -96.962779, -96.962881, -96.967489, -96.968761, -96.968291, -96.976469, -96.976464, 32.84163, 32.842353, 32.84432, 32.844274, 32.839933, 32.839429, 32.838572, 32.83709, 32.8371, 32.84163)))"
481130098044,0.9797399783315276,0.9851421188630491,"list(list(c(-96.869844, -96.866445, -96.866258, -96.866102, -96.865927, -96.86461, -96.864696, -96.869315, -96.869844, 32.866453, 32.870979, 32.87164, 32.874826, 32.875241, 32.875103, 32.86647, 32.866462, 32.866453)))"
481130019012,0.0649512459371614,0.08333333333333337,"list(list(c(-96.812642, -96.809692, -96.807317, -96.809435, -96.810724, -96.812642, 32.798172, 32.800018, 32.797962, 32.796174, 32.797342, 32.798172)))"
481130108061,0.19555796316359697,0.17700258397932822,"list(list(c(-96.878567, -96.878337, -96.874974, -96.874189, -96.874237, -96.87426, -96.857102, -96.857138, -96.880713, -96.878567, 32.695406, 32.701113, 32.705699, 32.70537, 32.704382, 32.698224, 32.698211, 32.691234, 32.691249, 32.695406)))"
481130176061,0.7592632719393283,0.6905684754521964,"list(list(c(-96.629452, -96.622541, -96.622473, -96.622844, -96.622224, -96.621044, -96.617418, -96.613997, -96.617179, -96.621902, -96.622561, -96.629414, -96.629452, 32.752359, 32.752347, 32.766333, 32.767754, 32.767719, 32.763731, 32.755926, 32.748485, 32.748463, 32.748522, 32.748616, 32.748652, 32.752359)))"
481130166332,0.11386782231852655,0.16149870801033595,"list(list(c(-96.882773, -96.882688, -96.87412, -96.874089, -96.874056, -96.882746, -96.882773, 32.588863, 32.58979, 32.589785, 32.58254, 32.575305, 32.575336, 32.588863)))"
481130177031,0.828819068255688,0.7506459948320413,"list(list(c(-96.623428, -96.616089, -96.61535, -96.612592, -96.61122, -96.6139, -96.614896, -96.618352, -96.623428, 32.780265, 32.786417, 32.785851, 32.783507, 32.782331, 32.780125, 32.778844, 32.775976, 32.780265)))"
481130107013,NA,NA,"list(list(c(-96.892754, -96.883833, -96.880184, -96.877941, -96.876078, -96.875647, -96.877416, -96.880628, -96.891327, -96.892754, 32.753829, 32.753847, 32.754645, 32.756214, 32.754651, 32.75226, 32.750894, 32.749569, 32.749605, 32.753829)))"
481130190404,0.8628927410617552,0.7932816537467701,"list(list(c(-96.725636, -96.719709, -96.71819, -96.718125, -96.718138, -96.721213, -96.720412, -96.72321, -96.725655, -96.725636, 32.935049, 32.935015, 32.931947, 32.931291, 32.929332, 32.930207, 32.931763, 32.93314, 32.933149, 32.935049)))"
481130181521,0.518201516793066,0.4373385012919897,"list(list(c(-96.624698, -96.623094, -96.619683, -96.619058, -96.61714, -96.612789, -96.6148, -96.614863, -96.623919, -96.624698, 32.934426, 32.939439, 32.939452, 32.942992, 32.944678, 32.940942, 32.938288, 32.934314, 32.934221, 32.934426)))"
481130181552,0.3900866738894908,0.33850129198966405,"list(list(c(-96.584623, -96.583522, -96.583483, -96.58331, -96.576267, -96.574649, -96.574095, -96.57087, -96.570283, -96.570681, -96.57442, -96.574641, -96.575239, -96.577429, -96.586674, -96.584623, 32.950487, 32.952505, 32.964806, 32.973256, 32.973219, 32.974389, 32.97455, 32.973866, 32.972111, 32.952643, 32.952555, 32.952096, 32.949355, 32.94904, 32.949033, 32.950487)))"
481130092042,0.8084507042253521,0.7280361757105943,"list(list(c(-96.682831, -96.682793, -96.680063, -96.674567, -96.674279, -96.66978, -96.670776, -96.67427, -96.67856, -96.678552, -96.682818, -96.682831, 32.742702, 32.748887, 32.748858, 32.748801, 32.748408, 32.74358, 32.743222, 32.742822, 32.742517, 32.741421, 32.741484, 32.742702)))"
481130072061,0.9849945828819068,0.9916020671834626,"list(list(c(-96.865801, -96.86519, -96.863037, -96.864062, -96.865705, -96.867832, -96.865801, 32.860757, 32.862018, 32.859676, 32.858466, 32.857188, 32.859088, 32.860757)))"
481130007062,0.33569880823401954,0.3178294573643411,"list(list(c(-96.788467, -96.786143, -96.780948, -96.780385, -96.781114, -96.781919, -96.783837, -96.785069, -96.788086, -96.788467, 32.826346, 32.828333, 32.832754, 32.833208, 32.831193, 32.830007, 32.826828, 32.823933, 32.825648, 32.826346)))"
481130108093,0.7709100758396533,0.7235142118863049,"list(list(c(-96.908695, -96.90852, -96.90007, -96.892945, -96.891482, -96.891467, -96.898338, -96.901775, -96.9028, -96.903933, -96.908707, -96.908695, 32.713744, 32.713754, 32.713799, 32.713374, 32.712606, 32.711075, 32.708641, 32.707011, 32.705827, 32.705849, 32.71115, 32.713744)))"
481130167111,0.81890574214517875,0.7299741602067183,"list(list(c(-96.805697, -96.800063, -96.797087, -96.792627, -96.783114, -96.784031, -96.783255, -96.772401, -96.762962, -96.760191, -96.772794, -96.768111, -96.768083, -96.782089, -96.781342, -96.781199, -96.788503, -96.788848, -96.799056, -96.805696, -96.805697, 32.643864, 32.646669, 32.648628, 32.650816, 32.655464, 32.662667, 32.662896, 32.668156, 32.672741, 32.668494, 32.662664, 32.656719, 32.656653, 32.64971, 32.647906, 32.647461, 32.645431, 32.645336, 32.642628, 32.642331, 32.643864)))"
481130192113,0.32296858071505963,0.28682170542635654,"list(list(c(-96.734303, -96.734293, -96.728388, -96.727192, -96.727477, -96.728472, -96.728605, -96.729164, -96.734312, -96.734303, 32.966262, 32.969427, 32.969498, 32.96922, 32.966168, 32.964647, 32.961375, 32.960848, 32.960879, 32.966262)))"
481130181051,0.7204225352112676,0.6162790697674418,"list(list(c(-96.628028, -96.626679, -96.625513, -96.621587, -96.621617, -96.621635, -96.624572, -96.628436, -96.628028, 32.92364, 32.92814, 32.927867, 32.927751, 32.922128, 32.914454, 32.914648, 32.916616, 32.92364)))"
481130128023,0.692361863488624,0.6201550387596899,"list(list(c(-96.685113, -96.683159, -96.683141, -96.683179, -96.683161, -96.683186, -96.674942, -96.674274, -96.679986, -96.684485, -96.685113, 32.843001, 32.84692, 32.849216, 32.849362, 32.855686, 32.860024, 32.85991, 32.859144, 32.850693, 32.844237, 32.843001)))"
481130132011,0.490032502708559,0.4205426356589147,"list(list(c(-96.80358, -96.803568, -96.800105, -96.788006, -96.786314, -96.786305, -96.786466, -96.803501, -96.803552, -96.803569, -96.803578, -96.80358, 32.92542, 32.92564, 32.925182, 32.925072, 32.924869, 32.924261, 32.917101, 32.916918, 32.922545, 32.924228, 32.924999, 32.92542)))"
481130107041,0.8905742145178766,0.8010335917312661,"list(list(c(-96.919659, -96.915339, -96.912204, -96.9112, -96.908668, -96.90033, -96.898079, -96.897746, -96.896335, -96.891553, -96.891526, -96.900085, -96.908574, -96.90876, -96.913892, -96.915994, -96.91832, -96.919852, -96.919659, 32.736326, 32.735854, 32.731703, 32.73106, 32.730916, 32.72891, 32.728703, 32.727737, 32.72551, 32.721133, 32.720444, 32.720489, 32.72054, 32.720537, 32.720443, 32.720523, 32.723982, 32.730029, 32.736326)))"
481130141351,0.1003791982665222,0.10723514211886309,"list(list(c(-96.993708, -96.99051, -96.985642, -96.983923, -96.98049, -96.98067, -96.980916, -96.981387, -96.993745, -96.993708, 32.976582, 32.976629, 32.97845, 32.978537, 32.977511, 32.977092, 32.969392, 32.969385, 32.96935, 32.976582)))"
481130116042,0.8388949079089925,0.7435400516795866,"list(list(c(-96.667629, -96.667438, -96.665459, -96.660918, -96.659941, -96.645446, -96.643051, -96.63744, -96.648177, -96.64823, -96.648301, -96.657164, -96.657579, -96.659741, -96.665104, -96.6675, -96.667629, 32.697888, 32.701092, 32.703622, 32.699792, 32.699421, 32.695293, 32.694153, 32.690472, 32.690558, 32.685405, 32.684964, 32.683074, 32.686937, 32.687868, 32.688597, 32.691167, 32.697888)))"
481130153062,0.7906283856988082,0.729328165374677,"list(list(c(-96.994768, -96.994502, -96.992611, -96.991688, -96.99203, -96.989285, -96.981789, -96.980277, -96.979975, -96.977138, -96.977177, -96.976921, -96.974471, -96.974462, -96.976156, -96.977259, -96.979063, -96.980952, -96.982339, -96.994641, -96.994768, 32.785137, 32.805093, 32.804588, 32.804104, 32.799261, 32.795342, 32.795074, 32.796331, 32.792372, 32.792349, 32.78669, 32.785795, 32.78307, 32.783002, 32.782432, 32.781574, 32.77925, 32.778095, 32.777874, 32.777857, 32.785137)))"
481130130103,0.31061755146262193,0.24547803617571062,"list(list(c(-96.683211, -96.678917, -96.678785, -96.678918, -96.683219, -96.683211, 32.86775, 32.867058, 32.867036, 32.864145, 32.864142, 32.86775)))"
481130176051,0.8839111592632719,0.8087855297157622,"list(list(c(-96.648208, -96.644547, -96.642968, -96.640116, -96.639012, -96.639138, -96.639739, -96.646431, -96.648399, -96.648208, 32.756946, 32.757072, 32.754441, 32.756453, 32.755515, 32.748732, 32.74877, 32.748742, 32.748842, 32.756946)))"
481130166222,0.15839653304442036,0.19961240310077522,"list(list(c(-96.834368, -96.830833, -96.826656, -96.824632, -96.822359, -96.822296, -96.826831, -96.827108, -96.831009, -96.831723, -96.831716, -96.834356, -96.834368, 32.563241, 32.564054, 32.562206, 32.560612, 32.561183, 32.553354, 32.553342, 32.550313, 32.550286, 32.551656, 32.560715, 32.56073, 32.563241)))"
481130162011,0.5569339111592633,0.46770025839793283,"list(list(c(-97.007114, -97.007166, -97.005302, -97.002235, -97.0024, -97.000438, -96.997085, -96.996646, -96.994206, -96.994104, -96.995948, -97.007222, -97.007114, 32.722912, 32.726115, 32.726242, 32.728496, 32.729445, 32.730916, 32.732185, 32.731996, 32.731658, 32.720535, 32.720539, 32.720391, 32.722912)))"
481130143091,0.904875406283857,0.8540051679586563,"list(list(c(-96.991691, -96.98963, -96.988972, -96.988546, -96.988544, -96.989168, -96.99188, -96.991691, 32.865302, 32.865326, 32.86547, 32.864181, 32.860259, 32.860523, 32.860754, 32.865302)))"
481130147012,0.87204767063922,0.8055555555555556,"list(list(c(-96.935385, -96.93028, -96.930291, -96.927598, -96.92761, -96.926251, -96.930306, -96.931467, -96.933605, -96.935437, -96.935385, 32.836809, 32.836573, 32.833655, 32.833292, 32.831699, 32.829721, 32.829634, 32.829659, 32.829639, 32.829611, 32.836809)))"
481130136171,0.6212351029252438,0.5361757105943152,"list(list(c(-96.804417, -96.802228, -96.797929, -96.804114, -96.804104, -96.804234, -96.804475, -96.804417, 32.98348, 32.983283, 32.979045, 32.970715, 32.971213, 32.972687, 32.974688, 32.98348)))"
481130093013,0.9035211267605634,0.8359173126614987,"list(list(c(-96.710333, -96.708609, -96.700076, -96.695052, -96.694199, -96.6948, -96.695189, -96.694184, -96.696632, -96.70029, -96.709038, -96.710333, 32.734433, 32.734461, 32.734423, 32.734419, 32.73166, 32.729312, 32.728991, 32.727354, 32.724974, 32.726869, 32.731554, 32.734433)))"
481130130102,0.7182556879739979,0.5891472868217054,"list(list(c(-96.693844, -96.691811, -96.69144, -96.690329, -96.689502, -96.685383, -96.683199, -96.683201, -96.691245, -96.69189, -96.693149, -96.693836, -96.693844, 32.874177, 32.874601, 32.874463, 32.87392, 32.873125, 32.871518, 32.871498, 32.869407, 32.869511, 32.869857, 32.870632, 32.870683, 32.874177)))"
481130190332,0.8089382448537378,0.7312661498708011,"list(list(c(-96.692243, -96.688422, -96.683081, -96.683041, -96.692253, -96.692243, 32.916761, 32.916728, 32.917167, 32.90916, 32.909014, 32.916761)))"
481130096102,0.8766522210184182,0.834625322997416,"list(list(c(-96.889885, -96.882591, -96.881366, -96.881406, -96.888021, -96.890674, -96.889885, 32.903838, 32.903829, 32.903829, 32.895271, 32.895305, 32.903874, 32.903838)))"
481130095001,0.12118093174431199,0.1427648578811369,"list(list(c(-96.856222, -96.856215, -96.84669, -96.84333, -96.838475, -96.838503, -96.838533, -96.844971, -96.846327, -96.855752, -96.856275, -96.856222, 32.883699, 32.887808, 32.887721, 32.887712, 32.887696, 32.883643, 32.880322, 32.880423, 32.880299, 32.880308, 32.880428, 32.883699)))"
481130111051,0.8777356446370531,0.7958656330749354,"list(list(c(-96.831111, -96.831001, -96.830845, -96.830862, -96.823122, -96.823374, -96.827635, -96.828328, -96.829356, -96.829299, -96.831726, -96.831111, 32.649189, 32.653557, 32.654241, 32.662273, 32.662327, 32.654047, 32.654358, 32.652896, 32.649771, 32.647644, 32.647686, 32.649189)))"
481130006052,0.09214517876489703,0.11111111111111116,"list(list(c(-96.808386, -96.80552, -96.803416, -96.806491, -96.80679, -96.808628, -96.808386, 32.809517, 32.811929, 32.810119, 32.80731, 32.807533, 32.809036, 32.809517)))"
481130190203,0.7908992416034669,0.70671834625323,"list(list(c(-96.673189, -96.665306, -96.665276, -96.668381, -96.67174, -96.673005, -96.676765, -96.673189, 32.944871, 32.94471, 32.941259, 32.941099, 32.94235, 32.941611, 32.945039, 32.944871)))"
481130135002,0.08634886240520045,0.10594315245478036,"list(list(c(-96.838325, -96.838331, -96.829632, -96.829607, -96.838384, -96.838325, 32.902211, 32.909621, 32.909627, 32.894983, 32.895051, 32.902211)))"
481130181292,0.6856988082340195,0.5975452196382429,"list(list(c(-96.602104, -96.601168, -96.600016, -96.5963, -96.595781, -96.595546, -96.595646, -96.600023, -96.601863, -96.602104, 32.844361, 32.845419, 32.844749, 32.846142, 32.846319, 32.8453, 32.840181, 32.838414, 32.84176, 32.844361)))"
481130190281,0.7962621885157096,0.7183462532299741,"list(list(c(-96.673863, -96.673285, -96.669873, -96.668342, -96.667181, -96.665449, -96.665449, -96.665496, -96.668391, -96.668297, -96.673564, -96.67388, -96.673863, 32.960704, 32.960735, 32.960794, 32.960161, 32.959653, 32.959591, 32.959428, 32.95637, 32.956283, 32.951483, 32.951479, 32.951464, 32.960704)))"
481130015033,0.2681473456121344,0.2545219638242894,"list(list(c(-96.783802, -96.780399, -96.777701, -96.776509, -96.779846, -96.781069, -96.783802, 32.799889, 32.802728, 32.800337, 32.7993, 32.796501, 32.797561, 32.799889)))"
481130079092,0.43028169014084505,0.3811369509043928,"list(list(c(-96.77047, -96.770454, -96.766911, -96.76597, -96.765368, -96.765172, -96.764387, -96.764442, -96.764447, -96.771571, -96.77047, 32.855895, 32.857094, 32.857174, 32.857393, 32.856111, 32.85497, 32.853487, 32.851067, 32.850912, 32.850997, 32.855895)))"
481130181101,0.624593716143012,0.5290697674418605,"list(list(c(-96.612103, -96.610751, -96.609099, -96.610063, -96.607044, -96.604943, -96.605893, -96.605797, -96.59992, -96.605461, -96.60571, -96.610121, -96.612278, -96.612103, 32.870835, 32.872025, 32.877779, 32.878635, 32.882598, 32.880752, 32.875769, 32.875196, 32.869605, 32.864993, 32.864922, 32.868786, 32.870697, 32.870835)))"
481130088022,0.8034669555796317,0.7667958656330749,"list(list(c(-96.801987, -96.799596, -96.797647, -96.794619, -96.792147, -96.787674, -96.787108, -96.784115, -96.794034, -96.795163, -96.800385, -96.801987, 32.70863, 32.711495, 32.712487, 32.712697, 32.714461, 32.716668, 32.715753, 32.711692, 32.707006, 32.708675, 32.706183, 32.70863)))"
481130181291,0.3142470205850487,0.30878552971576223,"list(list(c(-96.627997, -96.624403, -96.622408, -96.619984, -96.618683, -96.616019, -96.616314, -96.615765, -96.612899, -96.612206, -96.613686, -96.614498, -96.621707, -96.627857, -96.627997, 32.849499, 32.852586, 32.854109, 32.854055, 32.854084, 32.856566, 32.855488, 32.854871, 32.852165, 32.850871, 32.850613, 32.850163, 32.844195, 32.849403, 32.849499)))"
481130166072,0.4983748645720477,0.43927648578811374,"list(list(c(-96.891426, -96.891285, -96.884189, -96.885579, -96.885706, -96.887174, -96.887465, -96.891275, -96.891392, -96.891415, -96.891413, -96.891426, 32.660185, 32.660133, 32.65708, 32.654825, 32.654615, 32.65188, 32.647454, 32.647498, 32.647499, 32.654093, 32.654727, 32.660185)))"
481130190252,0.35758396533044423,0.33785529715762275,"list(list(c(-96.641717, -96.637299, -96.636707, -96.627386, -96.626615, -96.632473, -96.632681, -96.632775, -96.633129, -96.637475, -96.639491, -96.641717, 32.948071, 32.951704, 32.951863, 32.953476, 32.952833, 32.948065, 32.942659, 32.942158, 32.941813, 32.945576, 32.946278, 32.948071)))"
481130050002,0.7340736728060672,0.6937984496124031,"list(list(c(-96.837597, -96.832123, -96.824362, -96.82284, -96.82281, -96.823426, -96.823862, -96.824627, -96.832157, -96.832146, -96.837522, -96.837643, -96.837597, 32.743161, 32.743145, 32.743132, 32.743505, 32.739803, 32.739035, 32.734453, 32.738275, 32.738577, 32.737263, 32.736961, 32.741335, 32.743161)))"
481130181342,0.15211267605633805,0.17183462532299743,"list(list(c(-96.531377, -96.520799, -96.517912, -96.517972, -96.518098, -96.51808, -96.518171, -96.531395, -96.531377, 32.91058, 32.915789, 32.91723, 32.912283, 32.903554, 32.900453, 32.899821, 32.900708, 32.91058)))"
481130165302,0.6699891657638137,0.5658914728682171,"list(list(c(-96.956192, -96.954336, -96.951062, -96.943672, -96.939868, -96.937724, -96.938999, -96.945608, -96.948293, -96.952098, -96.955277, -96.956086, -96.95733, -96.956192, 32.611973, 32.613014, 32.613515, 32.618153, 32.616473, 32.615781, 32.612319, 32.604431, 32.604281, 32.605921, 32.608967, 32.609654, 32.610489, 32.611973)))"
481130182052,0.9104008667388949,0.8630490956072352,"list(list(c(-96.622196, -96.620425, -96.613547, -96.602214, -96.60482, -96.611592, -96.612456, -96.615678, -96.622171, -96.622174, -96.622196, 32.894273, 32.894253, 32.894202, 32.894013, 32.892274, 32.886853, 32.887784, 32.886709, 32.887228, 32.888925, 32.894273)))"
481130181103,0.3672806067172264,0.33139534883720934,"list(list(c(-96.621562, -96.611592, -96.60962, -96.607044, -96.610063, -96.609099, -96.610751, -96.612103, -96.612278, -96.621446, -96.621562, 32.878839, 32.886853, 32.884853, 32.882598, 32.878635, 32.877779, 32.872025, 32.870835, 32.870697, 32.87874, 32.878839)))"
481130137162,0.4174972914409534,0.3791989664082688,"list(list(c(-96.907165, -96.897495, -96.899013, -96.898891, -96.899616, -96.907292, -96.907165, 32.975661, 32.975614, 32.973231, 32.970877, 32.968411, 32.968465, 32.975661)))"
481130063021,0.8037919826652221,0.7739018087855297,"list(list(c(-96.844603, -96.844256, -96.843174, -96.840043, -96.840076, -96.840025, -96.844595, -96.844603, 32.726782, 32.731712, 32.732121, 32.73278, 32.731907, 32.720343, 32.72033, 32.726782)))"
481130150022,0.5018418201516793,0.4812661498708011,"list(list(c(-96.946876, -96.934618, -96.934616, -96.946852, -96.946876, 32.80124, 32.800977, 32.793908, 32.793895, 32.80124)))"
481130072041,0.9321776814734561,0.9147286821705426,"list(list(c(-96.879289, -96.875377, -96.869844, -96.869315, -96.8693, -96.872867, -96.874591, -96.878059, -96.878758, -96.879289, 32.8664, 32.866434, 32.866453, 32.866462, 32.865266, 32.863481, 32.86251, 32.859809, 32.863339, 32.8664)))"
481130015041,0.4989165763813651,0.4496124031007752,"list(list(c(-96.779846, -96.776509, -96.772361, -96.769311, -96.776875, -96.779846, 32.796501, 32.7993, 32.802732, 32.800134, 32.793913, 32.796501)))"
481130184021,0.8255146262188515,0.7306201550387597,"list(list(c(-96.648224, -96.636507, -96.635885, -96.633153, -96.633958, -96.642631, -96.646303, -96.648344, -96.648224, 32.871141, 32.870902, 32.870702, 32.869161, 32.868487, 32.861213, 32.863979, 32.864047, 32.871141)))"
481130204021,0.48607800650054167,0.4386304909560723,"list(list(c(-96.811315, -96.810401, -96.809382, -96.808583, -96.80785, -96.807067, -96.798765, -96.793384, -96.792278, -96.786499, -96.786556, -96.7841, -96.782195, -96.785685, -96.798894, -96.802037, -96.805387, -96.80893, -96.81043, -96.811315, 32.777649, 32.778337, 32.778506, 32.77727, 32.774676, 32.775664, 32.777245, 32.778613, 32.779698, 32.781692, 32.782082, 32.780841, 32.778902, 32.77626, 32.772534, 32.770094, 32.769056, 32.770598, 32.771637, 32.777649)))"
481130018022,0.12275189599133263,0.1304909560723514,"list(list(c(-96.805585, -96.804187, -96.803935, -96.801701, -96.803488, -96.80532, -96.805585, 32.800612, 32.80171, 32.801962, 32.799675, 32.798194, 32.799419, 32.800612)))"
481130015031,0.6373781148429036,0.5594315245478036,"list(list(c(-96.774247, -96.772303, -96.770192, -96.770089, -96.773552, -96.7763, -96.774247, 32.807884, 32.809469, 32.807609, 32.806685, 32.803789, 32.806176, 32.807884)))"
481130190251,0.22226435536294686,0.21834625322997414,"list(list(c(-96.632775, -96.632681, -96.632473, -96.626615, -96.623497, -96.627762, -96.627123, -96.632677, -96.633129, -96.632775, 32.942158, 32.942659, 32.948065, 32.952833, 32.950135, 32.946779, 32.946161, 32.941437, 32.941813, 32.942158)))"
481130020021,0.9884615384615385,0.9909560723514211,"list(list(c(-96.822895, -96.817526, -96.816767, -96.816767, -96.815627, -96.815633, -96.820475, -96.822882, -96.822895, 32.753777, 32.753784, 32.754796, 32.757246, 32.757257, 32.751209, 32.749391, 32.749415, 32.753777)))"
481130123024,0.6034669555796317,0.5122739018087855,"list(list(c(-96.684394, -96.680137, -96.677792, -96.673253, -96.673276, -96.6736, -96.676967, -96.680989, -96.684314, -96.684394, 32.814999, 32.815002, 32.814244, 32.814209, 32.810728, 32.809344, 32.809828, 32.812783, 32.812445, 32.814999)))"
481130088021,0.7477248104008667,0.6821705426356589,"list(list(c(-96.795778, -96.794034, -96.784115, -96.781111, -96.793223, -96.79639, -96.795778, 32.706159, 32.707006, 32.711692, 32.707137, 32.701301, 32.706054, 32.706159)))"
481130054002,0.7458288190682557,0.648578811369509,"list(list(c(-96.826598, -96.825382, -96.824951, -96.824337, -96.822506, -96.822205, -96.813633, -96.812478, -96.812282, -96.811983, -96.811721, -96.811432, -96.820042, -96.822778, -96.822813, -96.822841, -96.822843, -96.822878, -96.827462, -96.826598, 32.723307, 32.727693, 32.731128, 32.732815, 32.733075, 32.733209, 32.740122, 32.741093, 32.739772, 32.739113, 32.7386, 32.729526, 32.729698, 32.728597, 32.722814, 32.721496, 32.721382, 32.720318, 32.72036, 32.723307)))"
481130143082,0.8565547128927411,0.7855297157622739,"list(list(c(-96.959085, -96.952241, -96.951295, -96.951285, -96.959139, -96.959085, 32.844223, 32.844209, 32.844316, 32.837043, 32.83704, 32.844223)))"
481130183001,0.2291982665222102,0.24289405684754517,"list(list(c(-96.645082, -96.636355, -96.635455, -96.633954, -96.633265, -96.638643, -96.639113, -96.638263, -96.639628, -96.641457, -96.642463, -96.644888, -96.645082, 32.894441, 32.894419, 32.885281, 32.883201, 32.878864, 32.878897, 32.881847, 32.883924, 32.8859, 32.886574, 32.889241, 32.892831, 32.894441)))"
481130136054,0.2880823401950162,0.24870801033591727,"list(list(c(-96.77853, -96.769897, -96.768926, -96.768942, -96.770492, -96.778619, -96.77853, 32.968677, 32.968667, 32.968004, 32.962237, 32.962027, 32.962091, 32.968677)))"
481130079022,0.18829902491874317,0.1931524547803618,"list(list(c(-96.745286, -96.745975, -96.744477, -96.736666, -96.73712, -96.741677, -96.740628, -96.741643, -96.748757, -96.745286, 32.855488, 32.856049, 32.855756, 32.854318, 32.853345, 32.849386, 32.847042, 32.84651, 32.852503, 32.855488)))"
481130201002,0.7312567713976165,0.650516795865633,"list(list(c(-96.921824, -96.92165, -96.921659, -96.91854, -96.916942, -96.913791, -96.906141, -96.905721, -96.904565, -96.904124, -96.903705, -96.901537, -96.898522, -96.904861, -96.907156, -96.910391, -96.910553, -96.9125, -96.914032, -96.915381, -96.917013, -96.918902, -96.919102, -96.92066, -96.921687, -96.921824, 32.801214, 32.808424, 32.809733, 32.809779, 32.80976, 32.809173, 32.80913, 32.807403, 32.805594, 32.80494, 32.804281, 32.800668, 32.798192, 32.798071, 32.797262, 32.792268, 32.790655, 
32.785705, 32.784433, 32.784255, 32.784985, 32.785719, 32.786668, 32.793917, 32.798927, 32.801214)))"
481130165261,0.4397616468039003,0.42829457364341084,"list(list(c(-96.948095, -96.947989, -96.947089, -96.947107, -96.942971, -96.942935, -96.942871, -96.943196, -96.946434, -96.947497, -96.947972, -96.951889, -96.948095, 32.639985, 32.643659, 32.645722, 32.64721, 32.647244, 32.642122, 32.634272, 32.632736, 32.632669, 32.63297, 32.633193, 32.636296, 32.639985)))"
481130137272,0.2673347778981582,0.24612403100775193,"list(list(c(-96.84225, -96.842193, -96.842198, -96.838955, -96.830012, -96.830014, -96.830244, -96.838871, -96.840067, -96.842743, -96.84225, 32.984183, 32.98735, 32.987411, 32.98737, 32.987255, 32.98724, 32.983303, 32.983353, 32.982967, 32.983111, 32.984183)))"
481130098041,0.9478331527627302,0.9321705426356589,"list(list(c(-96.87535, -96.873832, -96.870311, -96.867896, -96.86791, -96.866258, -96.866445, -96.869844, -96.875377, -96.87535, 32.873372, 32.873865, 32.873835, 32.87377, 32.871854, 32.87164, 32.870979, 32.866453, 32.866434, 32.873372)))"
481130141472,0.4636511375947996,0.3875968992248062,"list(list(c(-97.014295, -97.01305, -97.007909, -97.008024, -97.013691, -97.015561, -97.014295, 32.85537, 32.856963, 32.856966, 32.852894, 32.852356, 32.852978, 32.85537)))"
481130146011,0.8572589382448538,0.7732558139534884,"list(list(c(-96.959207, -96.959139, -96.951285, -96.947185, -96.944418, -96.944448, -96.944127, -96.948011, -96.951159, -96.957589, -96.959267, -96.959207, 32.836458, 32.83704, 32.837043, 32.837024, 32.837043, 32.830634, 32.82938, 32.82938, 32.829451, 32.829503, 32.829027, 32.836458)))"
481130166231,0.09604550379198262,0.09948320413436695,"list(list(c(-96.908251, -96.899695, -96.891143, -96.882746, -96.874056, -96.874026, -96.874027, -96.874054, -96.873937, -96.873918, -96.87392, -96.891051, -96.899615, -96.908171, -96.908146, -96.908159, -96.908251, 32.575356, 32.575367, 32.575339, 32.575336, 32.575305, 32.565879, 32.565285, 32.56073, 32.549022, 32.548251, 32.547463, 32.547412, 32.547489, 32.547607, 32.548857, 32.550444, 32.575356)))"
481130133002,0.060780065005417105,0.05813953488372092,"list(list(c(-96.803977, -96.802697, -96.795646, -96.79118, -96.788423, -96.788324, -96.787861, -96.80391, -96.803977, 32.902209, 32.901663, 32.901587, 32.902076, 32.901445, 32.89961, 32.894824, 32.894917, 32.902209)))"
481130141242,NA,NA,"list(list(c(-97.022285, -97.017752, -97.014464, -97.012143, -97.008141, -97.008284, -97.009539, -97.0107, -97.008014, -97.00792, -97.007951, -97.008093, -97.020148, -97.019894, -97.019823, -97.020007, -97.01978, -97.0197, -97.019735, -97.020294, -97.021488, -97.022247, -97.022285, 32.945853, 32.94421, 32.942168, 32.940042, 32.935276, 32.93455, 32.929346, 32.928272, 32.924999, 32.92076, 32.91527, 32.915338, 32.921326, 32.925348, 32.93648, 32.936442, 32.937219, 32.940129, 32.940323, 32.94131, 32.942344, 
32.943814, 32.945853)))"
481130126013,0.9386240520043337,0.9224806201550387,"list(list(c(-96.658838, -96.655667, -96.653453, -96.653194, -96.656764, -96.658041, -96.658209, -96.658127, -96.650237, -96.648839, -96.649401, -96.649446, -96.651014, -96.652005, -96.654966, -96.656059, -96.658838, 32.851498, 32.85419, 32.854063, 32.85532, 32.856822, 32.860627, 32.86103, 32.861839, 32.856841, 32.855953, 32.855483, 32.855444, 32.85411, 32.853264, 32.85081, 32.851385, 32.851498)))"
481130154063,0.03781148429035752,0.033591731266149893,"list(list(c(-97.034934, -97.034771, -97.030041, -97.029032, -97.028511, -97.028359, -97.027952, -97.028142, -97.029929, -97.035114, -97.034934, 32.779929, 32.785027, 32.782213, 32.781207, 32.77988, 32.77208, 32.771064, 32.769898, 32.765296, 32.765372, 32.779929)))"
481130136102,0.07908992416034666,0.08462532299741599,"list(list(c(-96.786262, -96.782814, -96.778379, -96.777613, -96.774164, -96.773047, -96.770411, -96.770673, -96.7739, -96.777966, -96.774419, -96.774212, -96.77457, -96.782517, -96.783783, -96.786266, -96.786262, 32.939824, 32.940773, 32.939996, 32.939895, 32.939892, 32.9399, 32.939881, 32.939506, 32.937416, 32.934824, 32.930587, 32.92965, 32.929032, 32.932218, 32.9332, 32.933236, 32.939824)))"
481130130122,0.12529794149512463,0.12338501291989667,"list(list(c(-96.717984, -96.717975, -96.717975, -96.715801, -96.709047, -96.710493, -96.710769, -96.712563, -96.713293, -96.718044, -96.717984, 32.863849, 32.869598, 32.870514, 32.871696, 32.87166, 32.869456, 32.864207, 32.864069, 32.863878, 32.861808, 32.863849)))"
481130139021,0.3004875406283857,0.30490956072351416,"list(list(c(-96.890565, -96.890014, -96.88957, -96.888184, -96.882237, -96.881675, -96.881625, -96.881713, -96.886266, -96.890901, -96.890565, 32.929841, 32.931503, 32.93219, 32.93361, 32.929295, 32.92854, 32.928007, 32.924518, 32.924563, 32.924025, 32.929841)))"
481130143152,0.8039544962080174,0.7228682170542635,"list(list(c(-96.968761, -96.967489, -96.962881, -96.962779, -96.959085, -96.959139, -96.968291, -96.968761, 32.838572, 32.839429, 32.839933, 32.844274, 32.844223, 32.83704, 32.83709, 32.838572)))"
481130137291,0.5164680390032503,0.4366925064599483,"list(list(c(-96.910055, -96.894579, -96.890319, -96.890359, -96.900878, -96.906159, -96.910599, -96.910055, 32.953761, 32.953715, 32.953695, 32.949122, 32.949074, 32.946953, 32.953553, 32.953761)))"
481130109063,0.3298483206933911,0.3301033591731266,"list(list(c(-96.870165, -96.862036, -96.857158, -96.857162, -96.857188, -96.857173, -96.864187, -96.864303, -96.86401, -96.867888, -96.870165, 32.662049, 32.671179, 32.676549, 32.671745, 32.662214, 32.654823, 32.654836, 32.661298, 32.662066, 32.662062, 32.662049)))"
481130007042,0.2063921993499458,0.20025839793281652,"list(list(c(-96.799867, -96.796732, -96.79451, -96.793339, -96.793464, -96.793256, -96.796169, -96.798357, -96.799867, 32.807141, 32.809637, 32.807767, 32.807423, 32.805554, 32.803436, 32.804071, 32.805853, 32.807141)))"
481130141451,0.5871614301191765,0.4883720930232558,"list(list(c(-96.99629, -96.993482, -96.99188, -96.992071, -96.992078, -96.996418, -96.99629, 32.860531, 32.860548, 32.860754, 32.857072, 32.856872, 32.856914, 32.860531)))"
481130181471,0.40991332611050924,0.3565891472868217,"list(list(c(-96.591661, -96.592738, -96.588078, -96.585787, -96.5786, -96.579899, -96.579868, -96.578622, -96.586904, -96.595669, -96.591661, 32.863854, 32.865339, 32.869143, 32.866769, 32.86501, 32.862597, 32.860706, 32.859555, 32.853126, 32.86072, 32.863854)))"
481130166292,0.07378114842903571,0.0742894056847545,"list(list(c(-96.940116, -96.931381, -96.925303, -96.925274, -96.92532, -96.925362, -96.930587, -96.933432, -96.933479, -96.934938, -96.935573, -96.936778, -96.940116, 32.595824, 32.604425, 32.610221, 32.604449, 32.601197, 32.596814, 32.596711, 32.590994, 32.58991, 32.590203, 32.590597, 32.591752, 32.595824)))"
481130121022,0.6296858071505959,0.562015503875969,"list(list(c(-96.672055, -96.665339, -96.663077, -96.66145, -96.659959, -96.656724, -96.656829, -96.669726, -96.669131, -96.671284, -96.674493, -96.672055, 32.777852, 32.777999, 32.777967, 32.777918, 32.776663, 32.77394, 32.7683, 32.768316, 32.770458, 32.770659, 32.777879, 32.777852)))"
481130027033,0.9681473456121343,0.9509043927648578,"list(list(c(-96.741396, -96.737874, -96.737755, -96.733168, -96.728461, -96.728917, -96.72938, -96.730932, -96.73096, -96.737677, -96.740989, -96.740699, -96.746071, -96.741396, 32.774804, 32.777985, 32.778386, 32.777614, 32.777797, 32.775548, 32.769755, 32.766393, 32.76601, 32.766146, 32.766267, 32.767187, 32.771427, 32.774804)))"
481130141531,0.8578006500541712,0.787467700258398,"list(list(c(-97.000711, -97.000478, -96.998254, -96.993445, -96.992199, -96.992289, -96.994792, -97.001281, -97.000711, 32.848858, 32.850825, 32.851278, 32.851225, 32.850897, 32.847488, 32.847693, 32.847517, 32.848858)))"
481130007032,0.10222101841820153,0.10852713178294571,"list(list(c(-96.795734, -96.792491, -96.78961, -96.792829, -96.793339, -96.79451, -96.796732, -96.795734, 32.810461, 32.816552, 32.81559, 32.80916, 32.807423, 32.807767, 32.809637, 32.810461)))"
481130204012,0.6989165763813652,0.6065891472868217,"list(list(c(-96.780469, -96.780953, -96.778384, -96.779458, -96.777627, -96.769777, -96.76873, -96.771103, -96.772691, -96.776032, -96.777779, -96.778391, -96.778985, -96.782195, -96.780469, 32.77985, 32.78032, 32.783256, 32.786963, 32.786855, 32.784875, 32.784604, 32.78147, 32.780853, 32.776075, 32.773584, 32.772906, 32.775165, 32.778902, 32.77985)))"
481130131073,0.2963163596966414,0.2732558139534884,"list(list(c(-96.775068, -96.774948, -96.773364, -96.771636, -96.771479, -96.771485, -96.773279, -96.773332, -96.775049, -96.775068, 32.89318, 32.893783, 32.893454, 32.894145, 32.893276, 32.890304, 32.889955, 32.891778, 32.891772, 32.89318)))"
481130166103,0.5609425785482123,0.46447028423772607,"list(list(c(-96.839972, -96.840049, -96.840051, -96.830472, -96.82681, -96.822923, -96.822883, -96.825982, -96.829328, -96.831205, -96.832963, -96.83995, -96.840099, -96.839972, 32.612188, 32.618639, 32.618803, 32.618848, 32.619087, 32.618757, 32.612899, 32.613337, 32.613101, 32.610128, 32.610919, 32.610901, 32.610903, 32.612188)))"
481130190272,0.8210725893824485,0.7189922480620154,"list(list(c(-96.656239, -96.649683, -96.642892, -96.642159, -96.634567, -96.630067, -96.631164, -96.627386, -96.636707, -96.637299, -96.641717, -96.644946, -96.646476, -96.647964, -96.648613, -96.653462, -96.656239, 32.953871, 32.959345, 32.965002, 32.965968, 32.959907, 32.957062, 32.95572, 32.953476, 32.951863, 32.951704, 32.948071, 32.944567, 32.945141, 32.945183, 32.947412, 32.951593, 32.953871)))"
481130166261,0.6096424702058505,0.5142118863049095,"list(list(c(-96.935975, -96.936147, -96.932466, -96.933479, -96.925421, -96.925399, -96.929753, -96.935257, -96.936647, -96.935975, 32.582439, 32.586177, 32.586411, 32.58991, 32.589903, 32.584271, 32.583945, 32.580747, 32.581093, 32.582439)))"
481130141321,0.032340195016251405,0.04069767441860461,"list(list(c(-96.952609, -96.945124, -96.94448, -96.947123, -96.948157, -96.949995, -96.952151, -96.952147, -96.952339, -96.954557, -96.952609, 32.947944, 32.944893, 32.940658, 32.938221, 32.939088, 32.940379, 32.94052, 32.943589, 32.944822, 32.946664, 32.947944)))"
481130087041,0.9019501625135428,0.8481912144702842,"list(list(c(-96.792781, -96.788312, -96.786409, -96.783839, -96.780344, -96.787943, -96.789961, -96.794376, -96.792781, 32.697184, 32.697916, 32.697293, 32.695672, 32.690562, 32.686944, 32.68629, 32.696841, 32.697184)))"
481130168023,0.018851570964247055,0.02067183462532296,"list(list(c(-96.805559, -96.805569, -96.801155, -96.798055, -96.787555, -96.775666, -96.774775, -96.773434, -96.772466, -96.777906, -96.788175, -96.791665, -96.797105, -96.79851, -96.80206, -96.803562, -96.806115, -96.805559, 32.587989, 32.592602, 32.592644, 32.59212, 32.592208, 32.59212, 32.591903, 32.591152, 32.589955, 32.587957, 32.583098, 32.582789, 32.581122, 32.581038, 32.581868, 32.583095, 32.586733, 32.587989)))"
481130051002,0.8807692307692307,0.8611111111111112,"list(list(c(-96.849211, -96.8443, -96.844251, -96.83752, -96.837628, -96.840043, -96.843174, -96.844256, -96.849297, -96.849211, 32.734986, 32.734977, 32.73717, 32.736863, 32.73328, 32.73278, 32.732121, 32.731712, 32.729266, 32.734986)))"
481130193012,0.12946912242686892,0.16020671834625322,"list(list(c(-96.786887, -96.786747, -96.783068, -96.782991, -96.782865, -96.786915, -96.786887, 32.860365, 32.865389, 32.865375, 32.859912, 32.851101, 32.851143, 32.860365)))"
481130143102,0.7008125677139762,0.5801033591731266,"list(list(c(-96.984027, -96.982057, -96.97719, -96.977297, -96.97523, -96.975213, -96.975185, -96.976005, -96.976431, -96.978879, -96.981253, -96.980336, -96.980235, -96.983631, -96.984027, 32.866459, 32.867196, 32.866391, 32.863624, 32.858572, 32.855469, 32.851748, 32.851028, 32.85082, 32.855106, 32.858915, 32.859738, 32.862831, 32.865817, 32.866459)))"
481130137252,0.7244853737811484,0.5762273901808785,"list(list(c(-96.853736, -96.849907, -96.849406, -96.850768, -96.853794, -96.853736, 32.963284, 32.964427, 32.963937, 32.961084, 32.960486, 32.963284)))"
481130137151,0.7822318526543879,0.7409560723514212,"list(list(c(-96.881765, -96.870721, -96.870818, -96.871071, -96.871134, -96.871899, -96.881724, -96.881765, 32.953581, 32.953381, 32.949596, 32.948338, 32.948042, 32.94635, 32.94633, 32.953581)))"
481130096042,0.19225352112676053,0.17764857881136953,"list(list(c(-96.811621, -96.811249, -96.810643, -96.803552, -96.803501, -96.803972, -96.810532, -96.811603, -96.811621, 32.918771, 32.922589, 32.922497, 32.922545, 32.916918, 32.909529, 32.90956, 32.911189, 32.918771)))"
481130064021,0.9632177681473456,0.9657622739018088,"list(list(c(-96.877597, -96.87768, -96.878147, -96.878161, -96.874647, -96.874216, -96.874248, -96.878897, -96.877597, 32.723442, 32.728298, 32.73077, 32.73493, 32.734744, 32.734389, 32.720405, 32.720425, 32.723442)))"
481130181332,0.43456121343445286,0.3636950904392765,"list(list(c(-96.593134, -96.593059, -96.591957, -96.576917, -96.569431, -96.569255, -96.569437, -96.569597, -96.585011, -96.592367, -96.592758, -96.593432, -96.593134, 32.908878, 32.909419, 32.909339, 32.907593, 32.907479, 32.907479, 32.893857, 32.893859, 32.893908, 32.894002, 32.907018, 32.908274, 32.908878)))"
481130015021,0.8270855904658722,0.75322997416020665,"list(list(c(-96.77327, -96.770031, -96.765877, -96.763685, -96.763601, -96.767452, -96.770705, -96.77327, 32.790768, 32.793723, 32.797144, 32.795198, 32.795108, 32.791905, 32.788578, 32.790768)))"
481130093012,0.6956663055254604,0.6130490956072352,"list(list(c(-96.694184, -96.695189, -96.6948, -96.694199, -96.695052, -96.688416, -96.688363, -96.696632, -96.694184, 32.727354, 32.728991, 32.729312, 32.73166, 32.734419, 32.73438, 32.720574, 32.724974, 32.727354)))"
481130011013,0.014192849404117025,0.00710594315245483,"list(list(c(-96.766569, -96.764928, -96.761565, -96.761712, -96.761145, -96.764856, -96.766878, -96.766569, 32.813848, 32.813892, 32.813857, 32.811526, 32.810998, 32.807943, 32.807951, 32.813848)))"
481130093044,0.9734561213434453,0.9560723514211886,"list(list(c(-96.717763, -96.709007, -96.705526, -96.705504, -96.709128, -96.708703, -96.717334, -96.71727, -96.717763, 32.719792, 32.719724, 32.719749, 32.71569, 32.715737, 32.712747, 32.712696, 32.717842, 32.719792)))"
481130005012,0.10639219934994582,0.1078811369509044,"list(list(c(-96.815526, -96.813199, -96.808628, -96.810867, -96.81182, -96.813555, -96.815526, 32.810724, 32.812556, 32.809036, 32.80704, 32.80778, 32.809146, 32.810724)))"
481130137212,0.10991332611050919,0.13372093023255816,"list(list(c(-96.877566, -96.873571, -96.872379, -96.86976, -96.868043, -96.864254, -96.864326, -96.869243, -96.872454, -96.877815, -96.877566, 32.973436, 32.976272, 32.980582, 32.982411, 32.981257, 32.981262, 32.970266, 32.970269, 32.971226, 32.971254, 32.973436)))"
481130178112,0.5410075839653304,0.4664082687338501,"list(list(c(-96.621047, -96.610716, -96.599358, -96.596859, -96.5959, -96.595898, -96.597681, -96.597847, -96.607266, -96.607277, -96.611268, -96.611469, -96.611994, -96.613022, -96.619023, -96.62027, -96.622072, -96.621047, 32.824232, 32.824604, 32.824572, 32.823152, 32.822913, 32.821787, 32.821821, 32.820743, 32.820102, 32.81339, 32.8112, 32.813195, 32.814521, 32.815952, 32.821029, 32.82224, 32.823763, 32.824232)))"
481130087043,0.9799024918743229,0.9618863049095607,"list(list(c(-96.786409, -96.777111, -96.772039, -96.780344, -96.783839, -96.786409, 32.697293, 32.701787, 32.694664, 32.690562, 32.695672, 32.697293)))"
481130078102,0.029144095341278486,0.03229974160206717,"list(list(c(-96.749247, -96.74859, -96.747612, -96.739578, -96.738494, -96.738513, -96.737952, -96.737976, -96.738351, -96.74558, -96.746896, -96.74952, -96.749247, 32.903101, 32.904818, 32.907438, 32.907204, 32.90608, 32.904418, 32.904404, 32.90194, 32.900415, 32.900484, 32.900864, 32.902693, 32.903101)))"
481130166342,0.8559046587215602,0.7777777777777778,"list(list(c(-96.865684, -96.835521, -96.831588, -96.823303, -96.823105, -96.822923, -96.82681, -96.830472, -96.840051, -96.846679, -96.857168, -96.863521, -96.865635, -96.865684, 32.633083, 32.63319, 32.633195, 32.633231, 32.633232, 32.618757, 32.619087, 32.618848, 32.618803, 32.618723, 32.618667, 32.618589, 32.618586, 32.633083)))"
481130122121,0.22903575297941492,0.23449612403100772,"list(list(c(-96.708753, -96.706507, -96.701758, -96.701252, -96.700596, -96.698135, -96.693191, -96.692712, -96.69209, -96.692011, -96.697415, -96.700019, -96.699882, -96.706671, -96.708753, 32.797309, 32.799178, 32.799662, 32.801009, 32.802311, 32.804147, 32.799953, 32.797823, 32.795957, 32.795758, 32.79438, 32.794083, 32.795536, 32.795625, 32.797309)))"
481130063022,0.5832069339111592,0.5077519379844961,"list(list(c(-96.857079, -96.852547, -96.849297, -96.844256, -96.844603, -96.844595, -96.847895, -96.848622, -96.849198, -96.857085, -96.857079, 32.72533, 32.727998, 32.729266, 32.731712, 32.726782, 32.72033, 32.720342, 32.720281, 32.720208, 32.720221, 32.72533)))"
481130143063,0.6730769230769231,0.5736434108527132,"list(list(c(-96.9935, -96.992434, -96.992289, -96.992199, -96.991988, -96.986723, -96.987046, -96.987602, -96.986013, -96.985577, -96.993606, -96.9935, 32.840232, 32.842692, 32.847488, 32.850897, 32.850879, 32.850848, 32.848587, 32.846942, 32.844313, 32.83712, 32.837079, 32.840232)))"
481130141443,0.18992416034669557,0.19250645994832039,"list(list(c(-96.952142, -96.938138, -96.933656, -96.931225, -96.931217, -96.932729, -96.933257, -96.941441, -96.940365, -96.940689, -96.943093, -96.948191, -96.951721, -96.952142, 32.895957, 32.895871, 32.885252, 32.880724, 32.876075, 32.874194, 32.874517, 32.879094, 32.881211, 32.886055, 32.888708, 32.890687, 32.893925, 32.895957)))"
481130006053,0.46278439869989163,0.4147286821705426,"list(list(c(-96.806491, -96.803416, -96.802877, -96.801418, -96.802237, -96.803227, -96.804184, -96.80574, -96.806491, 32.80731, 32.810119, 32.809589, 32.808472, 32.806645, 32.804691, 32.805529, 32.80672, 32.80731)))"
481130109051,0.5959913326110509,0.49095607235142114,"list(list(c(-96.874078, -96.872179, -96.869801, -96.86974, -96.869461, -96.869771, -96.869715, -96.874073, -96.874078, 32.653182, 32.655886, 32.657499, 32.654432, 32.654004, 32.653635, 32.650787, 32.652695, 32.653182)))"
481130048002,0.8652762730227519,0.8204134366925064,"list(list(c(-96.822882, -96.820475, -96.815633, -96.815627, -96.815627, -96.822203, -96.82281, -96.82284, -96.822882, 32.749415, 32.749391, 32.751209, 32.74423, 32.743651, 32.740253, 32.739803, 32.743505, 32.749415)))"
481130162042,0.3815276273022752,0.36175710594315247,"list(list(c(-97.007222, -96.995948, -96.994104, -96.994128, -96.994133, -96.995918, -96.99713, -96.998684, -97.005514, -97.007305, -97.007222, 32.720391, 32.720539, 32.720535, 32.717332, 32.7166, 32.716603, 32.716608, 32.716621, 32.716839, 32.716572, 32.720391)))"
481130115002,0.9332069339111593,0.8895348837209303,"list(list(c(-96.757516, -96.757125, -96.753452, -96.753374, -96.747111, -96.741227, -96.738078, -96.736573, -96.73551, -96.73388, -96.732146, -96.732793, -96.729766, -96.729741, -96.73096, -96.719463, -96.715075, -96.706165, -96.704284, -96.703759, -96.703846, -96.704211, -96.710155, -96.710452, -96.710333, -96.711661, -96.712935, -96.713968, -96.715149, -96.717525, -96.720471, -96.721235, -96.722463, -96.72351, -96.723771, -96.721906, -96.721847, -96.723662, -96.724068, -96.726063, -96.728637, -96.729053, 
-96.733903, -96.734081, -96.736397, -96.734043, -96.735751, -96.740285, -96.746616, -96.748365, -96.750983, -96.753169, -96.754993, -96.758006, -96.757516, 32.740695, 32.741161, 32.738369, 32.743692, 32.751096, 32.758158, 32.755437, 32.755389, 32.757196, 32.756932, 32.75861, 32.760337, 32.763644, 32.765033, 32.76601, 32.76558, 32.764884, 32.759552, 32.757824, 32.755587, 32.750621, 32.749152, 32.739404, 32.738719, 32.734433, 32.734411, 32.733888, 32.73502, 32.736089, 32.738214, 32.736444, 32.737007, 
32.736141, 32.734346, 32.732529, 32.732373, 32.731516, 32.73067, 32.729227, 32.727542, 32.726955, 32.728233, 32.726631, 32.72784, 32.72655, 32.723626, 32.724048, 32.723709, 32.723717, 32.725603, 32.726402, 32.728099, 32.728364, 32.72802, 32.740695)))"
481130166311,0.16235102925243772,0.21899224806201545,"list(list(c(-96.908355, -96.891268, -96.89119, -96.908251, -96.908247, -96.908199, -96.908017, -96.908222, -96.908199, -96.908322, -96.90833, -96.908355, 32.60434, 32.604297, 32.589782, 32.589815, 32.590685, 32.592368, 32.593296, 32.594171, 32.595616, 32.598484, 32.600391, 32.60434)))"
481130078281,0.7933911159263272,0.7060723514211886,"list(list(c(-96.750249, -96.749267, -96.747891, -96.745096, -96.745937, -96.750062, -96.750153, -96.750249, 32.914187, 32.91467, 32.913688, 32.91368, 32.911913, 32.912008, 32.913777, 32.914187)))"
481130153053,0.5467497291440954,0.4541343669250646,"list(list(c(-96.994483, -96.994268, -96.994098, -96.984835, -96.984482, -96.981686, -96.981142, -96.987542, -96.988263, -96.988404, -96.991688, -96.992611, -96.994502, -96.994483, 32.806046, 32.807806, 32.809154, 32.808898, 32.809043, 32.810603, 32.80483, 32.804791, 32.804341, 32.802903, 32.804104, 32.804588, 32.805093, 32.806046)))"
481130164211,0.40931744312025997,0.3352713178294574,"list(list(c(-97.003114, -97.001745, -96.994493, -96.994206, -96.985473, -96.985674, -96.984283, -96.982027, -96.981741, -96.979297, -96.978302, -96.967887, -96.966132, -96.970813, -96.972332, -96.973184, -96.97433, -96.976187, -96.977011, -96.980808, -96.984066, -96.988195, -96.989266, -96.990369, -96.990593, -96.992288, -96.993574, -96.997062, -96.999664, -97.003109, -97.003114, 32.692486, 32.693381, 32.694429, 32.698846, 32.698822, 32.705677, 32.705525, 32.70557, 32.70557, 32.70562, 32.705731, 
32.706789, 32.706977, 32.699066, 32.698026, 32.69733, 32.696019, 32.695922, 32.694705, 32.691896, 32.692649, 32.691395, 32.687672, 32.68754, 32.686047, 32.684916, 32.686154, 32.687979, 32.687725, 32.690904, 32.692486)))"
481130184012,0.6674972914409534,0.5704134366925064,"list(list(c(-96.662866, -96.660254, -96.652377, -96.652427, -96.653145, -96.656801, -96.656831, -96.662313, -96.661938, -96.662866, 32.875293, 32.878906, 32.87885, 32.873745, 32.871562, 32.871558, 32.869873, 32.869818, 32.87455, 32.875293)))"
481130027031,0.8014084507042254,0.7474160206718345,"list(list(c(-96.749014, -96.748515, -96.737755, -96.737874, -96.741396, -96.746071, -96.752271, -96.749014, 32.779075, 32.780028, 32.778386, 32.777985, 32.774804, 32.771427, 32.776739, 32.779075)))"
481130170061,0.8731852654387866,0.7842377260981912,"list(list(c(-96.622198, -96.617768, -96.613562, -96.613405, -96.611159, -96.608231, -96.596016, -96.595944, -96.593878, -96.592732, -96.587051, -96.586408, -96.581968, -96.579811, -96.5761, -96.573106, -96.565268, -96.558815, -96.555269, -96.553659, -96.551343, -96.547735, -96.541921, -96.541836, -96.521631, -96.521626, -96.522028, -96.522107, -96.522114, -96.522158, -96.522271, -96.522276, -96.522444, -96.522744, -96.523118, -96.529412, -96.530957, -96.533733, -96.538524, -96.541441, -96.543937, 
-96.547956, -96.549977, -96.550988, -96.554599, -96.55645, -96.561564, -96.562818, -96.565039, -96.565495, -96.566701, -96.568392, -96.574434, -96.575177, -96.575674, -96.575116, -96.574543, -96.574344, -96.573514, -96.572897, -96.573586, -96.574241, -96.575199, -96.57582, -96.576995, -96.577693, -96.579615, -96.580342, -96.581409, -96.581942, -96.580737, -96.580613, -96.580749, -96.581054, -96.581816, -96.583286, -96.584001, -96.58298, -96.582847, -96.582821, -96.582899, -96.583138, -96.583403, 
-96.583607, -96.583624, -96.583759, -96.583785, -96.584067, -96.584272, -96.584458, -96.584504, -96.584641, -96.584737, -96.585732, -96.586049, -96.58601, -96.586289, -96.58638, -96.586588, -96.586623, -96.586836, -96.586984, -96.586906, -96.587375, -96.587445, -96.587601, -96.58778, -96.587988, -96.588033, -96.587952, -96.588123, -96.586401, -96.586336, -96.586708, -96.588703, -96.589519, -96.595161, -96.596673, -96.598641, -96.599509, -96.597569, -96.595652, -96.594327, -96.59457, -96.595307, -96.598279, 
-96.599034, -96.60153, -96.603023, -96.606066, -96.606591, -96.607501, -96.609618, -96.611641, -96.615157, -96.617194, -96.618949, -96.621316, -96.622198, 32.617727, 32.62127, 32.625988, 32.627166, 32.627513, 32.627457, 32.63752, 32.639159, 32.641022, 32.640059, 32.635317, 32.635257, 32.638818, 32.639834, 32.636757, 32.638362, 32.644513, 32.639586, 32.642626, 32.642155, 32.640354, 32.643073, 32.648093, 32.648719, 32.645052, 32.644873, 32.617708, 32.610856, 32.6091, 32.603098, 32.598623, 32.598461, 
32.591279, 32.573486, 32.545214, 32.545277, 32.545986, 32.545887, 32.546129, 32.54589, 32.547573, 32.55124, 32.554195, 32.554442, 32.551892, 32.551778, 32.555571, 32.559044, 32.562579, 32.564344, 32.566381, 32.5676, 32.568873, 32.569513, 32.570856, 32.572356, 32.572754, 32.573655, 32.575048, 32.577329, 32.577931, 32.578086, 32.577911, 32.577596, 32.576498, 32.576425, 32.576994, 32.577039, 32.577587, 32.579009, 32.580015, 32.580634, 32.580923, 32.581193, 32.581553, 32.581626, 32.583325, 32.584468, 
32.584652, 32.584791, 32.585079, 32.585347, 32.585545, 32.585746, 32.585889, 32.586053, 32.586207, 32.586638, 32.586765, 32.587122, 32.587339, 32.587546, 32.587783, 32.5912, 32.591704, 32.591895, 32.592433, 32.592937, 32.5933, 32.593654, 32.594053, 32.59462, 32.594851, 32.595512, 32.595864, 32.595973, 32.596471, 32.596541, 32.596868, 32.597009, 32.597271, 32.600218, 32.600523, 32.601663, 32.605939, 32.606347, 32.606368, 32.605137, 32.60512, 32.6075, 32.609172, 32.609105, 32.60971, 32.610545, 32.611314, 
32.611441, 32.611052, 32.608608, 32.608681, 32.610192, 32.611955, 32.612778, 32.61231, 32.612544, 32.612037, 32.612239, 32.613706, 32.616572, 32.617727)))"
481130003001,0.06744312026002164,0.09496124031007747,"list(list(c(-96.774688, -96.774679, -96.774054, -96.773823, -96.770095, -96.770157, -96.77015, -96.770154, -96.774721, -96.774688, 32.829914, 32.832385, 32.83363, 32.836564, 32.836512, 32.832208, 32.826987, 32.823484, 32.82349, 32.829914)))"
481130088012,0.7775731310942579,0.6595607235142119,"list(list(c(-96.805801, -96.799768, -96.796009, -96.792503, -96.785589, -96.787674, -96.792147, -96.794619, -96.797647, -96.799596, -96.801987, -96.803871, -96.804382, -96.805845, -96.805801, 32.71703, 32.717011, 32.719445, 32.719861, 32.717609, 32.716668, 32.714461, 32.712697, 32.712487, 32.711495, 32.70863, 32.711241, 32.713164, 32.713172, 32.71703)))"
481130190531,0.32681473456121346,0.31653746770025837,"list(list(c(-96.727759, -96.722452, -96.721196, -96.72066, -96.716703, -96.699933, -96.699965, -96.717096, -96.724257, -96.727914, -96.727759, 32.960862, 32.965898, 32.967674, 32.967548, 32.967958, 32.967863, 32.960579, 32.960655, 32.960689, 32.960707, 32.960862)))"
481130207004,0.13569880823401947,0.11886304909560719,"list(list(c(-96.864326, -96.856345, -96.855596, -96.855499, -96.855249, -96.85387, -96.853626, -96.853724, -96.85553, -96.856523, -96.860027, -96.864089, -96.864072, -96.864306, -96.864326, 32.970266, 32.970247, 32.970453, 32.97034, 32.970053, 32.969017, 32.968251, 32.964646, 32.964151, 32.962798, 32.961374, 32.96231, 32.967444, 32.967959, 32.970266)))"
481130080001,0.005687973997833162,0.006459948320413411,"list(list(c(-96.744496, -96.742836, -96.742558, -96.74184, -96.74062, -96.739895, -96.738433, -96.732853, -96.732661, -96.733169, -96.732026, -96.735357, -96.738156, -96.738925, -96.741227, -96.741625, -96.740351, -96.739996, -96.741152, -96.741817, -96.743, -96.744496, 32.834502, 32.836534, 32.83682, 32.836257, 32.835237, 32.834819, 32.833437, 32.828364, 32.827137, 32.826312, 32.824633, 32.822107, 32.821668, 32.824664, 32.824309, 32.825114, 32.826197, 32.827602, 32.829057, 32.829663, 32.831661, 
32.834502)))"
481130137182,0.830931744312026,0.7357881136950905,"list(list(c(-96.896376, -96.891223, -96.890162, -96.890167, -96.890319, -96.894579, -96.896376, 32.961198, 32.963613, 32.963886, 32.960946, 32.953695, 32.953715, 32.961198)))"
481130079024,0.09014084507042253,0.07170542635658916,"list(list(c(-96.752808, -96.749607, -96.748891, -96.745975, -96.745286, -96.748757, -96.750826, -96.752877, -96.752808, 32.85405, 32.856904, 32.856652, 32.856049, 32.855488, 32.852503, 32.851035, 32.850867, 32.85405)))"
481130166221,0.17648970747562298,0.17377260981912146,"list(list(c(-96.856863, -96.852083, -96.851633, -96.841344, -96.83966, -96.839669, -96.842105, -96.842233, -96.856752, -96.856846, -96.856863, 32.563189, 32.56144, 32.561021, 32.561267, 32.562955, 32.560729, 32.56076, 32.54723, 32.547344, 32.560763, 32.563189)))"
481130183004,0.9569339111592633,0.9476744186046512,"list(list(c(-96.648245, -96.645082, -96.644888, -96.642463, -96.641457, -96.639628, -96.638263, -96.639113, -96.638643, -96.648095, -96.648011, -96.648245, 32.89446, 32.894441, 32.892831, 32.889241, 32.886574, 32.8859, 32.883924, 32.881847, 32.878897, 32.878858, 32.879291, 32.89446)))"
481130116011,0.9873239436619718,0.975452196382429,"list(list(c(-96.73568, -96.722122, -96.717334, -96.708703, -96.70019, -96.693039, -96.690175, -96.690209, -96.689872, -96.689825, -96.69159, -96.691946, -96.694659, -96.696494, -96.697596, -96.700715, -96.701848, -96.703168, -96.703991, -96.704493, -96.70859, -96.712738, -96.714038, -96.721019, -96.723691, -96.72554, -96.728495, -96.734039, -96.734566, -96.734203, -96.73568, 32.707498, 32.712429, 32.712696, 32.712747, 32.713199, 32.713085, 32.712561, 32.706406, 32.704462, 32.696736, 32.696688, 32.697918, 
32.697273, 32.699967, 32.699983, 32.698721, 32.699357, 32.701335, 32.701065, 32.699284, 32.698783, 32.696444, 32.696302, 32.696513, 32.6973, 32.698725, 32.698396, 32.699823, 32.700743, 32.703658, 32.707498)))"
481130013012,0.19117009750812564,0.16602067183462532,"list(list(c(-96.75312, -96.752932, -96.752857, -96.751694, -96.75114, -96.745049, -96.745739, -96.749257, -96.753847, -96.75312, 32.808493, 32.81096, 32.811445, 32.812711, 32.812721, 32.807996, 32.807479, 32.803621, 32.807615, 32.808493)))"
481130164173,0.2958829902491874,0.30361757105943155,"list(list(c(-97.027823, -97.027807, -97.021599, -97.021259, -97.021022, -97.021031, -97.021454, -97.022418, -97.027946, -97.027823, 32.655361, 32.656837, 32.657946, 32.656692, 32.655895, 32.646713, 32.645422, 32.645656, 32.645735, 32.655361)))"
481130190352,0.9489707475622968,0.9328165374677002,"list(list(c(-96.728121, -96.723755, -96.722691, -96.722952, -96.724963, -96.726222, -96.728146, -96.728121, 32.911548, 32.912788, 32.912042, 32.909601, 32.909641, 32.90963, 32.909246, 32.911548)))"
481130042012,0.6769772481040086,0.6111111111111112,"list(list(c(-96.827841, -96.826938, -96.825309, -96.822924, -96.822934, -96.822895, -96.822882, -96.827879, -96.827841, 32.755989, 32.757666, 32.759189, 32.758893, 32.756332, 32.753777, 32.749415, 32.749445, 32.755989)))"
481130192122,0.9903033586132177,0.9935400516795866,"list(list(c(-96.761165, -96.760603, -96.757994, -96.757811, -96.757988, -96.758444, -96.761187, -96.761165, 32.939884, 32.939949, 32.937493, 32.936522, 32.936095, 32.932744, 32.932713, 32.939884)))"
481130005011,0.06300108342361865,0.03875968992248058,"list(list(c(-96.818088, -96.817545, -96.817391, -96.813495, -96.813199, -96.815526, -96.817393, -96.817923, -96.818088, 32.811253, 32.816057, 32.815931, 32.8128, 32.812556, 32.810724, 32.811779, 32.811376, 32.811253)))"
481130141202,0.2653304442036837,0.2332041343669251,"list(list(c(-96.970263, -96.970184, -96.959882, -96.959821, -96.959178, -96.958902, -96.958656, -96.958663, -96.958803, -96.959194, -96.959796, -96.959897, -96.962457, -96.963532, -96.965493, -96.968529, -96.970252, -96.970263, 32.963106, 32.969453, 32.969395, 32.96858, 32.967027, 32.966462, 32.965615, 32.965018, 32.964439, 32.9637, 32.962493, 32.960825, 32.960338, 32.958824, 32.959798, 32.95926, 32.961221, 32.963106)))"
481130145023,0.9704225352112676,0.9709302325581395,"list(list(c(-96.959717, -96.959267, -96.957589, -96.951159, -96.951151, -96.949613, -96.949511, -96.952444, -96.952701, -96.956045, -96.956719, -96.959281, -96.959717, 32.828879, 32.829027, 32.829503, 32.829451, 32.824317, 32.82181, 32.818058, 32.818258, 32.821846, 32.824863, 32.82696, 32.828508, 32.828879)))"
481130143163,0.7632719393282774,0.6602067183462532,"list(list(c(-96.972762, -96.96795, -96.968185, -96.965301, -96.965303, -96.959072, -96.959085, -96.962779, -96.965516, -96.972017, -96.971195, -96.972671, -96.972762, 32.85109, 32.851187, 32.848919, 32.847994, 32.846545, 32.846469, 32.844223, 32.844274, 32.84432, 32.842353, 32.84541, 32.84796, 32.85109)))"
481130136221,0.2466413867822318,0.25968992248062017,"list(list(c(-96.818521, -96.808434, -96.808109, -96.807791, -96.80862, -96.809495, -96.809073, -96.809631, -96.809648, -96.80945, -96.810312, -96.812539, -96.81443, -96.81455, -96.81642, -96.818022, -96.818745, -96.818521, 32.953989, 32.953944, 32.953944, 32.950659, 32.94862, 32.947477, 32.947229, 32.946267, 32.945462, 32.945076, 32.943295, 32.943275, 32.943094, 32.944228, 32.94699, 32.950114, 32.951633, 32.953989)))"
481130203003,0.29382448537378114,0.28811369509043927,"list(list(c(-96.778571, -96.778391, -96.777779, -96.776032, -96.774969, -96.765236, -96.771248, -96.775894, -96.778196, -96.780293, -96.778571, 32.772587, 32.772906, 32.773584, 32.776075, 32.77465, 32.766351, 32.761296, 32.766489, 32.767665, 32.770181, 32.772587)))"
481130190331,0.8443120260021668,0.7577519379844961,"list(list(c(-96.700508, -96.70039, -96.700248, -96.692654, -96.692243, -96.692253, -96.700544, -96.700508, 32.911134, 32.916562, 32.916558, 32.916772, 32.916761, 32.909014, 32.909025, 32.911134)))"
481130190405,NA,NA,"list(list(c(-96.761846, -96.759964, -96.752487, -96.748076, -96.748166, -96.748368, -96.748384, -96.745596, -96.745584, -96.745453, -96.741229, -96.740427, -96.738078, -96.735329, -96.735372, -96.740312, -96.740406, -96.754143, -96.756925, -96.757179, -96.759998, -96.764269, -96.761846, 32.926914, 32.928759, 32.934889, 32.938314, 32.935405, 32.934223, 32.934137, 32.933922, 32.934011, 32.935015, 32.934732, 32.935964, 32.936141, 32.93522, 32.935108, 32.923283, 32.923074, 32.923273, 32.924221, 32.923415, 
32.92385, 32.923874, 32.926914)))"
481130190274,0.9538461538461538,0.9573643410852714,"list(list(c(-96.655927, -96.649002, -96.64299, -96.642159, -96.642892, -96.649683, -96.651257, -96.653745, -96.655731, -96.655654, -96.655927, 32.964302, 32.970123, 32.966594, 32.965968, 32.965002, 32.959345, 32.95947, 32.96161, 32.962472, 32.963951, 32.964302)))"
481130060021,0.7246478873239437,0.6091731266149871,"list(list(c(-96.840154, -96.836756, -96.835589, -96.833972, -96.831508, -96.832036, -96.83795, -96.840124, -96.840154, 32.69814, 32.700226, 32.70118, 32.697828, 32.697778, 32.694208, 32.695434, 32.694888, 32.69814)))"
481130072052,0.9310400866738895,0.9140826873385013,"list(list(c(-96.872867, -96.8693, -96.869315, -96.864696, -96.8647, -96.86519, -96.867468, -96.870011, -96.872867, 32.863481, 32.865266, 32.866462, 32.86647, 32.866422, 32.862018, 32.86302, 32.860982, 32.863481)))"
481130181501,0.03645720476706393,0.03488372093023251,"list(list(c(-96.538344, -96.536391, -96.534469, -96.529666, -96.524665, -96.522926, -96.527348, -96.528169, -96.531622, -96.535208, -96.536402, -96.536584, -96.538344, 32.934587, 32.936283, 32.937038, 32.932823, 32.928454, 32.927214, 32.923998, 32.924055, 32.924005, 32.923989, 32.926084, 32.931974, 32.934587)))"
481130164191,0.7866738894907909,0.7215762273901809,"list(list(c(-97.024551, -97.017555, -97.015665, -97.015405, -97.01401, -97.012836, -97.00943, -97.008069, -97.007083, -97.006984, -97.006986, -97.011373, -97.016447, -97.023927, -97.02421, -97.024551, 32.691761, 32.691831, 32.692041, 32.689734, 32.686825, 32.685789, 32.684103, 32.683199, 32.681607, 32.676389, 32.675416, 32.676026, 32.676145, 32.676163, 32.679317, 32.691761)))"
481130067011,0.9587215601300109,0.9509043927648578,"list(list(c(-96.903311, -96.902561, -96.891327, -96.880628, -96.880638, -96.889607, -96.890469, -96.887202, -96.89137, -96.891374, -96.895649, -96.89564, -96.893983, -96.893388, -96.893773, -96.898412, -96.897714, -96.897301, -96.898377, -96.902583, -96.903303, -96.903311, 32.749626, 32.749626, 32.749605, 32.749569, 32.747252, 32.747444, 32.745381, 32.742324, 32.742324, 32.746543, 32.746429, 32.744839, 32.744743, 32.736967, 32.735017, 32.735173, 32.737603, 32.740685, 32.742843, 32.746313, 32.747445, 
32.749626)))"
481130165161,0.9659263271939328,0.9302325581395349,"list(list(c(-96.908958, -96.906988, -96.900908, -96.9008, -96.90153, -96.902134, -96.902233, -96.900153, -96.899878, -96.903018, -96.905722, -96.908398, -96.908437, -96.909282, -96.908958, 32.652442, 32.661845, 32.661878, 32.661878, 32.656246, 32.655293, 32.652588, 32.65055, 32.647458, 32.647295, 32.646026, 32.645999, 32.651725, 32.651745, 32.652442)))"
481130165281,0.2778981581798483,0.26421188630490955,"list(list(c(-96.97253, -96.968725, -96.964362, -96.963361, -96.961712, -96.961211, -96.961105, -96.961736, -96.964325, -96.968609, -96.970312, -96.97146, -96.97253, 32.659692, 32.661532, 32.662129, 32.659684, 32.65816, 32.657243, 32.652479, 32.651457, 32.649105, 32.651159, 32.65309, 32.657964, 32.659692)))"
481130107012,0.9505417118093175,0.9366925064599483,"list(list(c(-96.927729, -96.927377, -96.927327, -96.917657, -96.914633, -96.915043, -96.917798, -96.916664, -96.916074, -96.910134, -96.910148, -96.908241, -96.903311, -96.903303, -96.902583, -96.898377, -96.897301, -96.897714, -96.90382, -96.916797, -96.918891, -96.923499, -96.926257, -96.926161, -96.925146, -96.92402, -96.92472, -96.926691, -96.92794, -96.927729, 32.765058, 32.765629, 32.765634, 32.766428, 32.766453, 32.763338, 32.757877, 32.75764, 32.756127, 32.756183, 32.749564, 32.749539, 32.749626, 
32.747445, 32.746313, 32.742843, 32.740685, 32.737603, 32.743067, 32.747672, 32.747935, 32.748036, 32.747824, 32.749636, 32.758943, 32.760999, 32.76225, 32.762464, 32.764824, 32.765058)))"
481130190131,0.9931744312026002,0.9967700258397932,"list(list(c(-96.678697, -96.674385, -96.665328, -96.665482, -96.672713, -96.672706, -96.676928, -96.678679, -96.678697, 32.916552, 32.916553, 32.916365, 32.908965, 32.909106, 32.913847, 32.914002, 32.913981, 32.916552)))"
481130192141,0.9556879739978331,0.939922480620155,"list(list(c(-96.76613, -96.765957, -96.763549, -96.762949, -96.764054, -96.763978, -96.766388, -96.76613, 32.944626, 32.945129, 32.944895, 32.943914, 32.942873, 32.939835, 32.939886, 32.944626)))"
481130092021,0.8764355362946912,0.8649870801033592,"list(list(c(-96.682807, -96.674266, -96.67426, -96.674259, -96.675124, -96.682916, -96.682807, 32.73435, 32.734287, 32.726374, 32.719618, 32.719683, 32.719704, 32.73435)))"
481130181421,0.6857529794149513,0.5574935400516796,"list(list(c(-96.562726, -96.560077, -96.550176, -96.547637, -96.5187, -96.518861, -96.518869, -96.527941, -96.53959, -96.541935, -96.543356, -96.543984, -96.545544, -96.559939, -96.559977, -96.560569, -96.560558, -96.560848, -96.562428, -96.563674, -96.562726, 32.851332, 32.853036, 32.853135, 32.851801, 32.851675, 32.833525, 32.832728, 32.833599, 32.834702, 32.834654, 32.833616, 32.833571, 32.833583, 32.833683, 32.834139, 32.836205, 32.840919, 32.847711, 32.848474, 32.848484, 32.851332)))"
481130163012,0.4449620801733478,0.39922480620155043,"list(list(c(-96.994206, -96.993642, -96.99292, -96.992705, -96.990042, -96.988096, -96.985792, -96.98447, -96.983044, -96.981076, -96.971382, -96.971184, -96.960084, -96.966132, -96.967887, -96.974792, -96.976711, -96.981179, -96.980881, -96.977918, -96.977246, -96.977225, -96.985841, -96.994104, -96.994206, 32.731658, 32.731597, 32.731814, 32.730891, 32.73129, 32.728496, 32.728254, 32.728662, 32.731124, 32.730455, 32.724338, 32.720531, 32.713932, 32.706977, 32.706789, 32.710254, 32.710271, 32.710428, 
32.714165, 32.715944, 32.717225, 32.720429, 32.720509, 32.720535, 32.731658)))"
481130042013,0.49539544962080173,0.4257105943152455,"list(list(c(-96.83158, -96.831358, -96.830434, -96.829654, -96.825309, -96.826938, -96.827841, -96.827879, -96.831623, -96.83158, 32.752237, 32.757682, 32.758716, 32.759324, 32.759189, 32.757666, 32.755989, 32.749445, 32.74945, 32.752237)))"
481139801001,NA,NA,"list(list(c(-96.866069, -96.864457, -96.861111, -96.860227, -96.858723, -96.859755, -96.857726, -96.85568, -96.853121, -96.850961, -96.850604, -96.850207, -96.846883, -96.841151, -96.835108, -96.834749, -96.834491, -96.834109, -96.831556, -96.831698, -96.833592, -96.834279, -96.835157, -96.835634, -96.841619, -96.841739, -96.84483, -96.845806, -96.847864, -96.849955, -96.850901, -96.853157, -96.864482, -96.86907, -96.866069, 32.848495, 32.851791, 32.85378, 32.85304, 32.854996, 32.855477, 32.858081, 
32.858997, 32.859356, 32.858638, 32.858822, 32.85855, 32.855691, 32.850735, 32.845444, 32.844852, 32.844118, 32.839246, 32.836524, 32.836512, 32.836318, 32.836115, 32.835635, 32.835273, 32.830227, 32.830118, 32.832739, 32.833584, 32.835338, 32.83713, 32.837747, 32.838839, 32.844043, 32.845761, 32.848495)))"
481130166262,0.8217768147345612,0.7461240310077519,"list(list(c(-96.942315, -96.935573, -96.934938, -96.933479, -96.932466, -96.936147, -96.935975, -96.936647, -96.940174, -96.942433, -96.942315, 32.589967, 32.590597, 32.590203, 32.58991, 32.586411, 32.586177, 32.582439, 32.581093, 32.581024, 32.581059, 32.589967)))"
481130165312,0.4722101841820152,0.3850129198966409,"list(list(c(-96.921431, -96.919409, -96.916463, -96.915398, -96.915612, -96.912801, -96.912582, -96.910031, -96.91691, -96.925405, -96.921431, 32.640079, 32.642065, 32.644855, 32.642834, 32.641162, 32.640105, 32.638874, 32.633891, 32.632694, 32.632765, 32.640079)))"
481130122082,0.9306067172264355,0.8875968992248062,"list(list(c(-96.729142, -96.723199, -96.72192, -96.72023, -96.722719, -96.724654, -96.727486, -96.729178, -96.729142, 32.792958, 32.798217, 32.798235, 32.796722, 32.79478, 32.794446, 32.792982, 32.792111, 32.792958)))"
481130164151,0.26868905742145177,0.2835917312661499,"list(list(c(-97.015378, -97.008665, -97.008247, -97.003515, -97.002286, -97.0026, -97.009675, -97.01535, -97.015368, -97.015378, 32.66698, 32.666967, 32.667019, 32.668725, 32.666601, 32.662466, 32.660983, 32.659402, 32.664476, 32.66698)))"
481130178082,0.11858071505958834,0.11886304909560719,"list(list(c(-96.62485, -96.612813, -96.611956, -96.611395, -96.611921, -96.610757, -96.610716, -96.621047, -96.622072, -96.62485, 32.826088, 32.833063, 32.831865, 32.831385, 32.83041, 32.827568, 32.824604, 32.824232, 32.823763, 32.826088)))"
481130166352,0.7870530877573131,0.7021963824289406,"list(list(c(-96.878437, -96.878418, -96.873773, -96.865532, -96.865569, -96.87441, -96.874241, -96.878458, -96.878437, 32.646502, 32.647458, 32.64745, 32.647441, 32.63597, 32.636035, 32.642893, 32.642901, 32.646502)))"
481130090011,0.8681473456121344,0.7978036175710594,"list(list(c(-96.682769, -96.682731, -96.682571, -96.682669, -96.679964, -96.672786, -96.672876, -96.673522, -96.677536, -96.682794, -96.682769, 32.757858, 32.760226, 32.762521, 32.763365, 32.763382, 32.763362, 32.75873, 32.754697, 32.754949, 32.755021, 32.757858)))"
481130181571,0.2803358613217768,0.2958656330749354,"list(list(c(-96.589009, -96.586674, -96.577429, -96.575239, -96.574641, -96.57442, -96.570681, -96.570731, -96.570715, -96.570777, -96.572076, -96.572025, -96.561947, -96.578727, -96.586069, -96.5817, -96.575355, -96.577913, -96.579703, -96.582364, -96.582958, -96.583553, -96.588205, -96.58959, -96.589009, 32.947465, 32.949033, 32.94904, 32.949355, 32.952096, 32.952555, 32.952643, 32.947986, 32.947634, 32.945909, 32.944325, 32.944153, 32.935639, 32.922248, 32.928607, 32.931357, 32.936463, 32.939704, 
32.939441, 32.941634, 32.941828, 32.941516, 32.945207, 32.947082, 32.947465)))"
481130004011,0.9807150595882991,0.9903100775193798,"list(list(c(-96.827931, -96.827438, -96.826595, -96.825248, -96.82266, -96.827323, -96.829229, -96.827931, 32.811619, 32.814959, 32.814739, 32.813665, 32.811517, 32.807237, 32.809358, 32.811619)))"
481130141562,0.3617551462621885,0.32105943152454786,"list(list(c(-96.967652, -96.967613, -96.965029, -96.964403, -96.965905, -96.964672, -96.963789, -96.961384, -96.961252, -96.958566, -96.958066, -96.959596, -96.962216, -96.963427, -96.965789, -96.967707, -96.967652, 32.927321, 32.939689, 32.939802, 32.939669, 32.937193, 32.933436, 32.933538, 32.932985, 32.931595, 32.928931, 32.927318, 32.927367, 32.927263, 32.927108, 32.925651, 32.925344, 32.927321)))"
481130122113,0.8975622968580715,0.8462532299741602,"list(list(c(-96.695272, -96.695258, -96.691425, -96.688858, -96.688953, -96.688359, -96.688207, -96.69209, -96.692712, -96.693191, -96.698135, -96.695272, 32.806548, 32.807018, 32.806947, 32.806936, 32.804648, 32.803472, 32.797004, 32.795957, 32.797823, 32.799953, 32.804147, 32.806548)))"
481130119021,0.7719393282773565,0.6608527131782946,"list(list(c(-96.648401, -96.641307, -96.639832, -96.639745, -96.641366, -96.648468, -96.648401, 32.742677, 32.742496, 32.742064, 32.73424, 32.734242, 32.734171, 32.742677)))"
481130125022,0.6801733477789815,0.5975452196382429,"list(list(c(-96.678262, -96.676766, -96.674345, -96.673348, -96.668118, -96.6681, -96.668072, -96.674515, -96.678725, -96.678262, 32.822387, 32.826503, 32.833066, 32.834749, 32.83475, 32.826834, 32.821427, 32.821518, 32.821503, 32.822387)))"
481130093011,0.7109425785482124,0.6770025839793281,"list(list(c(-96.688416, -96.682807, -96.682916, -96.682907, -96.685752, -96.688363, -96.688416, 32.73438, 32.73435, 32.719704, 32.716872, 32.719007, 32.720574, 32.73438)))"
481130078122,0.03391115926327193,0.027131782945736482,"list(list(c(-96.756688, -96.755005, -96.753482, -96.753412, -96.751517, -96.744385, -96.740882, -96.741703, -96.741661, -96.741649, -96.741318, -96.741382, -96.741978, -96.744779, -96.748962, -96.75095, -96.75419, -96.754448, -96.753198, -96.752233, -96.752176, -96.752711, -96.752574, -96.753378, -96.754399, -96.754834, -96.755466, -96.756006, -96.756548, -96.756688, 32.889043, 32.890821, 32.893521, 32.893662, 32.893307, 32.893906, 32.893166, 32.891177, 32.886094, 32.880389, 32.873585, 32.872393, 
32.873797, 32.875101, 32.880411, 32.880674, 32.883246, 32.883727, 32.884219, 32.885508, 32.887107, 32.887712, 32.888469, 32.889051, 32.889201, 32.8902, 32.88965, 32.889027, 32.88899, 32.889043)))"
481130116031,0.9106717226435537,0.8701550387596899,"list(list(c(-96.684088, -96.683083, -96.682907, -96.670853, -96.665664, -96.665459, -96.667438, -96.667629, -96.678447, -96.678541, -96.67922, -96.683106, -96.683193, -96.684263, -96.684088, 32.712552, 32.713459, 32.716872, 32.708104, 32.703807, 32.703622, 32.701092, 32.697888, 32.698017, 32.702288, 32.705109, 32.705088, 32.711526, 32.712484, 32.712552)))"
481130168052,0.5056879739978332,0.46834625322997414,"list(list(c(-96.822646, -96.818877, -96.818902, -96.815597, -96.807235, -96.805603, -96.805569, -96.810814, -96.817129, -96.822288, -96.822424, -96.822646, 32.6043, 32.604249, 32.600758, 32.597509, 32.598059, 32.598628, 32.592602, 32.592194, 32.590448, 32.58989, 32.602212, 32.6043)))"
481130166263,0.7600758396533045,0.6847545219638242,"list(list(c(-96.959729, -96.95231, -96.946403, -96.940116, -96.936778, -96.935573, -96.942315, -96.942433, -96.942411, -96.959442, -96.959475, -96.959729, 32.576773, 32.583583, 32.589932, 32.595824, 32.591752, 32.590597, 32.589967, 32.581059, 32.575363, 32.575449, 32.576497, 32.576773)))"
481130123025,0.6381906825568797,0.49031007751937983,"list(list(c(-96.682749, -96.673547, -96.670023, -96.668106, -96.668291, -96.668474, -96.668245, -96.668195, -96.67387, -96.674166, -96.675565, -96.676428, -96.677292, -96.682575, -96.682455, -96.68251, -96.682687, -96.682749, 32.807137, 32.807094, 32.807119, 32.807018, 32.80687, 32.804963, 32.803867, 32.803697, 32.801031, 32.800877, 32.800117, 32.79973, 32.799363, 32.798011, 32.803366, 32.806255, 32.80695, 32.807137)))"
481130169023,0.6562296858071506,0.560077519379845,"list(list(c(-96.721083, -96.70258, -96.700605, -96.695154, -96.694601, -96.693019, -96.691873, -96.68948, -96.684235, -96.680165, -96.677989, -96.676931, -96.676841, -96.679247, -96.679082, -96.677913, -96.67499, -96.674937, -96.677366, -96.678228, -96.676733, -96.677773, -96.678948, -96.680042, -96.682713, -96.6832, -96.680711, -96.677654, -96.677039, -96.668913, -96.669172, -96.671838, -96.66844, -96.691566, -96.692409, -96.693966, -96.696524, -96.699038, -96.699313, -96.700275, -96.70204, -96.702501, 
-96.702921, -96.703265, -96.703444, -96.704191, -96.707689, -96.709033, -96.708788, -96.688974, -96.68816, -96.689884, -96.691789, -96.69504, -96.696785, -96.697671, -96.713618, -96.719859, -96.721083, 32.66472, 32.674059, 32.674915, 32.67671, 32.675906, 32.674487, 32.672028, 32.671836, 32.673631, 32.676043, 32.676356, 32.675773, 32.673775, 32.670755, 32.669091, 32.667581, 32.666525, 32.665322, 32.664412, 32.663204, 32.661763, 32.659889, 32.655558, 32.653956, 32.651389, 32.649608, 32.647675, 32.647727, 
32.647458, 32.640873, 32.640734, 32.639401, 32.634568, 32.623477, 32.622969, 32.622413, 32.62759, 32.632655, 32.633207, 32.635143, 32.638679, 32.639632, 32.640461, 32.64116, 32.641529, 32.643016, 32.65016, 32.651709, 32.652507, 32.662239, 32.662605, 32.67053, 32.66957, 32.671528, 32.673491, 32.673486, 32.665664, 32.662636, 32.66472)))"
481130178052,0.40639219934994586,0.35981912144702843,"list(list(c(-96.655796, -96.652937, -96.643312, -96.634057, -96.633112, -96.634036, -96.635071, -96.63874, -96.639704, -96.643983, -96.645712, -96.646139, -96.655254, -96.655689, -96.65579, -96.655796, 32.793195, 32.792332, 32.792298, 32.792304, 32.788926, 32.787891, 32.786302, 32.783133, 32.780341, 32.781233, 32.781025, 32.78174, 32.789561, 32.790237, 32.792235, 32.793195)))"
481130170051,0.9411700975081256,0.9496124031007752,"list(list(c(-96.619267, -96.61782, -96.617264, -96.61833, -96.617864, -96.614177, -96.612513, -96.60797, -96.603428, -96.59459, -96.591978, -96.590223, -96.583403, -96.582019, -96.577017, -96.578307, -96.582137, -96.584786, -96.585535, -96.593878, -96.595944, -96.596016, -96.608231, -96.611159, -96.613405, -96.613554, -96.618525, -96.619267, 32.64517, 32.649884, 32.651662, 32.655744, 32.660725, 32.664561, 32.667644, 32.663447, 32.666203, 32.660955, 32.659678, 32.659518, 32.661019, 32.660687, 32.656229, 
32.65598, 32.652357, 32.648479, 32.64767, 32.641022, 32.639159, 32.63752, 32.627457, 32.627513, 32.627166, 32.631256, 32.642719, 32.64517)))"
481130143064,0.6804983748645721,0.6078811369509044,"list(list(c(-96.987602, -96.985956, -96.984763, -96.980704, -96.979404, -96.976464, -96.976469, -96.985577, -96.986013, -96.987602, 32.846942, 32.846826, 32.845726, 32.841636, 32.841234, 32.84163, 32.8371, 32.83712, 32.844313, 32.846942)))"
481130208001,0.8492416034669555,0.7319121447028424,"list(list(c(-96.752962, -96.745697, -96.741116, -96.740989, -96.737677, -96.741227, -96.747111, -96.752962, 32.756016, 32.76192, 32.766065, 32.766267, 32.766146, 32.758158, 32.751096, 32.756016)))"
481130141201,0.12123510292524375,0.15180878552971577,"list(list(c(-96.968529, -96.965493, -96.963532, -96.962457, -96.959897, -96.959345, -96.959259, -96.957265, -96.957443, -96.95798, -96.957993, -96.958014, -96.959348, -96.959908, -96.960206, -96.961774, -96.966258, -96.968223, -96.968225, -96.96733, -96.968529, 32.95926, 32.959798, 32.958824, 32.960338, 32.960825, 32.959355, 32.959262, 32.957718, 32.955215, 32.954115, 32.952801, 32.950241, 32.95029, 32.950246, 32.949691, 32.949122, 32.952709, 32.953947, 32.954378, 32.957656, 32.95926)))"
481130181482,0.8043878656554713,0.7454780361757105,"list(list(c(-96.601808, -96.597086, -96.595669, -96.586904, -96.588477, -96.591033, -96.59246, -96.594827, -96.595483, -96.598557, -96.598808, -96.601808, 32.858023, 32.861959, 32.86072, 32.853126, 32.851764, 32.849584, 32.848542, 32.850156, 32.852404, 32.854402, 32.855385, 32.858023)))"
481130109032,0.4272481040086674,0.32235142118863047,"list(list(c(-96.891468, -96.89132, -96.89073, -96.888303, -96.887985, -96.888433, -96.889373, -96.890508, -96.890702, -96.891308, -96.89146, -96.891468, 32.669239, 32.669246, 32.668984, 32.669266, 32.66852, 32.667575, 32.667125, 32.667088, 32.668104, 32.668112, 32.668113, 32.669239)))"
481130165183,0.7493499458288191,0.6233850129198966,"list(list(c(-96.917096, -96.908454, -96.906988, -96.908958, -96.909282, -96.917046, -96.916663, -96.9174, -96.917096, 32.661717, 32.661824, 32.661845, 32.652442, 32.651745, 32.651714, 32.654935, 32.655321, 32.661717)))"
481130141561,0.6230227518959913,0.5316537467700259,"list(list(c(-96.969978, -96.966258, -96.961774, -96.960206, -96.959908, -96.959348, -96.958014, -96.957662, -96.95694, -96.958942, -96.959377, -96.962564, -96.964605, -96.964403, -96.965029, -96.967613, -96.967569, -96.968987, -96.970065, -96.969978, 32.952212, 32.952709, 32.949122, 32.949691, 32.950246, 32.95029, 32.950241, 32.949143, 32.94829, 32.947284, 32.946958, 32.944403, 32.943109, 32.939669, 32.939802, 32.939689, 32.947477, 32.947526, 32.949155, 32.952212)))"
481130136285,0.3849945828819068,0.3753229974160207,"list(list(c(-96.829907, -96.822287, -96.822096, -96.822178, -96.823494, -96.823426, -96.82338, -96.822863, -96.822157, -96.822085, -96.822086, -96.82211, -96.818074, -96.818037, -96.811349, -96.811322, -96.817715, -96.820753, -96.820802, -96.821217, -96.821544, -96.821546, -96.824065, -96.82552, -96.828147, -96.830164, -96.829907, 32.954014, 32.954022, 32.95402, 32.953425, 32.950229, 32.946573, 32.946209, 32.944506, 32.942557, 32.939642, 32.939495, 32.932907, 32.932924, 32.930628, 32.930591, 32.926054, 
32.926043, 32.926067, 32.92622, 32.927525, 32.927485, 32.928376, 32.936107, 32.939518, 32.946859, 32.95274, 32.954014)))"
481130079091,0.3721560130010835,0.33204134366925064,"list(list(c(-96.764442, -96.764387, -96.762113, -96.759781, -96.760597, -96.760643, -96.764447, -96.764442, 32.851067, 32.853487, 32.853678, 32.852838, 32.850988, 32.850859, 32.850912, 32.851067)))"
481130136204,0.06635969664138675,0.046511627906976716,"list(list(c(-96.818957, -96.815508, -96.815508, -96.814496, -96.814009, -96.813637, -96.813693, -96.814452, -96.816041, -96.817545, -96.818937, -96.818957, 32.966775, 32.96686, 32.966635, 32.966641, 32.966819, 32.965952, 32.965491, 32.965291, 32.965258, 32.965082, 32.965078, 32.966775)))"
481130190161,0.3004875406283857,0.2629198966408268,"list(list(c(-96.738795, -96.737641, -96.735939, -96.735519, -96.735521, -96.735527, -96.738811, -96.738818, -96.737888, -96.739261, -96.738795, 32.923107, 32.923211, 32.92387, 32.923023, 32.919242, 32.916767, 32.916877, 32.917678, 32.918236, 32.920836, 32.923107)))"
481130109062,0.794474539544962,0.6828165374677002,"list(list(c(-96.869755, -96.867888, -96.86401, -96.864303, -96.864187, -96.868825, -96.869461, -96.86974, -96.869801, -96.869755, 32.659823, 32.662062, 32.662066, 32.661298, 32.654836, 32.654313, 32.654004, 32.654432, 32.657499, 32.659823)))"
481130124001,0.16581798483206933,0.16214470284237725,"list(list(c(-96.69578, -96.690533, -96.68618, -96.684224, -96.68386, -96.684031, -96.684465, -96.686199, -96.687845, -96.689698, -96.691702, -96.69578, 32.823859, 32.833269, 32.829519, 32.827823, 32.826535, 32.822229, 32.818835, 32.818505, 32.818151, 32.817411, 32.820055, 32.823859)))"
481130160011,0.8333152762730227,0.7564599483204134,"list(list(c(-97.01576, -97.011141, -97.008764, -97.009024, -97.013718, -97.014438, -97.01576, 32.742108, 32.743723, 32.744328, 32.736461, 32.736511, 32.739249, 32.742108)))"
481130078212,0.8916576381365113,0.8546511627906976,"list(list(c(-96.760155, -96.754727, -96.753686, -96.758367, -96.760155, 32.871203, 32.875639, 32.874737, 32.870873, 32.871203)))"
481130189002,0.8447453954496208,0.7751937984496124,"list(list(c(-96.664876, -96.664883, -96.658734, -96.657204, -96.657204, -96.657326, -96.657482, -96.655898, -96.65511, -96.653067, -96.65398, -96.657344, -96.658163, -96.660409, -96.660487, -96.66353, -96.66395, -96.665046, -96.664876, 32.928868, 32.930881, 32.9305, 32.93077, 32.930573, 32.92508, 32.922663, 32.922655, 32.917828, 32.916278, 32.916291, 32.917826, 32.919232, 32.920472, 32.922038, 32.924312, 32.927038, 32.928364, 32.928868)))"
481130142041,0.7404117009750812,0.6117571059431525,"list(list(c(-96.942694, -96.937533, -96.936354, -96.935281, -96.935175, -96.928225, -96.926618, -96.925462, -96.923175, -96.919342, -96.916953, -96.916447, -96.914751, -96.913717, -96.912468, -96.911774, -96.908479, -96.906172, -96.909136, -96.913892, -96.914482, -96.914813, -96.914912, -96.924042, -96.930273, -96.938597, -96.940497, -96.942737, -96.942694, 32.844175, 32.844129, 32.846069, 32.845267, 32.845399, 32.851357, 32.854356, 32.856278, 32.858172, 32.857413, 32.858494, 32.856091, 32.856056, 
32.857942, 32.857906, 32.855762, 32.856088, 32.853995, 32.849483, 32.843825, 32.842543, 32.841167, 32.836925, 32.837006, 32.836967, 32.837258, 32.83726, 32.837384, 32.844175)))"
481130166361,0.4200433369447454,0.3520671834625323,"list(list(c(-96.900259, -96.891502, -96.891491, -96.89133, -96.890136, -96.891287, -96.891211, -96.892564, -96.895944, -96.897506, -96.904748, -96.900259, 32.63291, 32.641205, 32.640915, 32.632939, 32.629992, 32.625584, 32.622214, 32.623012, 32.622922, 32.625439, 32.628712, 32.63291)))"
481130181412,0.30335861321776814,0.2713178294573644,"list(list(c(-96.569853, -96.557386, -96.552204, -96.549087, -96.547642, -96.544882, -96.542676, -96.518656, -96.5187, -96.547637, -96.550176, -96.560077, -96.562726, -96.563674, -96.566329, -96.569508, -96.569853, 32.850544, 32.855633, 32.858421, 32.858668, 32.857897, 32.856182, 32.856427, 32.856686, 32.851675, 32.851801, 32.853135, 32.853036, 32.851332, 32.848484, 32.84852, 32.848551, 32.850544)))"
481130147042,0.8810400866738894,0.7984496124031008,"list(list(c(-96.926251, -96.924577, -96.917144, -96.919922, -96.921522, -96.921805, -96.921814, -96.923115, -96.925634, -96.925656, -96.925609, -96.925852, -96.926121, -96.926251, 32.829721, 32.830722, 32.830682, 32.823741, 32.819333, 32.814748, 32.814434, 32.814526, 32.814526, 32.817554, 32.822164, 32.823026, 32.823771, 32.829721)))"
481130062003,0.6849945828819068,0.5678294573643411,"list(list(c(-96.837628, -96.834304, -96.832162, -96.828734, -96.824337, -96.824951, -96.825382, -96.826598, -96.827462, -96.827742, -96.830203, -96.836701, -96.836704, -96.836723, -96.836774, -96.836871, -96.837535, -96.837628, 32.73328, 32.734009, 32.734313, 32.733168, 32.732815, 32.731128, 32.727693, 32.723307, 32.72036, 32.72036, 32.720312, 32.720312, 32.720436, 32.721313, 32.721486, 32.731515, 32.73266, 32.73328)))"
481130123012,0.7005417118093175,0.6175710594315246,"list(list(c(-96.684465, -96.680325, -96.678725, -96.674515, -96.673241, -96.673253, -96.677792, -96.680137, -96.684394, -96.684466, -96.684465, 32.818835, 32.82002, 32.821503, 32.821518, 32.820563, 32.814209, 32.814244, 32.815002, 32.814999, 32.818702, 32.818835)))"
481130153063,0.3177681473456121,0.28811369509043927,"list(list(c(-96.988263, -96.987542, -96.981142, -96.977796, -96.976583, -96.976927, -96.97698, -96.977067, -96.977138, -96.979975, -96.980277, -96.980302, -96.988404, -96.988263, 32.804341, 32.804791, 32.80483, 32.804955, 32.805186, 32.804174, 32.800387, 32.796629, 32.792349, 32.792372, 32.796331, 32.800623, 32.802903, 32.804341)))"
481130128011,0.08640303358613222,0.0678294573643411,"list(list(c(-96.700916, -96.699109, -96.692947, -96.691909, -96.687275, -96.687295, -96.691405, -96.699763, -96.700396, -96.700916, 32.861776, 32.864164, 32.864193, 32.864189, 32.864159, 32.85803, 32.857675, 32.857453, 32.857635, 32.861776)))"
481130078351,0.7224810400866739,0.5988372093023255,"list(list(c(-96.728986, -96.729128, -96.727231, -96.727747, -96.725862, -96.725039, -96.719934, -96.719108, -96.725063, -96.726451, -96.727249, -96.728503, -96.73012, -96.728986, 32.895342, 32.898344, 32.900275, 32.901134, 32.900854, 32.900087, 32.899397, 32.898622, 32.898061, 32.897116, 32.898907, 32.894568, 32.8945, 32.895342)))"
481130137221,0.5312567713976164,0.4502583979328165,"list(list(c(-96.855726, -96.855437, -96.855001, -96.854882, -96.854871, -96.854693, -96.850295, -96.844122, -96.842198, -96.842193, -96.84225, -96.842743, -96.843119, -96.842328, -96.841936, -96.848049, -96.850049, -96.853714, -96.85387, -96.855249, -96.855499, -96.855596, -96.855726, 32.981049, 32.981879, 32.983117, 32.987209, 32.987573, 32.98757, 32.987514, 32.987435, 32.987411, 32.98735, 32.984183, 32.983111, 32.971227, 32.969425, 32.968902, 32.968926, 32.969164, 32.969017, 32.969017, 32.970053, 
32.97034, 32.970453, 32.981049)))"
481130015042,0.6871072589382449,0.5910852713178294,"list(list(c(-96.777701, -96.773552, -96.770089, -96.770192, -96.770196, -96.766878, -96.766894, -96.768883, -96.772361, -96.776509, -96.777701, 32.800337, 32.803789, 32.806685, 32.807609, 32.807943, 32.807951, 32.807356, 32.805635, 32.802732, 32.7993, 32.800337)))"
481130165322,0.6204767063921994,0.5516795865633075,"list(list(c(-96.937724, -96.933344, -96.933182, -96.931633, -96.930476, -96.925405, -96.91691, -96.910031, -96.908358, -96.908349, -96.912691, -96.915737, -96.919984, -96.922953, -96.923867, -96.925502, -96.925479, -96.925801, -96.926356, -96.930633, -96.932528, -96.935958, -96.937724, 32.615781, 32.622363, 32.622608, 32.624704, 32.626181, 32.632765, 32.632694, 32.633891, 32.633879, 32.628715, 32.63103, 32.628796, 32.628808, 32.627101, 32.62527, 32.624482, 32.623869, 32.624536, 32.624028, 32.619965, 
32.619317, 32.61507, 32.615781)))"
481130165333,0.9537919826652221,0.9664082687338501,"list(list(c(-96.949843, -96.94859, -96.941571, -96.938746, -96.932343, -96.923811, -96.92146, -96.918111, -96.916644, -96.916056, -96.916685, -96.917714, -96.922054, -96.924855, -96.925663, -96.922953, -96.917979, -96.918232, -96.916115, -96.916039, -96.911509, -96.912934, -96.92449, -96.924499, -96.9259, -96.927185, -96.927245, -96.928149, -96.930866, -96.930871, -96.934145, -96.934927, -96.936518, -96.939688, -96.941233, -96.941971, -96.941298, -96.941956, -96.942155, -96.94301, -96.944172, -96.946275, 
-96.948756, -96.949843, 32.716079, 32.717319, 32.720515, 32.720557, 32.720571, 32.720529, 32.720857, 32.720516, 32.720523, 32.719276, 32.712767, 32.711776, 32.709957, 32.708146, 32.706147, 32.705816, 32.705764, 32.700459, 32.698369, 32.691139, 32.691151, 32.683762, 32.683902, 32.680118, 32.679374, 32.680788, 32.684009, 32.684807, 32.689608, 32.69082, 32.691828, 32.69296, 32.693018, 32.694651, 32.69637, 32.698689, 32.699548, 32.702126, 32.705708, 32.709516, 32.711776, 32.712598, 32.715715, 32.716079
)))"
481130136212,0.5049295774647887,0.43023255813953487,"list(list(c(-96.811681, -96.810201, -96.808134, -96.805145, -96.804586, -96.804614, -96.806914, -96.80724, -96.80972, -96.807074, -96.808109, -96.811492, -96.811942, -96.811681, 32.958571, 32.960369, 32.960626, 32.962205, 32.962235, 32.95969, 32.95964, 32.958889, 32.958233, 32.95393, 32.953944, 32.955979, 32.956777, 32.958571)))"
481130181592,0.3095882990249187,0.3010335917312662,"list(list(c(-96.595903, -96.59583, -96.59152, -96.587901, -96.587083, -96.585635, -96.582074, -96.579187, -96.578985, -96.57563, -96.571837, -96.569665, -96.56945, -96.56695, -96.564535, -96.560696, -96.559939, -96.545544, -96.543984, -96.543356, -96.541935, -96.53959, -96.527941, -96.518869, -96.51897, -96.519046, -96.519261, -96.519304, -96.538195, -96.539638, -96.549462, -96.554232, -96.555935, -96.561161, -96.561234, -96.565913, -96.570076, -96.578509, -96.578567, -96.577731, -96.570064, -96.569879, 
-96.576327, -96.579329, -96.595985, -96.595932, -96.595928, -96.595898, -96.5959, -96.596061, -96.595903, 32.828712, 32.833246, 32.833229, 32.832383, 32.831507, 32.832547, 32.831781, 32.832866, 32.833486, 32.83235, 32.833024, 32.832378, 32.831117, 32.829382, 32.829922, 32.833615, 32.833683, 32.833583, 32.833571, 32.833616, 32.834654, 32.834702, 32.833599, 32.832728, 32.813616, 32.806673, 32.796028, 32.792648, 32.792744, 32.792406, 32.792611, 32.793715, 32.794408, 32.794522, 32.793532, 32.793563, 
32.796053, 32.796025, 32.805582, 32.806544, 32.811959, 32.813924, 32.813823, 32.813995, 32.813958, 32.817515, 32.817946, 32.821787, 32.822913, 32.826117, 32.828712)))"
481130146021,0.8529252437703142,0.789405684754522,"list(list(c(-96.944418, -96.940497, -96.938597, -96.930273, -96.93028, -96.935385, -96.935437, -96.939024, -96.939197, -96.939226, -96.942427, -96.942508, -96.944127, -96.944448, -96.944418, 32.837043, 32.83726, 32.837258, 32.836967, 32.836573, 32.836809, 32.829611, 32.829622, 32.829366, 32.822096, 32.822114, 32.826847, 32.82938, 32.830634, 32.837043)))"
481130141192,0.07237269772481036,0.07105943152454786,"list(list(c(-96.98911, -96.98555, -96.981379, -96.981387, -96.980916, -96.976622, -96.976692, -96.989151, -96.98911, 32.963652, 32.962045, 32.963963, 32.969385, 32.969392, 32.969436, 32.959921, 32.959946, 32.963652)))"
481130164152,0.4392199349945829,0.41343669250646,"list(list(c(-97.01535, -97.009675, -97.0026, -97.003038, -97.003902, -97.007142, -97.007507, -97.007012, -97.006397, -97.002236, -96.996799, -96.990375, -96.990249, -96.990249, -96.992973, -96.994091, -96.99824, -96.99854, -96.993981, -96.98975, -96.99001, -96.991896, -96.995451, -96.995725, -96.996263, -96.996341, -96.997734, -97.000898, -97.011259, -97.013987, -97.014172, -97.015069, -97.015308, -97.01535, 32.659402, 32.660983, 32.662466, 32.660012, 32.658648, 32.655304, 32.6537, 32.647534, 32.64615, 
32.647492, 32.650091, 32.651976, 32.651815, 32.64988, 32.648358, 32.648176, 32.64586, 32.644626, 32.644543, 32.643832, 32.6433, 32.642799, 32.639723, 32.637644, 32.634922, 32.632885, 32.633864, 32.635162, 32.639722, 32.642364, 32.643833, 32.655761, 32.65835, 32.659402)))"
481130141555,0.2796858071505959,0.29715762273901813,"list(list(c(-96.965905, -96.964403, -96.964605, -96.962564, -96.959377, -96.959392, -96.959645, -96.958538, -96.957537, -96.957156, -96.96151, -96.962664, -96.962753, -96.961384, -96.963789, -96.964672, -96.965905, 32.937193, 32.939669, 32.943109, 32.944403, 32.946958, 32.945126, 32.943272, 32.940686, 32.939711, 32.939118, 32.938654, 32.937503, 32.935873, 32.932985, 32.933538, 32.933436, 32.937193)))"
481130181531,0.09593716143011921,0.11240310077519378,"list(list(c(-96.592491, -96.590686, -96.589453, -96.586194, -96.583483, -96.583522, -96.584623, -96.586674, -96.589009, -96.58914, -96.587111, -96.593787, -96.592491, 32.959198, 32.963033, 32.963991, 32.964798, 32.964806, 32.952505, 32.950487, 32.949033, 32.947465, 32.950308, 32.952281, 32.957937, 32.959198)))"
481130165273,0.1806067172264355,0.1821705426356589,"list(list(c(-96.975642, -96.974735, -96.972022, -96.972546, -96.972509, -96.972615, -96.972703, -96.973791, -96.968269, -96.967471, -96.966887, -96.964325, -96.961696, -96.956706, -96.95526, -96.955054, -96.954296, -96.951889, -96.947972, -96.947497, -96.953251, -96.953742, -96.953738, -96.957627, -96.956839, -96.958999, -96.971624, -96.97584, -96.975642, 32.624741, 32.628864, 32.637165, 32.637378, 32.637773, 32.640371, 32.640669, 32.643337, 32.644098, 32.644981, 32.647267, 32.649105, 32.646382, 
32.643942, 32.64264, 32.64202, 32.638391, 32.636296, 32.633193, 32.63297, 32.632634, 32.63263, 32.632685, 32.632675, 32.631498, 32.630414, 32.624323, 32.622069, 32.624741)))"
481130092022,0.8634886240520043,0.838501291989664,"list(list(c(-96.67426, -96.665888, -96.665938, -96.665986, -96.666643, -96.666858, -96.668114, -96.674259, -96.67426, 32.726374, 32.726314, 32.725659, 32.724244, 32.723734, 32.720188, 32.719667, 32.719618, 32.726374)))"
481130201001,0.78726977248104,0.6944444444444444,"list(list(c(-96.921805, -96.921522, -96.919922, -96.917144, -96.915139, -96.914912, -96.914813, -96.914482, -96.913892, -96.909136, -96.906172, -96.905633, -96.904048, -96.903492, -96.903555, -96.903099, -96.901894, -96.901094, -96.90032, -96.899371, -96.89859, -96.897941, -96.897885, -96.898553, -96.895362, -96.893663, -96.893201, -96.891615, -96.88907, -96.889666, -96.889913, -96.889744, -96.890732, -96.892205, -96.895582, -96.895569, -96.896964, -96.903377, -96.905697, -96.906129, -96.906141, 
-96.913791, -96.916942, -96.91854, -96.921659, -96.921814, -96.921805, 32.814748, 32.819333, 32.823741, 32.830682, 32.835459, 32.836925, 32.841167, 32.842543, 32.843825, 32.849483, 32.853995, 32.853856, 32.854188, 32.853752, 32.853081, 32.85262, 32.852185, 32.852352, 32.853491, 32.853658, 32.853318, 32.852463, 32.85201, 32.850549, 32.85092, 32.849738, 32.847803, 32.847164, 32.848, 32.844122, 32.836297, 32.831702, 32.830314, 32.828453, 32.825611, 32.825066, 32.825104, 32.818797, 32.816194, 32.814286, 
32.80913, 32.809173, 32.80976, 32.809779, 32.809733, 32.814434, 32.814748)))"
481130110022,0.43093174431202597,0.3817829457364341,"list(list(c(-96.840378, -96.83411, -96.827253, -96.830661, -96.836254, -96.834437, -96.835746, -96.835218, -96.836218, -96.838364, -96.840128, -96.840097, -96.840111, -96.840378, 32.691217, 32.691109, 32.688239, 32.687642, 32.688156, 32.683315, 32.680062, 32.677673, 32.675507, 32.672852, 32.672856, 32.682341, 32.689175, 32.691217)))"
481130170071,0.8195557963163597,0.7118863049095607,"list(list(c(-96.566394, -96.554598, -96.549042, -96.550031, -96.54489, -96.542164, -96.543426, -96.543557, -96.545674, -96.553206, -96.557622, -96.566656, -96.566394, 32.659433, 32.669016, 32.664192, 32.663151, 32.658684, 32.655626, 32.654497, 32.65184, 32.650157, 32.653454, 32.654967, 32.658939, 32.659433)))"
481130071011,0.001354279523293589,6.459948320413078e-4,"list(list(c(-96.821847, -96.821419, -96.821366, -96.814025, -96.813831, -96.814879, -96.819237, -96.822085, -96.821847, 32.837373, 32.844929, 32.846105, 32.846396, 32.845356, 32.836627, 32.836655, 32.83668, 32.837373)))"
481130190401,0.5558504875406284,0.48514211886304914,"list(list(c(-96.733693, -96.733451, -96.733311, -96.718194, -96.718234, -96.719709, -96.725636, -96.731624, -96.735329, -96.733693, 32.938955, 32.939991, 32.940049, 32.9399, 32.938377, 32.935015, 32.935049, 32.934799, 32.93522, 32.938955)))"
481130168033,0.535807150595883,0.4612403100775194,"list(list(c(-96.772466, -96.767091, -96.767787, -96.76789, -96.75651, -96.756662, -96.758047, -96.753208, -96.74958, -96.753881, -96.751177, -96.754283, -96.756674, -96.761093, -96.770442, -96.771601, -96.772466, 32.589955, 32.591566, 32.598864, 32.599936, 32.599957, 32.602027, 32.603855, 32.603928, 32.60394, 32.590077, 32.585096, 32.584631, 32.584984, 32.584946, 32.587637, 32.588651, 32.589955)))"
481130018021,0.11576381365113764,0.12596899224806202,"list(list(c(-96.80734, -96.805989, -96.804296, -96.803227, -96.802528, -96.803935, -96.804187, -96.805585, -96.80532, -96.803488, -96.801701, -96.800828, -96.800874, -96.801386, -96.802271, -96.80283, -96.803348, -96.805091, -96.805328, -96.807317, -96.809692, -96.80734, 32.801424, 32.801983, 32.803027, 32.804691, 32.804093, 32.801962, 32.80171, 32.800612, 32.799419, 32.798194, 32.799675, 32.799995, 32.799712, 32.797648, 32.794592, 32.792989, 32.793142, 32.793041, 32.7963, 32.797962, 32.800018, 32.801424
)))"
481130131061,0.24485373781148434,0.2325581395348837,"list(list(c(-96.77962, -96.775118, -96.7709, -96.769464, -96.769197, -96.76924, -96.769359, -96.769489, -96.770224, -96.772095, -96.774007, -96.774948, -96.775068, -96.775049, -96.775075, -96.775082, -96.776574, -96.777348, -96.777074, -96.777023, -96.777354, -96.778629, -96.778911, -96.779272, -96.779472, -96.779547, -96.77962, 32.894995, 32.896628, 32.898646, 32.898724, 32.898713, 32.896368, 32.89637, 32.896372, 32.896352, 32.895989, 32.895241, 32.893783, 32.89318, 32.891772, 32.890019, 32.886558, 
32.886333, 32.886538, 32.887073, 32.889952, 32.891137, 32.892746, 32.89302, 32.893231, 32.893434, 32.893866, 32.894995)))"
481130173142,0.3078548212351029,0.28165374677002586,"list(list(c(-96.602562, -96.601491, -96.602211, -96.601352, -96.59881, -96.598756, -96.597338, -96.593543, -96.583501, -96.583254, -96.584224, -96.593349, -96.599018, -96.599129, -96.595194, -96.591793, -96.588626, -96.58544, -96.583419, -96.579927, -96.582066, -96.58611, -96.588706, -96.596912, -96.602561, -96.602562, 32.727142, 32.735343, 32.740608, 32.741883, 32.743946, 32.743988, 32.745184, 32.744939, 32.744753, 32.743232, 32.741869, 32.734447, 32.729766, 32.729678, 32.726334, 32.72455, 32.724169, 
32.721555, 32.720659, 32.717731, 32.717007, 32.717027, 32.715023, 32.722054, 32.726886, 32.727142)))"
481130141542,0.6595882990249187,0.5891472868217054,"list(list(c(-97.009364, -97.008114, -97.008048, -97.004769, -97.000478, -97.000711, -97.001281, -97.001775, -97.004819, -97.006269, -97.006486, -97.006477, -97.009553, -97.009364, 32.843555, 32.847887, 32.851439, 32.850944, 32.850825, 32.848858, 32.847517, 32.844679, 32.842933, 32.840843, 32.837362, 32.837109, 32.837103, 32.843555)))"
481130110033,0.8010834236186348,0.7512919896640827,"list(list(c(-96.84994, -96.848116, -96.84808, -96.844494, -96.840097, -96.840128, -96.84505, -96.849499, -96.84994, 32.673005, 32.678137, 32.683424, 32.682317, 32.682341, 32.672856, 32.672712, 32.671894, 32.673005)))"
481130181472,0.5405742145178765,0.4941860465116279,"list(list(c(-96.596971, -96.59057, -96.58507, -96.571433, -96.571652, -96.572398, -96.574642, -96.576879, -96.578622, -96.579868, -96.579899, -96.5786, -96.585787, -96.588078, -96.592738, -96.592188, -96.596971, 32.872171, 32.877522, 32.882123, 32.869104, 32.86842, 32.865884, 32.863255, 32.861438, 32.859555, 32.860706, 32.862597, 32.86501, 32.866769, 32.869143, 32.865339, 32.866431, 32.872171)))"
481130184013,0.6796858071505959,0.57687338501292,"list(list(c(-96.652161, -96.652142, -96.653145, -96.652427, -96.652377, -96.651428, -96.648095, -96.648224, -96.648344, -96.653576, -96.652161, 32.868929, 32.871168, 32.871562, 32.873745, 32.87885, 32.878891, 32.878858, 32.871141, 32.864047, 32.864016, 32.868929)))"
481130181203,0.6345612134344529,0.5562015503875969,"list(list(c(-96.61445, -96.612575, -96.608327, -96.60684, -96.604479, -96.60426, -96.60127, -96.605112, -96.608134, -96.611056, -96.613734, -96.613752, -96.61445, 32.929782, 32.931478, 32.935053, 32.935569, 32.930582, 32.929902, 32.928617, 32.925978, 32.927419, 32.925247, 32.925313, 32.928624, 32.929782)))"
481130024003,0.7402491874322861,0.7041343669250646,"list(list(c(-96.759416, -96.754192, -96.753026, -96.750671, -96.756658, -96.760079, -96.759416, 32.79507, 32.799339, 32.798639, 32.79663, 32.791621, 32.794629, 32.79507)))"
481130087042,0.6725893824485374,0.5794573643410852,"list(list(c(-96.772067, -96.771904, -96.771797, -96.767762, -96.769676, -96.772039, -96.777111, -96.772067, 32.704276, 32.704017, 32.702733, 32.696083, 32.695675, 32.694664, 32.701787, 32.704276)))"
481130010022,0.08234019501625134,0.06201550387596899,"list(list(c(-96.779562, -96.777698, -96.774706, -96.770189, -96.770205, -96.770196, -96.770192, -96.772303, -96.778486, -96.779562, 32.815765, 32.817154, 32.817239, 32.817366, 32.813876, 32.807943, 32.807609, 32.809469, 32.814844, 32.815765)))"
481130165133,0.1198266522210184,0.14664082687338498,"list(list(c(-96.943314, -96.943196, -96.926756, -96.927798, -96.930803, -96.936145, -96.936193, -96.936591, -96.936726, -96.936979, -96.937194, -96.937587, -96.937743, -96.938082, -96.938183, -96.939877, -96.940423, -96.941969, -96.942661, -96.943239, -96.94324, -96.943223, -96.943314, 32.631886, 32.632736, 32.632734, 32.630104, 32.627902, 32.624884, 32.624834, 32.624515, 32.624479, 32.624515, 32.624482, 32.624316, 32.624207, 32.624088, 32.624214, 32.625169, 32.625064, 32.624254, 32.62413, 32.626115, 
32.626674, 32.629648, 32.631886)))"
481130166304,0.23466955579631632,0.23191214470284238,"list(list(c(-96.925362, -96.92532, -96.917573, -96.916666, -96.914478, -96.910881, -96.90833, -96.908322, -96.911692, -96.913243, -96.916111, -96.918689, -96.919158, -96.925362, -96.925362, 32.596814, 32.601197, 32.601049, 32.600212, 32.601089, 32.601581, 32.600391, 32.598484, 32.598211, 32.598988, 32.598849, 32.597842, 32.594305, 32.595045, 32.596814)))"
481130142051,0.040736728060671745,0.04134366925064603,"list(list(c(-96.950653, -96.949609, -96.943564, -96.93595, -96.932785, -96.926618, -96.928225, -96.935175, -96.935281, -96.936354, -96.938725, -96.940438, -96.944803, -96.947752, -96.950312, -96.950271, -96.950995, -96.950653, 32.86346, 32.864554, 32.868029, 32.860256, 32.857971, 32.854356, 32.851357, 32.845399, 32.845267, 32.846069, 32.84796, 32.850977, 32.851734, 32.853673, 32.853741, 32.859659, 32.861687, 32.86346)))"
481130096092,0.07291440953412787,0.08914728682170547,"list(list(c(-96.85616, -96.846891, -96.84632, -96.843359, -96.838331, -96.838325, -96.856298, -96.85616, 32.909652, 32.909654, 32.909666, 32.90963, 32.909621, 32.902211, 32.902313, 32.909652)))"
481130190293,0.9861321776814734,0.9780361757105943,"list(list(c(-96.665491, -96.653462, -96.648613, -96.647964, -96.648157, -96.656021, -96.662595, -96.665306, -96.665491, 32.9515, 32.951593, 32.947412, 32.945183, 32.945183, 32.94531, 32.945279, 32.94471, 32.9515)))"
481130133001,0.06310942578548218,0.05232558139534882,"list(list(c(-96.804153, -96.803972, -96.794684, -96.786532, -96.786703, -96.788211, -96.788423, -96.79118, -96.795646, -96.802697, -96.803977, -96.804153, 32.907737, 32.909529, 32.909441, 32.909864, 32.90605, 32.903711, 32.901445, 32.902076, 32.901587, 32.901663, 32.902209, 32.907737)))"
481130180012,0.1451787648970747,0.12273901808785526,"list(list(c(-96.648645, -96.647429, -96.642084, -96.640375, -96.640292, -96.640091, -96.634068, -96.638533, -96.644291, -96.647106, -96.649471, -96.648645, 32.835501, 32.837009, 32.839025, 32.839261, 32.839122, 32.838903, 32.833843, 32.830036, 32.835132, 32.832824, 32.834801, 32.835501)))"
481130136091,0.8842903575297941,0.8229974160206719,"list(list(c(-96.778695, -96.778614, -96.776596, -96.774964, -96.770728, -96.768988, -96.769021, -96.769025, -96.776804, -96.778311, -96.778555, -96.778707, -96.778695, 32.950332, 32.95035, 32.95065, 32.950668, 32.950629, 32.950845, 32.946548, 32.945847, 32.946119, 32.945988, 32.946455, 32.946869, 32.950332)))"
481130181432,0.36305525460455035,0.3068475452196382,"list(list(c(-96.572076, -96.570777, -96.570715, -96.570731, -96.570681, -96.566813, -96.564115, -96.557879, -96.551103, -96.548627, -96.54846, -96.544213, -96.542355, -96.540047, -96.539114, -96.537611, -96.533395, -96.532477, -96.526174, -96.526982, -96.529476, -96.531952, -96.534995, -96.537466, -96.537305, -96.535995, -96.532977, -96.533588, -96.534469, -96.536391, -96.538344, -96.544777, -96.550098, -96.561947, -96.572025, -96.572076, 32.944325, 32.945909, 32.947634, 32.947986, 32.952643, 32.953301, 
32.955709, 32.962811, 32.968297, 32.970263, 32.97026, 32.967607, 32.966929, 32.967298, 32.967098, 32.965829, 32.962194, 32.961399, 32.955993, 32.955561, 32.955934, 32.95427, 32.950722, 32.946773, 32.944423, 32.943166, 32.941851, 32.938167, 32.937038, 32.936283, 32.934587, 32.929347, 32.925044, 32.935639, 32.944153, 32.944325)))"
481130073024,0.35140845070422533,0.3404392764857881,"list(list(c(-96.854803, -96.850227, -96.846753, -96.845188, -96.836441, -96.835931, -96.837404, -96.840852, -96.850604, -96.853296, -96.854108, -96.855004, -96.854803, 32.861086, 32.862445, 32.86338, 32.863773, 32.863957, 32.862296, 32.858869, 32.858362, 32.858822, 32.859672, 32.860089, 32.861026, 32.861086)))"
481130178192,0.7513001083423618,0.6440568475452196,"list(list(c(-96.639152, -96.63357, -96.631222, -96.630802, -96.635714, -96.639152, 32.817642, 32.820947, 32.81824, 32.81662, 32.81476, 32.817642)))"
481130108052,0.7015709642470206,0.6098191214470284,"list(list(c(-96.882026, -96.881364, -96.881095, -96.874279, -96.872947, -96.870114, -96.865722, -96.865765, -96.865863, -96.874075, -96.874105, -96.876139, -96.876152, -96.881573, -96.882026, 32.712622, 32.715818, 32.716669, 32.718821, 32.71913, 32.720256, 32.720256, 32.716814, 32.708328, 32.708284, 32.715519, 32.715491, 32.711286, 32.71129, 32.712622)))"
481130141213,0.11988082340195017,0.10529715762273906,"list(list(c(-96.957993, -96.938877, -96.939592, -96.939557, -96.938803, -96.937456, -96.935208, -96.932812, -96.934721, -96.935245, -96.93626, -96.937766, -96.938266, -96.941694, -96.942527, -96.943254, -96.944909, -96.949295, -96.955643, -96.958014, -96.957993, 32.952801, 32.951501, 32.949913, 32.949204, 32.948175, 32.947426, 32.947121, 32.940942, 32.938513, 32.937044, 32.936797, 32.937911, 32.937423, 32.939297, 32.946157, 32.947062, 32.947921, 32.948071, 32.950477, 32.950241, 32.952801)))"
481130009022,0.15931744312025997,0.1369509043927648,"list(list(c(-96.781123, -96.78027, -96.778034, -96.778193, -96.779295, -96.782121, -96.781123, 32.812159, 32.813071, 32.811143, 32.80962, 32.80876, 32.811203, 32.812159)))"
481130055001,0.6846153846153846,0.5691214470284238,"list(list(c(-96.811437, -96.806617, -96.805492, -96.801563, -96.798975, -96.79904, -96.802357, -96.803727, -96.805059, -96.8071, -96.810869, -96.810867, -96.810858, -96.810905, -96.811437, 32.727701, 32.72777, 32.72775, 32.727642, 32.728771, 32.727086, 32.723664, 32.720159, 32.720036, 32.720308, 32.720169, 32.720273, 32.722734, 32.726506, 32.727701)))"
481130178122,0.7329902491874323,0.6343669250645995,"list(list(c(-96.623469, -96.619709, -96.619023, -96.613022, -96.611994, -96.611469, -96.611268, -96.612919, -96.6129, -96.615847, -96.617088, -96.617087, -96.615201, -96.614871, -96.617969, -96.618071, -96.622561, -96.623469, 32.820231, 32.820202, 32.821029, 32.815952, 32.814521, 32.813195, 32.8112, 32.810844, 32.812868, 32.81336, 32.812962, 32.814498, 32.814412, 32.815818, 32.81549, 32.816578, 32.816589, 32.820231)))"
481130181461,0.09295774647887323,0.09754521963824292,"list(list(c(-96.586207, -96.585011, -96.569597, -96.569643, -96.577481, -96.579545, -96.582368, -96.585573, -96.586207, 32.893312, 32.893908, 32.893859, 32.883009, 32.883574, 32.887003, 32.887993, 32.889924, 32.893312)))"
481130094013,0.05807150595882993,0.07105943152454786,"list(list(c(-96.856275, -96.855752, -96.846327, -96.846508, -96.846314, -96.851833, -96.856235, -96.856275, 32.880428, 32.880308, 32.880299, 32.87857, 32.875312, 32.874859, 32.874938, 32.880428)))"
481130088011,0.9157096424702058,0.8501291989664083,"list(list(c(-96.800044, -96.785392, -96.78602, -96.784196, -96.783715, -96.778406, -96.77793, -96.776956, -96.782867, -96.785589, -96.792503, -96.796009, -96.796149, -96.80054, -96.800044, 32.72234, 32.729428, 32.726489, 32.722949, 32.720841, 32.718884, 32.718324, 32.716518, 32.716983, 32.717609, 32.719861, 32.719445, 32.719676, 32.721815, 32.72234)))"
481130004091,NA,NA,"list(list(c(-96.850862, -96.847479, -96.839327, -96.842505, -96.84267, -96.843971, -96.849746, -96.850749, -96.850862, 32.822879, 32.825597, 32.818697, 32.815984, 32.81611, 32.81746, 32.822067, 32.822799, 32.822879)))"
481130173082,0.2365655471289274,0.2558139534883721,"list(list(c(-96.55455, -96.552654, -96.546145, -96.546154, -96.546348, -96.546946, -96.54967, -96.553761, -96.558484, -96.55455, 32.750117, 32.751707, 32.752018, 32.74971, 32.749034, 32.748323, 32.746057, 32.74273, 32.746738, 32.750117)))"
481130059013,0.6965330444203683,0.6556847545219638,"list(list(c(-96.81464, -96.814642, -96.809558, -96.807513, -96.805997, -96.804339, -96.803603, -96.802574, -96.804166, -96.809421, -96.811486, -96.814679, -96.81464, 32.698566, 32.700744, 32.699865, 32.700736, 32.698104, 32.698482, 32.694871, 32.693351, 32.692532, 32.692282, 32.691307, 32.691315, 32.698566)))"
481130129002,0.0021668472372697867,0.0019379844961240345,"list(list(c(-96.725103, -96.718044, -96.713293, -96.712563, -96.710769, -96.710758, -96.709839, -96.710294, -96.710569, -96.716381, -96.710115, -96.712518, -96.710312, -96.708394, -96.706172, -96.709671, -96.713055, -96.715452, -96.719777, -96.719893, -96.724336, -96.724156, -96.723206, -96.721422, -96.721827, -96.725103, 32.858517, 32.861808, 32.863878, 32.864069, 32.864207, 32.863495, 32.860675, 32.857908, 32.857391, 32.853076, 32.84789, 32.845878, 32.843312, 32.841938, 32.838455, 32.836263, 32.834587, 
32.834266, 32.834428, 32.838096, 32.846916, 32.85138, 32.852755, 32.8555, 32.856226, 32.858517)))"
481130181303,0.702546045503792,0.5749354005167959,"list(list(c(-96.632475, -96.624779, -96.623041, -96.622609, -96.621693, -96.617557, -96.614976, -96.612813, -96.62485, -96.629821, -96.631791, -96.632475, 32.835185, 32.841592, 32.840131, 32.839596, 32.838361, 32.83594, 32.835113, 32.833063, 32.826088, 32.823126, 32.831991, 32.835185)))"
481130181373,0.5302816901408451,0.4657622739018088,"list(list(c(-96.574642, -96.572398, -96.571652, -96.571433, -96.569826, -96.552826, -96.554702, -96.55535, -96.555779, -96.559018, -96.560955, -96.562834, -96.564937, -96.571498, -96.571794, -96.573541, -96.574642, 32.863255, 32.865884, 32.86842, 32.869104, 32.867827, 32.870558, 32.863937, 32.862477, 32.861166, 32.86111, 32.856831, 32.856747, 32.855306, 32.855311, 32.85745, 32.862093, 32.863255)))"
481130136092,0.3778439869989165,0.31589147286821706,"list(list(c(-96.786226, -96.785404, -96.784739, -96.780568, -96.778695, -96.778707, -96.778555, -96.778311, -96.776804, -96.769025, -96.769008, -96.768987, -96.770411, -96.773047, -96.774164, -96.777613, -96.778379, -96.782814, -96.786262, -96.786226, 32.943804, 32.948687, 32.949933, 32.949986, 32.950332, 32.946869, 32.946455, 32.945988, 32.946119, 32.945847, 32.944802, 32.939867, 32.939881, 32.9399, 32.939892, 32.939895, 32.939996, 32.940773, 32.939824, 32.943804)))"
481130136101,0.8620260021668472,0.7848837209302326,"list(list(c(-96.777966, -96.7739, -96.770673, -96.770411, -96.768987, -96.769005, -96.769041, -96.7691, -96.769126, -96.77457, -96.774212, -96.774419, -96.777966, 32.934824, 32.937416, 32.939506, 32.939881, 32.939867, 32.938587, 32.932012, 32.928337, 32.926932, 32.929032, 32.92965, 32.930587, 32.934824)))"
481130190273,0.5337486457204768,0.47480620155038755,"list(list(c(-96.662409, -96.655927, -96.655654, -96.655731, -96.653745, -96.651257, -96.649683, -96.656239, -96.662409, 32.958899, 32.964302, 32.963951, 32.962472, 32.96161, 32.95947, 32.959345, 32.953871, 32.958899)))"
481130164201,0.30010834236186346,0.2790697674418605,"list(list(c(-97.015607, -97.007261, -97.003101, -97.003114, -97.003109, -97.003116, -97.009547, -97.012213, -97.015665, -97.015607, 32.698113, 32.698064, 32.698037, 32.692486, 32.690904, 32.689242, 32.689265, 32.691591, 32.692041, 32.698113)))"
481130141551,0.35140845070422533,0.272609819121447,"list(list(c(-96.959377, -96.958942, -96.95694, -96.954557, -96.955435, -96.959392, -96.959377, 32.946958, 32.947284, 32.94829, 32.946664, 32.945208, 32.945126, 32.946958)))"
481130141322,0.8929035752979415,0.8294573643410853,"list(list(c(-96.958014, -96.955643, -96.949295, -96.944909, -96.943254, -96.942527, -96.941694, -96.943198, -96.943582, -96.9426, -96.943401, -96.943778, -96.947123, -96.94448, -96.945124, -96.952609, -96.954557, -96.95694, -96.957662, -96.958014, 32.950241, 32.950477, 32.948071, 32.947921, 32.947062, 32.946157, 32.939297, 32.939152, 32.937868, 32.934269, 32.934015, 32.935195, 32.938221, 32.940658, 32.944893, 32.947944, 32.946664, 32.94829, 32.949143, 32.950241)))"
481130143202,0.6830444203683641,0.6072351421188631,"list(list(c(-96.975047, -96.971343, -96.971332, -96.967754, -96.968234, -96.968234, -96.970921, -96.971029, -96.972085, -96.975042, -96.975047, 32.882599, 32.882018, 32.881313, 32.878287, 32.877896, 32.8752, 32.875326, 32.876016, 32.877665, 32.881625, 32.882599)))"
481130138052,0.7912242686890574,0.6989664082687339,"list(list(c(-96.855895, -96.855745, -96.848609, -96.8502, -96.851304, -96.852657, -96.855778, -96.85593, -96.855895, 32.940004, 32.940004, 32.939953, 32.9367, 32.936407, 32.935833, 32.935867, 32.935809, 32.940004)))"
481130136154,0.5783856988082341,0.47416020671834624,"list(list(c(-96.811476, -96.810113, -96.809706, -96.809821, -96.812348, -96.811476, 32.936842, 32.938863, 32.938732, 32.934803, 32.934811, 32.936842)))"
481130142091,0.1582340195016252,0.14470284237726094,"list(list(c(-96.935798, -96.932867, -96.932729, -96.931073, -96.931272, -96.931239, -96.926978, -96.925019, -96.924191, -96.923842, -96.923604, -96.92346, -96.923542, -96.923946, -96.924975, -96.92703, -96.926201, -96.92429, -96.925297, -96.922261, -96.922435, -96.925222, -96.924794, -96.923175, -96.925462, -96.926618, -96.932785, -96.9315, -96.927377, -96.928385, -96.928483, -96.932775, -96.936139, -96.935798, 32.87016, 32.870836, 32.874194, 32.873728, 32.8733, 32.870776, 32.869351, 32.870913, 32.870886, 
32.870632, 32.870179, 32.86959, 32.869145, 32.868696, 32.868151, 32.866552, 32.865333, 32.865772, 32.863387, 32.861993, 32.860714, 32.859423, 32.858539, 32.858172, 32.856278, 32.854356, 32.857971, 32.859216, 32.859817, 32.861248, 32.861594, 32.863769, 32.868307, 32.87016)))"
481130185081,0.9115926327193933,0.8643410852713178,"list(list(c(-96.720641, -96.721012, -96.719881, -96.717814, -96.717857, -96.717867, -96.717137, -96.717717, -96.722365, -96.720641, 32.905527, 32.905859, 32.907946, 32.90862, 32.905791, 32.904652, 32.902192, 32.900582, 32.903365, 32.905527)))"
481130130132,0.026002166847237218,0.03165374677002586,"list(list(c(-96.729279, -96.717963, -96.717975, -96.717975, -96.719153, -96.722402, -96.724224, -96.726181, -96.728469, -96.728607, -96.729279, 32.878725, 32.878861, 32.870514, 32.869598, 32.869363, 32.866532, 32.86493, 32.866695, 32.869852, 32.870334, 32.878725)))"
481130130071,0.05850487540628391,0.06007751937984496,"list(list(c(-96.693149, -96.69189, -96.691245, -96.683201, -96.683211, -96.683219, -96.687275, -96.691909, -96.692947, -96.692987, -96.693836, -96.693149, 32.870632, 32.869857, 32.869511, 32.869407, 32.86775, 32.864142, 32.864159, 32.864189, 32.864193, 32.867317, 32.870683, 32.870632)))"
481130181541,0.5534127843986999,0.48643410852713176,"list(list(c(-96.595767, -96.583796, -96.583452, -96.575049, -96.575395, -96.574649, -96.576267, -96.58331, -96.591644, -96.593286, -96.595767, 32.976211, 32.983867, 32.983859, 32.983744, 32.975427, 32.974389, 32.973219, 32.973256, 32.973295, 32.973536, 32.976211)))"
481130208003,0.837703141928494,0.7842377260981912,"list(list(c(-96.761216, -96.753273, -96.752962, -96.747111, -96.753374, -96.753452, -96.757125, -96.757516, -96.757676, -96.758979, -96.759665, -96.761216, 32.749435, 32.755812, 32.756016, 32.751096, 32.743692, 32.738369, 32.741161, 32.740695, 32.744401, 32.746122, 32.747659, 32.749435)))"
481130190502,0.06007583965330443,0.050387596899224785,"list(list(c(-96.640959, -96.638775, -96.636543, -96.631595, -96.628692, -96.625798, -96.623851, -96.623118, -96.623624, -96.620059, -96.620174, -96.622476, -96.624304, -96.628235, -96.631475, -96.6338, -96.638327, -96.641058, -96.640959, 32.982491, 32.982091, 32.980324, 32.979785, 32.978793, 32.978752, 32.979685, 32.978101, 32.974119, 32.968154, 32.96549, 32.963417, 32.964494, 32.965086, 32.969322, 32.969045, 32.970563, 32.970528, 32.982491)))"
481130136292,0.985807150595883,0.9799741602067183,"list(list(c(-96.811993, -96.809812, -96.809394, -96.808602, -96.807078, -96.806838, -96.80761, -96.808526, -96.809706, -96.810113, -96.811605, -96.812442, -96.811993, 32.941288, 32.941282, 32.943067, 32.942352, 32.942045, 32.942044, 32.941169, 32.938671, 32.938732, 32.938863, 32.939391, 32.939411, 32.941288)))"
481130190425,0.0638678223185265,0.04974160206718348,"list(list(c(-96.666652, -96.666184, -96.66518, -96.647763, -96.647771, -96.647806, -96.640959, -96.641058, -96.64108, -96.641992, -96.642159, -96.64299, -96.649002, -96.6576, -96.659973, -96.663811, -96.664206, -96.665239, -96.665873, -96.665985, -96.666622, -96.666652, 32.985063, 32.985056, 32.985044, 32.984796, 32.98453, 32.982556, 32.982491, 32.970528, 32.969381, 32.96625, 32.965968, 32.966594, 32.970123, 32.975324, 32.976792, 32.980459, 32.98023, 32.981485, 32.982577, 32.982829, 32.984953, 32.985063
)))"
481130166281,0.5135427952329361,0.43410852713178294,"list(list(c(-96.84838, -96.838671, -96.839725, -96.839799, -96.839773, -96.846274, -96.846167, -96.848262, -96.848489, -96.84838, 32.589724, 32.589714, 32.58681, 32.576417, 32.575178, 32.575204, 32.585386, 32.585592, 32.587867, 32.589724)))"
481130173144,0.8419284940411701,0.812015503875969,"list(list(c(-96.588706, -96.58611, -96.582066, -96.579927, -96.57983, -96.579815, -96.569568, -96.559162, -96.542825, -96.554317, -96.557321, -96.558129, -96.564452, -96.566076, -96.569355, -96.575821, -96.579297, -96.584931, -96.586255, -96.586786, -96.588706, 32.715023, 32.717027, 32.717007, 32.717731, 32.717771, 32.717783, 32.726363, 32.734893, 32.72076, 32.710969, 32.708725, 32.708325, 32.706997, 32.706321, 32.703564, 32.703978, 32.707098, 32.71176, 32.712443, 32.713197, 32.715023)))"
481130172011,0.7135969664138678,0.5710594315245479,"list(list(c(-96.631298, -96.631181, -96.630578, -96.622625, -96.622637, -96.615798, -96.615013, -96.616591, -96.617983, -96.624392, -96.627678, -96.631371, -96.631298, 32.705, 32.719478, 32.719562, 32.719262, 32.72477, 32.724693, 32.724717, 32.719347, 32.715637, 32.704898, 32.699475, 32.699509, 32.705)))"
481130172042,0.7140845070422535,0.5826873385012921,"list(list(c(-96.627678, -96.624392, -96.620678, -96.617316, -96.614319, -96.614233, -96.614064, -96.612671, -96.605444, -96.605419, -96.605419, -96.605494, -96.605178, -96.613082, -96.622568, -96.623941, -96.626032, -96.627428, -96.627678, 32.699475, 32.704898, 32.704803, 32.704897, 32.704886, 32.708632, 32.719453, 32.719363, 32.719347, 32.709314, 32.708382, 32.703248, 32.702375, 32.701712, 32.701703, 32.701385, 32.700369, 32.699475, 32.699475)))"
481130173143,0.2755146262188516,0.2784237726098191,"list(list(c(-96.593349, -96.584224, -96.583254, -96.583501, -96.583508, -96.581322, -96.580475, -96.57271, -96.570266, -96.566084, -96.566131, -96.564709, -96.563005, -96.559162, -96.569568, -96.571811, -96.574111, -96.575884, -96.579277, -96.583292, -96.58438, -96.587345, -96.590982, -96.591749, -96.593349, 32.734447, 32.741869, 32.743232, 32.744753, 32.745559, 32.745479, 32.744993, 32.738443, 32.73723, 32.73758, 32.738135, 32.739373, 32.737586, 32.734893, 32.726363, 32.727525, 32.727463, 32.727908, 
32.730288, 32.731347, 32.732286, 32.733302, 32.733074, 32.733399, 32.734447)))"
481130178151,0.8125677139761647,0.7351421188630491,"list(list(c(-96.634521, -96.631159, -96.627843, -96.625865, -96.625313, -96.625289, -96.634057, -96.634179, -96.634271, -96.633511, -96.634645, -96.634521, 32.811324, 32.811568, 32.810378, 32.796914, 32.792645, 32.792462, 32.792304, 32.795167, 32.797083, 32.804691, 32.811162, 32.811324)))"
481130167091,0.8049837486457205,0.7700258397932817,"list(list(c(-96.805696, -96.799056, -96.788848, -96.788503, -96.781199, -96.759126, -96.755706, -96.750575, -96.734279, -96.730336, -96.729795, -96.726036, -96.723748, -96.721138, -96.728835, -96.729756, -96.731839, -96.73987, -96.742121, -96.744648, -96.745437, -96.753451, -96.753483, -96.753208, -96.758047, -96.763515, -96.764861, -96.767458, -96.770009, -96.771901, -96.780783, -96.780834, -96.785749, -96.789664, -96.791507, -96.800552, -96.805779, -96.805696, 32.642331, 32.642628, 32.645336, 32.645431, 
32.647461, 32.653556, 32.654276, 32.655225, 32.658395, 32.66008, 32.659224, 32.653773, 32.650451, 32.646735, 32.636667, 32.635083, 32.629604, 32.625823, 32.62476, 32.623461, 32.618574, 32.618564, 32.605112, 32.603928, 32.603855, 32.611083, 32.612862, 32.618606, 32.623082, 32.62727, 32.622788, 32.622763, 32.629918, 32.635549, 32.634659, 32.630229, 32.630136, 32.642331)))"
481130177061,0.47307692307692306,0.39018087855297157,"list(list(c(-96.59408, -96.59057, -96.59187, -96.591761, -96.589722, -96.589683, -96.593956, -96.585695, -96.585709, -96.582885, -96.582749, -96.585229, -96.585295, -96.577837, -96.574605, -96.578863, -96.580317, -96.588188, -96.594132, -96.59408, 32.768588, 32.768862, 32.770059, 32.775073, 32.775046, 32.777424, 32.777822, 32.77816, 32.774974, 32.774884, 32.774381, 32.773912, 32.770325, 32.770367, 32.770668, 32.766412, 32.765706, 32.766467, 32.767032, 32.768588)))"
481130170062,0.5752979414951246,0.5129198966408268,"list(list(c(-96.593878, -96.585535, -96.584786, -96.582137, -96.578307, -96.577017, -96.57169, -96.57132, -96.566656, -96.557622, -96.553206, -96.545674, -96.543289, -96.541836, -96.541921, -96.547735, -96.551343, -96.553659, -96.555269, -96.558815, -96.565268, -96.573106, -96.5761, -96.579811, -96.581968, -96.586408, -96.587051, -96.592732, -96.593878, 32.641022, 32.64767, 32.648479, 32.652357, 32.65598, 32.656229, 32.660427, 32.660972, 32.658939, 32.654967, 32.653454, 32.650157, 32.649169, 32.648719, 
32.648093, 32.643073, 32.640354, 32.642155, 32.642626, 32.639586, 32.644513, 32.638362, 32.636757, 32.639834, 32.638818, 32.635257, 32.635317, 32.640059, 32.641022)))"
481130122074,0.9481581798483207,0.9282945736434108,"list(list(c(-96.692367, -96.690161, -96.688701, -96.684097, -96.685047, -96.685016, -96.68421, -96.680312, -96.678879, -96.677632, -96.668432, -96.668587, -96.667992, -96.666059, -96.665616, -96.665372, -96.665339, -96.672055, -96.674493, -96.682708, -96.694329, -96.692367, 32.783991, 32.784341, 32.783826, 32.784988, 32.787675, 32.792372, 32.792362, 32.792322, 32.792293, 32.792277, 32.792232, 32.784998, 32.783323, 32.781312, 32.780532, 32.779581, 32.777999, 32.777852, 32.777879, 32.778005, 32.778076, 
32.783991)))"
481130173131,0.3417659804983748,0.3191214470284238,"list(list(c(-96.546154, -96.546145, -96.545989, -96.545987, -96.519794, -96.519793, -96.520024, -96.520665, -96.520831, -96.531536, -96.529409, -96.528646, -96.527694, -96.528883, -96.527522, -96.523416, -96.524515, -96.52713, -96.52709, -96.531738, -96.534764, -96.537313, -96.537659, -96.539556, -96.538832, -96.536536, -96.531117, -96.533196, -96.536699, -96.539857, -96.545564, -96.546348, -96.546154, 32.74971, 32.752018, 32.76213, 32.762349, 32.754534, 32.754388, 32.748692, 32.709878, 32.70017, 
32.699793, 32.703626, 32.706612, 32.706929, 32.707738, 32.709296, 32.712803, 32.714031, 32.713878, 32.717323, 32.720518, 32.721058, 32.722658, 32.723782, 32.723345, 32.724103, 32.725854, 32.730515, 32.7331, 32.740304, 32.743738, 32.74863, 32.749034, 32.74971)))"
481130167092,0.740899241603467,0.6472868217054264,"list(list(c(-96.823324, -96.814278, -96.805696, -96.805779, -96.805761, -96.805628, -96.805633, -96.818877, -96.822646, -96.822775, -96.822883, -96.822923, -96.823105, -96.823303, -96.823324, 32.642285, 32.642363, 32.642331, 32.630136, 32.62621, 32.615181, 32.604267, 32.604249, 32.6043, 32.605273, 32.612899, 32.618757, 32.633232, 32.633231, 32.642285)))"
481130165251,0.051029252437703176,0.05620155038759689,"list(list(c(-97.038523, -97.038405, -97.038291, -97.023092, -97.018899, -97.017632, -97.016242, -97.012823, -97.007751, -96.998147, -96.99331, -96.992165, -96.992095, -96.992746, -96.994817, -97.000036, -97.001731, -97.001074, -97.001604, -97.003472, -97.00441, -97.004385, -97.003301, -97.001157, -96.999723, -96.997998, -96.995981, -96.992875, -96.989213, -96.986725, -96.98214, -97.013679, -97.038685, -97.038523, 32.559998, 32.566768, 32.573359, 32.583452, 32.580807, 32.580486, 32.580495, 32.581279, 
32.582397, 32.586691, 32.588174, 32.586216, 32.581988, 32.581086, 32.580413, 32.578498, 32.577636, 32.575778, 32.572965, 32.570619, 32.568485, 32.567064, 32.564705, 32.562751, 32.560358, 32.555271, 32.552937, 32.551624, 32.551381, 32.550625, 32.548091, 32.548475, 32.548666, 32.559998)))"
481130167101,0.7925785482123511,0.7416020671834626,"list(list(c(-96.782089, -96.768083, -96.767075, -96.760327, -96.75732, -96.756667, -96.753852, -96.75064, -96.750575, -96.755706, -96.759126, -96.781199, -96.781342, -96.782089, 32.64971, 32.656653, 32.658638, 32.662005, 32.664271, 32.663454, 32.66212, 32.65737, 32.655225, 32.654276, 32.653556, 32.647461, 32.647906, 32.64971)))"
481130170083,0.08510292524377028,0.10400516795865633,"list(list(c(-96.554598, -96.54783, -96.549139, -96.549977, -96.547621, -96.544773, -96.540691, -96.540159, -96.53696, -96.535487, -96.534937, -96.532205, -96.532667, -96.531407, -96.530822, -96.529351, -96.528024, -96.526174, -96.527859, -96.527345, -96.524134, -96.527455, -96.528235, -96.527749, -96.530882, -96.535172, -96.54156, -96.54177, -96.54489, -96.550031, -96.549042, -96.554598, 32.669016, 32.674158, 32.675626, 32.677264, 32.679788, 32.67721, 32.676347, 32.675572, 32.676629, 32.676702, 32.67591, 
32.677005, 32.678145, 32.678787, 32.67808, 32.677866, 32.675497, 32.673778, 32.67277, 32.670175, 32.665093, 32.662384, 32.660801, 32.65835, 32.657854, 32.65435, 32.659837, 32.660538, 32.658684, 32.663151, 32.664192, 32.669016)))"
481130181323,0.6039544962080173,0.49224806201550386,"list(list(c(-96.586606, -96.579857, -96.578236, -96.572395, -96.571795, -96.573679, -96.578537, -96.58031, -96.581214, -96.583141, -96.586606, 32.843807, 32.846525, 32.844599, 32.840902, 32.83952, 32.838037, 32.839288, 32.838448, 32.841124, 32.842526, 32.843807)))"
481130177051,0.6270855904658721,0.5303617571059431,"list(list(c(-96.606009, -96.601404, -96.600949, -96.60135, -96.595897, -96.595884, -96.595992, -96.596908, -96.596962, -96.598751, -96.599244, -96.599434, -96.601202, -96.602191, -96.606009, 32.786749, 32.790226, 32.791116, 32.791423, 32.790419, 32.788337, 32.781968, 32.779758, 32.779567, 32.775692, 32.77552, 32.776544, 32.782553, 32.783487, 32.786749)))"
481130166223,0.6803900325027086,0.5872093023255813,"list(list(c(-96.842105, -96.839669, -96.83966, -96.836373, -96.834368, -96.834356, -96.831716, -96.831723, -96.831009, -96.827108, -96.826831, -96.822296, -96.82213, -96.822297, -96.839558, -96.842233, -96.842105, 32.56076, 32.560729, 32.562955, 32.564225, 32.563241, 32.56073, 32.560715, 32.551656, 32.550286, 32.550313, 32.553342, 32.553354, 32.54715, 32.54715, 32.547219, 32.54723, 32.56076)))"
481130090022,0.8735102925243771,0.8378552971576227,"list(list(c(-96.674075, -96.673522, -96.672388, -96.666216, -96.663114, -96.662057, -96.660826, -96.661823, -96.665641, -96.669817, -96.674134, -96.674075, 32.752913, 32.754697, 32.754418, 32.75448, 32.751539, 32.752857, 32.752232, 32.748773, 32.748753, 32.748739, 32.748789, 32.752913)))"
481130190424,0.218851570964247,0.2047803617571059,"list(list(c(-96.665476, -96.664383, -96.665473, -96.665449, -96.66207, -96.662647, -96.662009, -96.659924, -96.656456, -96.655927, -96.662409, -96.663684, -96.665449, -96.665476, 32.966669, 32.96953, 32.972638, 32.97534, 32.975273, 32.970318, 32.968934, 32.968312, 32.967459, 32.964302, 32.958899, 32.959502, 32.959591, 32.966669)))"
481130114011,0.8621885157096425,0.8178294573643411,"list(list(c(-96.786431, -96.785745, -96.783997, -96.775677, -96.771657, -96.767587, -96.76579, -96.764761, -96.775126, -96.775762, -96.772401, -96.783255, -96.784031, -96.783838, -96.782971, -96.783227, -96.784866, -96.785843, -96.786431, 32.680383, 32.680522, 32.680218, 32.680236, 32.680787, 32.682944, 32.679837, 32.678741, 32.673738, 32.673183, 32.668156, 32.662896, 32.662667, 32.66659, 32.670257, 32.671171, 32.674099, 32.679315, 32.680383)))"
481130173153,0.6743228602383532,0.5742894056847545,"list(list(c(-96.605444, -96.60498, -96.603292, -96.602561, -96.596912, -96.598609, -96.598616, -96.598069, -96.594709, -96.597868, -96.605419, -96.605444, 32.719347, 32.721203, 32.723523, 32.726886, 32.722054, 32.721989, 32.719929, 32.715967, 32.710335, 32.709103, 32.709314, 32.719347)))"
481130178182,0.6911700975081256,0.6085271317829457,"list(list(c(-96.615503, -96.615453, -96.611276, -96.611347, -96.611885, -96.611857, -96.612248, -96.613296, -96.619759, -96.615503, 32.802283, 32.805059, 32.805024, 32.800072, 32.797303, 32.795888, 32.792983, 32.792968, 32.798561, 32.802283)))"
481130173151,0.7547128927410618,0.6989664082687339,"list(list(c(-96.598609, -96.596912, -96.588706, -96.586786, -96.586255, -96.586286, -96.589994, -96.593264, -96.594709, -96.598069, -96.598616, -96.598609, 32.721989, 32.722054, 32.715023, 32.713197, 32.712443, 32.707445, 32.707454, 32.707492, 32.710335, 32.715967, 32.719929, 32.721989)))"
481130072032,0.9565005417118093,0.9554263565891473,"list(list(c(-96.876642, -96.873776, -96.873075, -96.871361, -96.876305, -96.877251, -96.876642, 32.855674, 32.857932, 32.857556, 32.856163, 32.852114, 32.855441, 32.855674)))"
481130165282,0.11273022751895989,0.15503875968992253,"list(list(c(-96.961736, -96.961105, -96.959906, -96.959909, -96.957064, -96.955469, -96.955479, -96.954268, -96.952902, -96.950738, -96.949512, -96.950156, -96.948472, -96.947867, -96.947328, -96.944581, -96.945458, -96.944819, -96.945989, -96.94537, -96.943237, -96.942971, -96.947107, -96.950901, -96.951882, -96.95355, -96.955054, -96.95526, -96.956706, -96.961696, -96.964325, -96.961736, 32.651457, 32.652479, 32.652361, 32.648721, 32.647517, 32.647579, 32.650019, 32.650762, 32.648854, 32.649, 32.650245, 
32.6513, 32.651825, 32.653785, 32.65137, 32.652276, 32.65402, 32.656913, 32.657933, 32.659492, 32.659233, 32.647244, 32.64721, 32.646963, 32.646244, 32.64264, 32.64202, 32.64264, 32.643942, 32.646382, 32.649105, 32.651457)))"
481130173132,0.1532502708559047,0.16666666666666663,"list(list(c(-96.566076, -96.564452, -96.558129, -96.557321, -96.554317, -96.542825, -96.539556, -96.537659, -96.537313, -96.534764, -96.531738, -96.52709, -96.52713, -96.524515, -96.523416, -96.527522, -96.528883, -96.527694, -96.528646, -96.529409, -96.531536, -96.533324, -96.547296, -96.550396, -96.569355, -96.566076, 32.706321, 32.706997, 32.708325, 32.708725, 32.710969, 32.72076, 32.723345, 32.723782, 32.722658, 32.721058, 32.720518, 32.717323, 32.713878, 32.714031, 32.712803, 32.709296, 32.707738, 
32.706929, 32.706612, 32.703626, 32.699793, 32.6999, 32.702045, 32.702384, 32.703564, 32.706321)))"
481130162043,0.9604550379198267,0.9728682170542635,"list(list(c(-97.015069, -97.014931, -97.007222, -97.007305, -97.007357, -97.012161, -97.015374, -97.015069, 32.715474, 32.720383, 32.720391, 32.716572, 32.713365, 32.713396, 32.71341, 32.715474)))"
481130165362,0.7235644637053088,0.6427648578811369,"list(list(c(-96.90863, -96.905667, -96.905509, -96.905637, -96.892848, -96.891468, -96.891472, -96.891476, -96.896356, -96.896346, -96.898341, -96.900802, -96.900908, -96.906988, -96.908454, -96.908536, -96.90863, 32.675606, 32.67558, 32.675578, 32.676379, 32.676495, 32.676484, 32.672974, 32.671878, 32.67185, 32.669845, 32.665878, 32.665824, 32.661878, 32.661845, 32.661824, 32.665388, 32.675606)))"
481130165271,0.2191224268689057,0.21317829457364346,"list(list(c(-96.9762, -96.972946, -96.970312, -96.968609, -96.964325, -96.966887, -96.967471, -96.968269, -96.973791, -96.977494, -96.9762, 32.651609, 32.651809, 32.65309, 32.651159, 32.649105, 32.647267, 32.644981, 32.644098, 32.643337, 32.651238, 32.651609)))"
481130004072,0.25249187432286024,0.22028423772609818,"list(list(c(-96.833691, -96.831123, -96.828644, -96.827399, -96.828763, -96.827588, -96.829186, -96.831083, -96.832835, -96.836366, -96.833691, 32.823579, 32.825724, 32.823662, 32.822896, 32.821708, 32.81949, 32.818178, 32.819786, 32.818321, 32.821281, 32.823579)))"
481130107043,0.98602383531961,0.9832041343669251,"list(list(c(-96.919427, -96.915906, -96.91458, -96.914357, -96.913251, -96.912175, -96.912303, -96.919289, -96.918891, -96.916797, -96.90382, -96.897714, -96.898412, -96.898463, -96.898309, -96.898079, -96.90033, -96.908668, -96.9112, -96.912204, -96.915339, -96.919659, -96.919427, 32.740219, 32.740212, 32.740433, 32.739759, 32.739575, 32.740461, 32.742251, 32.742224, 32.747935, 32.747672, 32.743067, 32.737603, 32.735173, 32.732827, 32.72972, 32.728703, 32.72891, 32.730916, 32.73106, 32.731703, 32.735854, 
32.736326, 32.740219)))"
481130166351,0.5319609967497292,0.48062015503875966,"list(list(c(-96.878458, -96.874241, -96.87441, -96.865569, -96.865684, -96.874026, -96.874352, -96.877164, -96.878461, -96.878458, 32.642901, 32.642893, 32.636035, 32.63597, 32.633083, 32.633075, 32.632894, 32.632806, 32.632945, 32.642901)))"
481130161003,0.6098591549295775,0.5200258397932817,"list(list(c(-97.020953, -97.020311, -97.020132, -97.020055, -97.019995, -97.020131, -97.014364, -97.014609, -97.014734, -97.015578, -97.014931, -97.017569, -97.019092, -97.023185, -97.020953, 32.726028, 32.728237, 32.729243, 32.729902, 32.730559, 32.737965, 32.737969, 32.736396, 32.728733, 32.725475, 32.720383, 32.720312, 32.72099, 32.721129, 32.726028)))"
481130141491,0.5517876489707476,0.4832041343669251,"list(list(c(-96.958066, -96.95225, -96.952773, -96.955677, -96.957406, -96.958066, 32.927318, 32.927286, 32.925654, 32.923561, 32.924621, 32.927318)))"
481130141553,0.49588299024918747,0.4418604651162791,"list(list(c(-96.958538, -96.956323, -96.955611, -96.955501, -96.952438, -96.952147, -96.952151, -96.954189, -96.955624, -96.957156, -96.957537, -96.958538, 32.940686, 32.941397, 32.942309, 32.943227, 32.943266, 32.943589, 32.94052, 32.940515, 32.940058, 32.939118, 32.939711, 32.940686)))"
481130181431,0.0882990249187432,0.11627906976744184,"list(list(c(-96.537466, -96.534995, -96.531952, -96.529476, -96.526982, -96.526174, -96.532477, -96.5288, -96.526389, -96.523924, -96.520211, -96.516977, -96.517165, -96.517174, -96.517195, -96.51938, -96.519999, -96.52556, -96.526522, -96.53233, -96.532977, -96.535995, -96.537305, -96.537466, 32.946773, 32.950722, 32.95427, 32.955934, 32.955561, 32.955993, 32.961399, 32.964474, 32.966535, 32.964434, 32.961216, 32.963932, 32.954167, 32.953754, 32.953735, 32.951923, 32.951427, 32.94681, 32.94634, 
32.942608, 32.941851, 32.943166, 32.944423, 32.946773)))"
481139802001,0.7774647887323943,0.6582687338501292,"list(list(c(-96.757388, -96.756634, -96.756464, -96.748426, -96.743561, -96.745184, -96.744656, -96.748057, -96.748166, -96.75089, -96.755598, -96.757346, -96.757388, 32.9829, 32.984336, 32.986298, 32.986189, 32.986123, 32.981222, 32.978265, 32.978319, 32.978108, 32.978115, 32.978296, 32.981496, 32.9829)))"
481130008022,0.7043336944745395,0.5936692506459949,"list(list(c(-96.788663, -96.787065, -96.786457, -96.782168, -96.784104, -96.787025, -96.788618, -96.788663, 32.812712, 32.815118, 32.814977, 32.811242, 32.809652, 32.812192, 32.812673, 32.812712)))"
481130008011,0.12334777898158178,0.11175710594315247,"list(list(c(-96.784104, -96.782168, -96.782121, -96.779295, -96.778471, -96.7805, -96.781753, -96.78308, -96.786266, -96.784104, 32.809652, 32.811242, 32.811203, 32.80876, 32.808072, 32.806803, 32.807893, 32.805082, 32.80789, 32.809652)))"
481130112011,0.7298483206933911,0.646640826873385,"list(list(c(-96.823338, -96.814281, -96.813294, -96.813854, -96.812275, -96.812265, -96.809024, -96.807096, -96.805799, -96.805745, -96.805728, -96.805697, -96.805696, -96.814278, -96.823324, -96.823338, 32.647616, 32.647718, 32.647717, 32.655076, 32.65739, 32.662284, 32.662401, 32.662404, 32.662351, 32.651376, 32.647737, 32.643864, 32.642331, 32.642363, 32.642285, 32.647616)))"
481130191023,0.6963705308775732,0.5917312661498708,"list(list(c(-96.731432, -96.729822, -96.729105, -96.718099, -96.718194, -96.733311, -96.731432, 32.945922, 32.948324, 32.948306, 32.948341, 32.9399, 32.940049, 32.945922)))"
481130190471,0.4163055254604551,0.37726098191214474,"list(list(c(-96.683189, -96.679227, -96.679524, -96.673263, -96.671048, -96.667385, -96.665309, -96.664883, -96.664876, -96.665046, -96.665246, -96.665377, -96.674406, -96.683171, -96.683179, -96.683189, 32.926904, 32.927267, 32.928614, 32.929113, 32.931249, 32.931209, 32.930895, 32.930881, 32.928868, 32.928364, 32.927734, 32.923389, 32.923406, 32.923491, 32.923887, 32.926904)))"
481130122122,0.9875947995666305,0.9890180878552972,"list(list(c(-96.722719, -96.72023, -96.713967, -96.708753, -96.706671, -96.699882, -96.700019, -96.70885, -96.712023, -96.715287, -96.717983, -96.72299, -96.722719, 32.79478, 32.796722, 32.801886, 32.797309, 32.795625, 32.795536, 32.794083, 32.794091, 32.794341, 32.794883, 32.794857, 32.794547, 32.79478)))"
481130181492,0.3884615384615384,0.4043927648578811,"list(list(c(-96.535208, -96.531622, -96.531649, -96.523896, -96.520799, -96.531377, -96.531343, -96.53524, -96.535208, 32.923989, 32.924005, 32.921494, 32.921213, 32.915789, 32.91058, 32.916612, 32.919082, 32.923989)))"
481130084012,0.7986998916576381,0.7609819121447028,"list(list(c(-96.719414, -96.717583, -96.709279, -96.708097, -96.709581, -96.708562, -96.709285, -96.709312, -96.711645, -96.714931, -96.716563, -96.719436, -96.719414, 32.765871, 32.777049, 32.774316, 32.774077, 32.77084, 32.769475, 32.763445, 32.763282, 32.763485, 32.765158, 32.765574, 32.765751, 32.765871)))"
481130170082,0.9407908992416034,0.9050387596899225,"list(list(c(-96.543557, -96.543426, -96.542164, -96.54489, -96.54177, -96.54156, -96.535172, -96.530882, -96.527749, -96.528235, -96.527455, -96.524134, -96.52139, -96.521035, -96.521322, -96.52133, -96.521631, -96.541836, -96.543289, -96.545674, -96.543557, 32.65184, 32.654497, 32.655626, 32.658684, 32.660538, 32.659837, 32.65435, 32.657854, 32.65835, 32.660801, 32.662384, 32.665093, 32.667354, 32.667729, 32.662872, 32.662238, 32.645052, 32.648719, 32.649169, 32.650157, 32.65184)))"
481130166291,0.8800108342361863,0.8249354005167959,"list(list(c(-96.933432, -96.930587, -96.925362, -96.925362, -96.925421, -96.933479, -96.933432, 32.590994, 32.596711, 32.596814, 32.595045, 32.589903, 32.58991, 32.590994)))"
481130181293,0.4533044420368364,0.3914728682170543,"list(list(c(-96.622129, -96.621707, -96.614498, -96.613686, -96.612629, -96.612873, -96.612224, -96.612368, -96.612364, -96.611909, -96.611314, -96.610403, -96.610015, -96.609655, -96.609263, -96.605354, -96.605383, -96.605896, -96.606953, -96.605839, -96.606547, -96.61566, -96.616751, -96.618689, -96.620253, -96.62245, -96.622129, 32.843863, 32.844195, 32.850163, 32.850613, 32.849748, 32.84953, 32.849252, 32.848096, 32.84771, 32.847636, 32.848018, 32.847029, 32.847198, 32.846843, 32.847003, 32.84648, 
32.844131, 32.844318, 32.843307, 32.841589, 32.84019, 32.840174, 32.839231, 32.840881, 32.841034, 32.8436, 32.843863)))"
481130165301,0.3765438786565547,0.3462532299741602,"list(list(c(-96.938999, -96.937724, -96.935958, -96.932528, -96.930633, -96.926356, -96.925801, -96.925479, -96.925455, -96.925382, -96.91689, -96.915595, -96.915137, -96.916904, -96.922553, -96.925303, -96.931381, -96.945608, -96.938999, 32.612319, 32.615781, 32.61507, 32.619317, 32.619965, 32.624028, 32.624536, 32.623869, 32.623251, 32.619039, 32.618886, 32.618886, 32.618868, 32.617249, 32.612795, 32.610221, 32.604425, 32.604431, 32.612319)))"
481130190512,0.02887323943661968,0.053617571059431546,"list(list(c(-96.613367, -96.608887, -96.595999, -96.583796, -96.595767, -96.601003, -96.607231, -96.612662, -96.613004, -96.613461, -96.613367, 32.984309, 32.984242, 32.984051, 32.983867, 32.976211, 32.972835, 32.968815, 32.97348, 32.973868, 32.974933, 32.984309)))"
481130092032,0.8448537378114843,0.8126614987080103,"list(list(c(-96.67427, -96.670776, -96.66978, -96.669416, -96.668049, -96.665582, -96.662886, -96.662339, -96.663468, -96.674266, -96.67427, 32.742822, 32.743222, 32.74358, 32.741409, 32.739935, 32.739123, 32.737053, 32.735819, 32.734246, 32.734287, 32.742822)))"
481130192115,0.7515709642470205,0.6660206718346253,"list(list(c(-96.729385, -96.716221, -96.721196, -96.722452, -96.727759, -96.729164, -96.728605, -96.728472, -96.727477, -96.727192, -96.728121, -96.727096, -96.729385, 32.975533, 32.975527, 32.967674, 32.965898, 32.960862, 32.960848, 32.961375, 32.964647, 32.966168, 32.96922, 32.971387, 32.972855, 32.975533)))"
481130081011,0.14832069339111598,0.18346253229974163,"list(list(c(-96.720468, -96.718328, -96.715575, -96.715235, -96.717459, -96.717539, -96.716886, -96.714254, -96.712526, -96.711296, -96.709316, -96.709344, -96.706861, -96.708617, -96.714932, -96.718198, -96.718637, -96.719732, -96.720468, 32.822442, 32.823595, 32.826455, 32.828638, 32.829385, 32.831144, 32.831786, 32.832031, 32.832721, 32.83394, 32.83352, 32.832643, 32.829979, 32.828491, 32.823178, 32.819105, 32.818565, 32.819118, 32.822442)))"
481130132024,0.28873239436619713,0.22997416020671835,"list(list(c(-96.786466, -96.786305, -96.786314, -96.781479, -96.780966, -96.780848, -96.779884, -96.77735, -96.777015, -96.777138, -96.776196, -96.77566, -96.775988, -96.775153, -96.773748, -96.775096, -96.784623, -96.786532, -96.786466, 32.917101, 32.924261, 32.924869, 32.924371, 32.924347, 32.924073, 32.922547, 32.921416, 32.920068, 32.918883, 32.91787, 32.9166, 32.913552, 32.910849, 32.909714, 32.90977, 32.909874, 32.909864, 32.917101)))"
481130003004,0.17372697724810404,0.15762273901808788,"list(list(c(-96.781919, -96.781114, -96.780385, -96.779763, -96.774054, -96.774679, -96.774688, -96.781274, -96.781919, 32.830007, 32.831193, 32.833208, 32.833636, 32.83363, 32.832385, 32.829914, 32.829904, 32.830007)))"
481130008013,0.8920910075839653,0.851421188630491,"list(list(c(-96.781753, -96.7805, -96.778471, -96.7763, -96.780399, -96.78308, -96.781753, 32.807893, 32.806803, 32.808072, 32.806176, 32.802728, 32.805082, 32.807893)))"
481130079152,0.2314734561213434,0.2151162790697675,"list(list(c(-96.764066, -96.762208, -96.75929, -96.759903, -96.760473, -96.762316, -96.763629, -96.764239, -96.764066, 32.864064, 32.863109, 32.861897, 32.859972, 32.859429, 32.861421, 32.861465, 32.863239, 32.864064)))"
481130078302,0.5088840736728061,0.4425064599483204,"list(list(c(-96.760324, -96.759153, -96.756613, -96.756963, -96.758548, -96.760059, -96.760324, 32.869303, 32.870241, 32.868277, 32.867834, 32.86643, 32.867594, 32.869303)))"
481130141571,0.36170097508125676,0.31072351421188626,"list(list(c(-96.99363, -96.993461, -96.991441, -96.97625, -96.97408, -96.972581, -96.972502, -96.973112, -96.99145, -96.993703, -96.99363, 32.939946, 32.939946, 32.939979, 32.932055, 32.930408, 32.927331, 32.92544, 32.925448, 32.92572, 32.925714, 32.939946)))"
481130143141,0.5783315276273022,0.5,"list(list(c(-96.977297, -96.972972, -96.972857, -96.971251, -96.96645, -96.963505, -96.963494, -96.959774, -96.959125, -96.959064, -96.960608, -96.963549, -96.967438, -96.970357, -96.975213, -96.97523, -96.977297, 32.863624, 32.862831, 32.860568, 32.858894, 32.858148, 32.859034, 32.860269, 32.861171, 32.859847, 32.859088, 32.858806, 32.856477, 32.856059, 32.856444, 32.855469, 32.858572, 32.863624)))"
481130143183,0.5263813651137594,0.4321705426356589,"list(list(c(-96.967704, -96.967438, -96.963549, -96.960608, -96.959064, -96.959059, -96.960815, -96.961419, -96.96795, -96.967704, 32.851658, 32.856059, 32.856477, 32.858806, 32.859088, 32.849676, 32.849601, 32.851083, 32.851187, 32.851658)))"
481130141581,0.8985373781148429,0.8598191214470284,"list(list(c(-96.991498, -96.988292, -96.987426, -96.985055, -96.980659, -96.973682, -96.972085, -96.971029, -96.970921, -96.970928, -96.971091, -96.972051, -96.975582, -96.97719, -96.982057, -96.984027, -96.986547, -96.98719, -96.987192, -96.988287, -96.989122, -96.991706, -96.991498, 32.880876, 32.877836, 32.874792, 32.875647, 32.871948, 32.877699, 32.877665, 32.876016, 32.875326, 32.874451, 32.869584, 32.868394, 32.866529, 32.866391, 32.867196, 32.866459, 32.866213, 32.867858, 32.868355, 32.868355, 
32.868341, 32.8684, 32.880876)))"
481130141401,0.5898699891657638,0.5174418604651163,"list(list(c(-97.006096, -96.99971, -96.999083, -96.998299, -96.996498, -96.996382, -96.99629, -96.999284, -97.003589, -97.005136, -97.006096, 32.861185, 32.864455, 32.865408, 32.865371, 32.865617, 32.861338, 32.860531, 32.859941, 32.860157, 32.859713, 32.861185)))"
481130152081,0.6391657638136512,0.5445736434108528,"list(list(c(-96.977138, -96.977067, -96.969615, -96.970381, -96.97165, -96.9717, -96.969454, -96.969576, -96.977177, -96.977138, 32.792349, 32.796629, 32.796348, 32.79609, 32.793182, 32.789912, 32.789913, 32.786727, 32.78669, 32.792349)))"
481130087011,0.864192849404117,0.7829457364341086,"list(list(c(-96.772039, -96.769676, -96.767762, -96.764306, -96.755057, -96.747064, -96.748114, -96.749057, -96.757535, -96.760601, -96.763243, -96.767587, -96.771449, -96.772039, 32.694664, 32.695675, 32.696083, 32.696933, 32.700328, 32.680531, 32.680017, 32.681311, 32.685034, 32.686075, 32.685474, 32.682944, 32.690581, 32.694664)))"
481130092041,0.560184182015168,0.5116279069767442,"list(list(c(-96.674567, -96.674134, -96.669817, -96.665641, -96.661823, -96.660267, -96.66276, -96.663171, -96.661686, -96.663436, -96.662886, -96.665582, -96.668049, -96.669416, -96.66978, -96.674279, -96.674567, 32.748801, 32.748789, 32.748739, 32.748753, 32.748773, 32.746654, 32.743571, 32.742014, 32.740558, 32.739583, 32.737053, 32.739123, 32.739935, 32.741409, 32.74358, 32.748408, 32.748801)))"
481130173073,0.21213434452871072,0.23191214470284238,"list(list(c(-96.561543, -96.56154, -96.545987, -96.545989, -96.546145, -96.552654, -96.55455, -96.555496, -96.555876, -96.556287, -96.561873, -96.561543, 32.763748, 32.763902, 32.762349, 32.76213, 32.752018, 32.751707, 32.750117, 32.751001, 32.751629, 32.758308, 32.758412, 32.763748)))"
481130118011,0.45763813651137597,0.36692506459948315,"list(list(c(-96.639207, -96.639182, -96.639088, -96.638876, -96.63122, -96.631181, -96.631774, -96.638523, -96.638785, -96.639211, -96.639207, 32.723103, 32.726499, 32.73424, 32.73424, 32.734153, 32.719478, 32.719465, 32.719509, 32.719501, 32.719512, 32.723103)))"
481130007061,0.05947995666305528,0.07558139534883723,"list(list(c(-96.79117, -96.788467, -96.788086, -96.785069, -96.78599, -96.78609, -96.78895, -96.79117, 32.824084, 32.826346, 32.825648, 32.823933, 32.822262, 32.822077, 32.823191, 32.824084)))"
481130005032,0.08006500541711814,0.06976744186046513,"list(list(c(-96.818088, -96.817923, -96.817393, -96.815526, -96.813555, -96.816763, -96.817675, -96.817901, -96.818125, -96.818088, 32.811253, 32.811376, 32.811779, 32.810724, 32.809146, 32.806538, 32.807373, 32.807594, 32.809435, 32.811253)))"
481130164103,0.43336944745395445,0.3688630490956072,"list(list(c(-97.030776, -97.030774, -97.023927, -97.016447, -97.016314, -97.015458, -97.015378, -97.015368, -97.018213, -97.023486, -97.023524, -97.027731, -97.027886, -97.028915, -97.0306, -97.030956, -97.030776, 32.675905, 32.676188, 32.676163, 32.676145, 32.675856, 32.673907, 32.66698, 32.664476, 32.664136, 32.664462, 32.662692, 32.662656, 32.661717, 32.664051, 32.66476, 32.66834, 32.675905)))"
481130004101,0.7464247020585049,0.7202842377260982,"list(list(c(-96.853157, -96.850901, -96.849955, -96.847864, -96.845806, -96.84596, -96.850115, -96.853905, -96.852621, -96.855788, -96.853157, 32.838839, 32.837747, 32.83713, 32.835338, 32.833584, 32.833456, 32.829966, 32.833193, 32.834923, 32.836762, 32.838839)))"
481130100013,NA,NA,"list(list(c(-96.851367, -96.849746, -96.843971, -96.84267, -96.843427, -96.847351, -96.847669, -96.846998, -96.84698, -96.85141, -96.851367, 32.821281, 32.822067, 32.81746, 32.81611, 32.815473, 32.813822, 32.81419, 32.815709, 32.817597, 32.817615, 32.821281)))"
481130100011,NA,NA,"list(list(c(-96.84966, -96.8483, -96.847351, -96.843427, -96.84267, -96.842505, -96.838161, -96.834841, -96.837825, -96.840355, -96.849387, -96.84966, 32.81113, 32.813102, 32.813822, 32.815473, 32.81611, 32.815984, 32.812556, 32.809961, 32.807599, 32.806751, 32.811034, 32.81113)))"
481130007041,0.0933911159263272,0.09173126614987082,"list(list(c(-96.800259, -96.799209, -96.796732, -96.799867, -96.801418, -96.800259, 32.810657, 32.811718, 32.809637, 32.807141, 32.808472, 32.810657)))"
481130053004,0.7724268689057421,0.7073643410852712,"list(list(c(-96.869688, -96.863503, -96.863527, -96.863661, -96.868851, -96.86884, -96.86889, -96.869329, -96.869688, 32.741241, 32.741256, 32.734915, 32.729225, 32.728962, 32.734386, 32.739963, 32.740817, 32.741241)))"
481130004014,0.5335319609967497,0.46899224806201545,"list(list(c(-96.839327, -96.836366, -96.832835, -96.829074, -96.827438, -96.827931, -96.829229, -96.827323, -96.828903, -96.830752, -96.834841, -96.832655, -96.833562, -96.835705, -96.838161, -96.842505, -96.839327, 32.818697, 32.821281, 32.818321, 32.815232, 32.814959, 32.811619, 32.809358, 32.807237, 32.805805, 32.806536, 32.809961, 32.811797, 32.814526, 32.814951, 32.812556, 32.815984, 32.818697)))"
481130053002,0.757421451787649,0.7144702842377261,"list(list(c(-96.857069, -96.856876, -96.854901, -96.849211, -96.849297, -96.852547, -96.857079, -96.857069, 32.729215, 32.734833, 32.734598, 32.734986, 32.729266, 32.727998, 32.72533, 32.729215)))"
481130006112,0.25341278439869985,0.24095607235142114,"list(list(c(-96.822382, -96.821254, -96.819731, -96.819634, -96.818554, -96.818122, -96.818078, -96.816876, -96.816889, -96.817545, -96.817639, -96.820147, -96.820855, -96.822273, -96.822382, 32.820679, 32.822637, 32.823954, 32.824036, 32.823113, 32.822749, 32.822812, 32.821788, 32.821696, 32.816057, 32.816142, 32.818309, 32.819018, 32.820587, 32.820679)))"
481130108091,0.9159804983748646,0.8656330749354005,"list(list(c(-96.891553, -96.890825, -96.885968, -96.884723, -96.883979, -96.881095, -96.881364, -96.88888, -96.891324, -96.891467, -96.891482, -96.891526, -96.891553, 32.721133, 32.720436, 32.71614, 32.715739, 32.715739, 32.716669, 32.715818, 32.712007, 32.711135, 32.711075, 32.712606, 32.720444, 32.721133)))"
481130100014,NA,NA,"list(list(c(-96.837825, -96.834841, -96.830752, -96.828903, -96.8219, -96.819718, -96.817233, -96.818662, -96.823078, -96.829373, -96.832997, -96.840355, -96.837825, 32.807599, 32.809961, 32.806536, 32.805805, 32.804574, 32.803413, 32.800528, 32.798522, 32.800976, 32.802107, 32.803187, 32.806751, 32.807599)))"
481130108072,0.9741061755146262,0.9631782945736435,"list(list(c(-96.891476, -96.891469, -96.891469, -96.891157, -96.88713, -96.887141, -96.882847, -96.880885, -96.874974, -96.878337, -96.878567, -96.880713, -96.882712, -96.890438, -96.891364, -96.891544, -96.891476, 32.693386, 32.695543, 32.697256, 32.700198, 32.700259, 32.705803, 32.705817, 32.705821, 32.705699, 32.701113, 32.695406, 32.691249, 32.691322, 32.691287, 32.691561, 32.69165, 32.693386)))"
481130161004,0.6624593716143012,0.5322997416020672,"list(list(c(-97.025221, -97.024647, -97.023185, -97.019092, -97.017569, -97.014931, -97.015069, -97.015374, -97.015439, -97.02179, -97.024809, -97.025221, 32.710015, 32.71725, 32.721129, 32.72099, 32.720312, 32.720383, 32.715474, 32.71341, 32.709663, 32.709705, 32.709974, 32.710015)))"
481130006071,0.23472372697724808,0.22545219638242897,"list(list(c(-96.812034, -96.80696, -96.807142, -96.80772, -96.808162, -96.810669, -96.80972, -96.812457, -96.812034, 32.823195, 32.823171, 32.818123, 32.817568, 32.817289, 32.819463, 32.820224, 32.822804, 32.823195)))"
481130136291,0.27356446370530874,0.25775193798449614,"list(list(c(-96.81443, -96.812539, -96.810312, -96.809394, -96.809812, -96.811993, -96.812442, -96.814031, -96.81443, 32.943094, 32.943275, 32.943295, 32.943067, 32.941282, 32.941288, 32.939411, 32.939414, 32.943094)))"
481130166303,0.24252437703141927,0.21705426356589153,"list(list(c(-96.925274, -96.916911, -96.908355, -96.90833, -96.910881, -96.914478, -96.916666, -96.917573, -96.92532, -96.925274, 32.604449, 32.604372, 32.60434, 32.600391, 32.601581, 32.601089, 32.600212, 32.601049, 32.601197, 32.604449)))"
481130078282,0.17757313109425787,0.1705426356589147,"list(list(c(-96.759677, -96.757123, -96.754333, -96.752649, -96.750461, -96.749267, -96.750249, -96.750153, -96.750062, -96.745937, -96.746977, -96.758638, -96.760794, -96.759677, 32.910148, 32.912982, 32.916164, 32.917827, 32.916325, 32.91467, 32.914187, 32.913777, 32.912008, 32.911913, 32.909245, 32.909299, 32.909312, 32.910148)))"
481130138072,0.5665763813651137,0.4870801033591732,"list(list(c(-96.873256, -96.873225, -96.873193, -96.871182, -96.868056, -96.866178, -96.862962, -96.862968, -96.86451, -96.867192, -96.86733, -96.868369, -96.868385, -96.871745, -96.873311, -96.873256, 32.931334, 32.934109, 32.938906, 32.939118, 32.935809, 32.932519, 32.932159, 32.931151, 32.931188, 32.931178, 32.928172, 32.926043, 32.924332, 32.9244, 32.924418, 32.931334)))"
481130164172,0.39756229685807154,0.36757105943152457,"list(list(c(-97.021599, -97.019642, -97.015308, -97.015069, -97.014172, -97.01548, -97.021454, -97.021031, -97.021022, -97.021259, -97.021599, 32.657946, 32.658329, 32.65835, 32.655761, 32.643833, 32.643853, 32.645422, 32.646713, 32.655895, 32.656692, 32.657946)))"
481130004103,0.9150054171180931,0.9108527131782945,"list(list(c(-96.877075, -96.876305, -96.871361, -96.869015, -96.864828, -96.859658, -96.857355, -96.855192, -96.855004, -96.854108, -96.853296, -96.850604, -96.850961, -96.853121, -96.85568, -96.857726, -96.859755, -96.858723, -96.860227, -96.861111, -96.864457, -96.866069, -96.86907, -96.864482, -96.853157, -96.855788, -96.860426, -96.874635, -96.875839, -96.876825, -96.877361, -96.877075, 32.850893, 32.852114, 32.856163, 32.855195, 32.855945, 32.859572, 32.86036, 32.860971, 32.861026, 32.860089, 
32.859672, 32.858822, 32.858638, 32.859356, 32.858997, 32.858081, 32.855477, 32.854996, 32.85304, 32.85378, 32.851791, 32.848495, 32.845761, 32.844043, 32.838839, 32.836762, 32.833112, 32.845153, 32.84652, 32.848039, 32.849345, 32.850893)))"
481130099003,0.44837486457204767,0.3972868217054264,"list(list(c(-96.931272, -96.931073, -96.930824, -96.91977, -96.900535, -96.900197, -96.89903, -96.898259, -96.898111, -96.898146, -96.885468, -96.883629, -96.883566, -96.880307, -96.879289, -96.878758, -96.878059, -96.877767, -96.879129, -96.880749, -96.880691, -96.88092, -96.881544, -96.882274, -96.882885, -96.883217, -96.883687, -96.884192, -96.885245, -96.887882, -96.893201, -96.893663, -96.895362, -96.898553, -96.897885, -96.897941, -96.89859, -96.899371, -96.90032, -96.901094, -96.901894, -96.903099, 
-96.903555, -96.903492, -96.904048, -96.905633, -96.906172, -96.908479, -96.911774, -96.912468, -96.913717, -96.914751, -96.916447, -96.916953, -96.919342, -96.923175, -96.924794, -96.925222, -96.922435, -96.922261, -96.925297, -96.92429, -96.926201, -96.92703, -96.924975, -96.923946, -96.923542, -96.92346, -96.923604, -96.923842, -96.924191, -96.925019, -96.926978, -96.931239, -96.931272, 32.8733, 32.873728, 32.873664, 32.871178, 32.864776, 32.864666, 32.867305, 32.873894, 32.875314, 32.881152, 
32.881245, 32.881138, 32.880934, 32.870427, 32.8664, 32.863339, 32.859809, 32.858362, 32.858368, 32.858331, 32.85804, 32.858005, 32.857914, 32.857588, 32.85719, 32.856858, 32.85598, 32.855227, 32.85409, 32.851694, 32.847803, 32.849738, 32.85092, 32.850549, 32.85201, 32.852463, 32.853318, 32.853658, 32.853491, 32.852352, 32.852185, 32.85262, 32.853081, 32.853752, 32.854188, 32.853856, 32.853995, 32.856088, 32.855762, 32.857906, 32.857942, 32.856056, 32.856091, 32.858494, 32.857413, 32.858172, 32.858539, 
32.859423, 32.860714, 32.861993, 32.863387, 32.865772, 32.865333, 32.866552, 32.868151, 32.868696, 32.869145, 32.86959, 32.870179, 32.870632, 32.870886, 32.870913, 32.869351, 32.870776, 32.8733)))"
481130141572,0.20346695557963168,0.2215762273901809,"list(list(c(-96.993615, -96.991662, -96.987163, -96.985781, -96.98257, -96.97913, -96.976677, -96.972192, -96.969215, -96.968225, -96.968223, -96.966258, -96.969978, -96.970065, -96.968987, -96.967569, -96.967613, -96.967652, -96.967707, -96.968213, -96.972502, -96.972581, -96.97408, -96.97625, -96.991441, -96.993461, -96.99363, -96.993615, 32.947716, 32.947708, 32.94803, 32.948863, 32.952522, 32.953873, 32.954782, 32.955322, 32.954679, 32.954378, 32.953947, 32.952709, 32.952212, 32.949155, 32.947526, 
32.947477, 32.939689, 32.927321, 32.925344, 32.925331, 32.92544, 32.927331, 32.930408, 32.932055, 32.939979, 32.939946, 32.939946, 32.947716)))"
481130143131,0.17946912242686885,0.1763565891472868,"list(list(c(-96.96318, -96.959347, -96.955429, -96.952998, -96.947441, -96.946459, -96.945674, -96.943564, -96.949609, -96.950653, -96.950995, -96.95194, -96.956851, -96.957783, -96.959064, -96.959125, -96.959774, -96.960221, -96.959901, -96.958908, -96.959137, -96.96298, -96.96318, 32.877034, 32.877312, 32.8772, 32.879436, 32.879624, 32.877015, 32.871179, 32.868029, 32.864554, 32.86346, 32.861687, 32.861538, 32.858521, 32.859034, 32.859088, 32.859847, 32.861171, 32.862153, 32.86842, 32.870123, 32.87276, 
32.87595, 32.877034)))"
481130141592,0.21197183098591554,0.2616279069767442,"list(list(c(-96.99273, -96.990512, -96.983712, -96.981756, -96.962607, -96.955948, -96.95722, -96.964206, -96.972129, -96.97378, -96.974703, -96.975047, -96.975042, -96.972085, -96.973682, -96.985239, -96.986602, -96.990969, -96.991141, -96.991122, -96.991142, -96.991259, -96.991436, -96.99273, 32.905816, 32.904482, 32.901754, 32.900939, 32.890462, 32.886805, 32.885323, 32.88506, 32.885036, 32.884424, 32.88348, 32.882599, 32.881625, 32.877665, 32.877699, 32.887541, 32.888694, 32.892587, 32.892725, 
32.897139, 32.901049, 32.901772, 32.902545, 32.905816)))"
481130141482,0.24431202600216684,0.2222222222222222,"list(list(c(-97.021916, -97.021925, -97.021563, -97.016263, -97.015561, -97.016493, -97.01669, -97.022123, -97.021916, 32.838971, 32.847698, 32.853191, 32.853178, 32.852978, 32.849632, 32.837108, 32.837136, 32.838971)))"
481130141611,0.5556879739978331,0.46963824289405687,"list(list(c(-97.020797, -97.020327, -97.019913, -97.01523, -97.013447, -97.013926, -97.010891, -97.014101, -97.021289, -97.020797, 32.859706, 32.860862, 32.861543, 32.867274, 32.866855, 32.86289, 32.860092, 32.856977, 32.856918, 32.859706)))"
481130141612,0.35325027085590466,0.31459948320413433,"list(list(c(-97.014101, -97.010891, -97.013926, -97.013447, -97.005088, -96.999083, -96.99971, -97.006096, -97.007462, -97.007909, -97.01305, -97.014101, 32.856977, 32.860092, 32.86289, 32.866855, 32.866276, 32.865408, 32.864455, 32.861185, 32.860202, 32.856966, 32.856963, 32.856977)))"
481130141481,0.8180390032502709,0.7448320413436693,"list(list(c(-97.016493, -97.015561, -97.013691, -97.008024, -97.008048, -97.008114, -97.009364, -97.009553, -97.01669, -97.016493, 32.849632, 32.852978, 32.852356, 32.852894, 32.851439, 32.847887, 32.843555, 32.837103, 32.837108, 32.849632)))"
481130145012,0.7557421451787649,0.6498708010335917,"list(list(c(-96.976449, -96.96983, -96.963991, -96.963994, -96.966485, -96.968617, -96.970262, -96.976442, -96.976449, 32.828992, 32.828916, 32.82882, 32.822387, 32.822395, 32.825481, 32.826383, 32.82853, 32.828992)))"
481130142081,0.013217768147345654,0.01033591731266148,"list(list(c(-96.941893, -96.940852, -96.939915, -96.938188, -96.933318, -96.932713, -96.928385, -96.927377, -96.9315, -96.932785, -96.93595, -96.943564, -96.941893, 32.86911, 32.869522, 32.867911, 32.866661, 32.861174, 32.860979, 32.861248, 32.859817, 32.859216, 32.857971, 32.860256, 32.868029, 32.86911)))"
481130149031,0.8350487540628386,0.751937984496124,"list(list(c(-96.949933, -96.942429, -96.934345, -96.925634, -96.923115, -96.921814, -96.921659, -96.92165, -96.925626, -96.925641, -96.928801, -96.929947, -96.94032, -96.946958, -96.949944, -96.949933, 32.814931, 32.81472, 32.81461, 32.814526, 32.814526, 32.814434, 32.809733, 32.808424, 32.808469, 32.807854, 32.808566, 32.808563, 32.808619, 32.808596, 32.808594, 32.814931)))"
481130152072,0.5931202600216685,0.47545219638242897,"list(list(c(-96.97698, -96.973239, -96.970852, -96.968474, -96.963659, -96.962046, -96.959192, -96.959253, -96.961749, -96.96783, -96.969615, -96.977067, -96.97698, 32.800387, 32.800573, 32.801304, 32.801881, 32.801845, 32.801115, 32.80115, 32.796565, 32.796934, 32.796934, 32.796348, 32.796629, 32.800387)))"
481130150011,0.8301733477789816,0.7558139534883721,"list(list(c(-96.946958, -96.94032, -96.929947, -96.929882, -96.934618, -96.946876, -96.946958, 32.808596, 32.808619, 32.808563, 32.800958, 32.800977, 32.80124, 32.808596)))"
481130192152,0.36224268689057426,0.35012919896640826,"list(list(c(-96.768983, -96.768942, -96.762333, -96.762104, -96.760681, -96.760725, -96.760723, -96.767505, -96.768988, -96.768983, 32.950985, 32.962237, 32.962338, 32.95935, 32.956894, 32.951279, 32.951137, 32.951096, 32.950845, 32.950985)))"
481130192142,0.7658179848320693,0.7151162790697674,"list(list(c(-96.769021, -96.76128, -96.757418, -96.757402, -96.759437, -96.760603, -96.761165, -96.763978, -96.764054, -96.762949, -96.763549, -96.765957, -96.769008, -96.769025, -96.769021, 32.946548, 32.946857, 32.947685, 32.939979, 32.939985, 32.939949, 32.939884, 32.939835, 32.942873, 32.943914, 32.944895, 32.945129, 32.944802, 32.945847, 32.946548)))"
481130166341,0.6094799566630553,0.477390180878553,"list(list(c(-96.865569, -96.865532, -96.862151, -96.86034, -96.857129, -96.840122, -96.835646, -96.82933, -96.823324, -96.823303, -96.831588, -96.835521, -96.865684, -96.865569, 32.63597, 32.647441, 32.647492, 32.646736, 32.645956, 32.642966, 32.642334, 32.642266, 32.642285, 32.633231, 32.633195, 32.63319, 32.633083, 32.63597)))"
481130165352,0.7722101841820151,0.6705426356589148,"list(list(c(-96.925634, -96.919225, -96.908536, -96.908454, -96.917096, -96.923008, -96.925824, -96.925634, 32.669731, 32.667535, 32.665388, 32.661824, 32.661717, 32.661721, 32.66234, 32.669731)))"
481130100031,0.36560130010834235,0.3242894056847545,"list(list(c(-96.825069, -96.818662, -96.817233, -96.816226, -96.815612, -96.814858, -96.815024, -96.814072, -96.81024, -96.811424, -96.811913, -96.818496, -96.819093, -96.823015, -96.825069, 32.789682, 32.798522, 32.800528, 32.799194, 32.798788, 32.7984, 32.797107, 32.794883, 32.782648, 32.782411, 32.782324, 32.781325, 32.781129, 32.786661, 32.789682)))"
481130165163,0.9642470205850487,0.9257105943152455,"list(list(c(-96.902134, -96.90153, -96.9008, -96.891414, -96.891426, -96.891413, -96.891415, -96.899343, -96.899676, -96.902233, -96.902134, 32.655293, 32.656246, 32.661878, 32.661913, 32.660185, 32.654727, 32.654093, 32.653875, 32.6526, 32.652588, 32.655293)))"
481130167083,0.20687973997833153,0.1873385012919897,"list(list(c(-96.805779, -96.800552, -96.791507, -96.789664, -96.785749, -96.788636, -96.78761, -96.790913, -96.791952, -96.795811, -96.796743, -96.805761, -96.805779, 32.630136, 32.630229, 32.634659, 32.635549, 32.629918, 32.628503, 32.626997, 32.625366, 32.626891, 32.624981, 32.625962, 32.62621, 32.630136)))"
481130164202,0.9271939328277357,0.9192506459948321,"list(list(c(-97.015665, -97.012213, -97.009547, -97.003116, -97.003614, -97.004679, -97.008806, -97.00943, -97.012836, -97.01401, -97.015405, -97.015665, 32.692041, 32.691591, 32.689265, 32.689242, 32.686191, 32.685315, 32.684717, 32.684103, 32.685789, 32.686825, 32.689734, 32.692041)))"
481130178202,0.2847237269772481,0.2609819121447028,"list(list(c(-96.654987, -96.652372, -96.646563, -96.64494, -96.643764, -96.638313, -96.642604, -96.645629, -96.654709, -96.654987, 32.810052, 32.811273, 32.813996, 32.814555, 32.812918, 32.808241, 32.804304, 32.802149, 32.809818, 32.810052)))"
481130210001,0.9544962080173348,0.9567183462532299,"list(list(c(-96.812696, -96.809754, -96.808906, -96.80898, -96.809695, -96.809402, -96.806479, -96.804033, -96.798071, -96.791491, -96.794145, -96.797524, -96.799498, -96.810303, -96.812478, -96.812691, -96.812696, 32.744838, 32.74754, 32.751219, 32.755249, 32.758768, 32.759326, 32.762944, 32.761587, 32.756984, 32.753273, 32.750479, 32.74851, 32.74756, 32.742577, 32.741093, 32.741745, 32.744838)))"
481130081012,0.3905200433369448,0.3695090439276486,"list(list(c(-96.723844, -96.722177, -96.719777, -96.715452, -96.713055, -96.709671, -96.706172, -96.704539, -96.702372, -96.706861, -96.709344, -96.709316, -96.711296, -96.712526, -96.714254, -96.716886, -96.717539, -96.717459, -96.715235, -96.715575, -96.718328, -96.720468, -96.719732, -96.718637, -96.72168, -96.723848, -96.723844, 32.814943, 32.823827, 32.834428, 32.834266, 32.834587, 32.836263, 32.838455, 32.835715, 32.833729, 32.829979, 32.832643, 32.83352, 32.83394, 32.832721, 32.832031, 32.831786, 
32.831144, 32.829385, 32.828638, 32.826455, 32.823595, 32.822442, 32.819118, 32.818565, 32.815641, 32.814813, 32.814943)))"
481130190511,0.16901408450704225,0.20671834625322993,"list(list(c(-96.630067, -96.622476, -96.620174, -96.620059, -96.619548, -96.613004, -96.612662, -96.607231, -96.61024, -96.615717, -96.617802, -96.618232, -96.620434, -96.623497, -96.626615, -96.627386, -96.631164, -96.630067, 32.957062, 32.963417, 32.96549, 32.968154, 32.968285, 32.973868, 32.97348, 32.968815, 32.966141, 32.958393, 32.955353, 32.952309, 32.947494, 32.950135, 32.952833, 32.953476, 32.95572, 32.957062)))"
481130190403,0.28483206933911154,0.2661498708010336,"list(list(c(-96.740312, -96.735372, -96.735329, -96.731624, -96.725636, -96.725655, -96.727873, -96.732806, -96.736229, -96.736392, -96.735939, -96.737641, -96.738795, -96.740406, -96.740312, 32.923283, 32.935108, 32.93522, 32.934799, 32.935049, 32.933149, 32.933152, 32.933197, 32.925463, 32.925119, 32.92387, 32.923211, 32.923107, 32.923074, 32.923283)))"
481130012022,0.3899241603466955,0.3171834625322998,"list(list(c(-96.747373, -96.743605, -96.742764, -96.738348, -96.734154, -96.733307, -96.731833, -96.727923, -96.728879, -96.727413, -96.725816, -96.725, -96.726051, -96.725211, -96.726726, -96.727604, -96.726053, -96.726605, -96.728648, -96.729142, -96.729178, -96.730823, -96.737389, -96.746472, -96.74999, -96.747373, 32.793729, 32.797354, 32.797952, 32.80202, 32.805391, 32.8065, 32.808839, 32.805883, 32.804288, 32.80425, 32.804378, 32.803645, 32.803131, 32.801088, 32.800741, 32.79874, 32.798505, 
32.79663, 32.796812, 32.792958, 32.792111, 32.791756, 32.791776, 32.791497, 32.791348, 32.793729)))"
481130166163,0.7344528710725894,0.6621447028423773,"list(list(c(-96.950528, -96.949158, -96.942402, -96.942382, -96.935034, -96.932723, -96.925407, -96.925356, -96.925417, -96.92552, -96.928339, -96.929824, -96.929882, -96.932179, -96.932235, -96.934002, -96.936269, -96.939013, -96.940848, -96.942195, -96.944485, -96.946349, -96.948217, -96.948196, -96.949795, -96.950528, 32.56919, 32.571529, 32.571669, 32.568632, 32.568388, 32.568103, 32.568075, 32.551068, 32.547666, 32.547666, 32.547678, 32.548284, 32.549484, 32.551436, 32.552247, 32.553981, 32.553786, 
32.556708, 32.557833, 32.559282, 32.559891, 32.562655, 32.564724, 32.565933, 32.567189, 32.56919)))"
481130078342,0.5657638136511376,0.47997416020671835,"list(list(c(-96.725862, -96.723986, -96.722365, -96.717717, -96.71601, -96.713715, -96.717887, -96.7179, -96.719108, -96.719934, -96.725039, -96.725862, 32.900854, 32.901111, 32.903365, 32.900582, 32.899473, 32.897427, 32.896138, 32.896907, 32.898622, 32.899397, 32.900087, 32.900854)))"
481130181511,0.45644637053087755,0.42248062015503873,"list(list(c(-96.605906, -96.603318, -96.602726, -96.599162, -96.601604, -96.603022, -96.6047, -96.608315, -96.605906, 32.94688, 32.944958, 32.942683, 32.939802, 32.937984, 32.937581, 32.939287, 32.943928, 32.94688)))"
481130181522,0.7162513542795232,0.6136950904392765,"list(list(c(-96.620642, -96.620434, -96.618232, -96.617802, -96.615717, -96.612788, -96.609404, -96.607785, -96.607707, -96.609453, -96.608315, -96.6047, -96.603022, -96.605558, -96.60684, -96.608327, -96.612575, -96.614782, -96.614863, -96.6148, -96.612789, -96.61714, -96.619058, -96.619683, -96.623094, -96.620642, 32.947037, 32.947494, 32.952309, 32.955353, 32.958393, 32.956337, 32.954708, 32.953108, 32.951595, 32.948705, 32.943928, 32.939287, 32.937581, 32.935837, 32.935569, 32.935053, 32.931478, 
32.933364, 32.934314, 32.938288, 32.940942, 32.944678, 32.942992, 32.939452, 32.939439, 32.947037)))"
481130198002,0.3276814734561213,0.29844961240310075,"list(list(c(-96.816876, -96.816106, -96.812835, -96.811613, -96.807409, -96.804883, -96.803143, -96.802347, -96.804393, -96.804383, -96.80439, -96.804513, -96.806866, -96.80696, -96.812034, -96.812457, -96.812518, -96.812669, -96.813536, -96.814666, -96.816765, -96.816889, -96.816876, 32.821788, 32.826765, 32.826669, 32.826783, 32.82694, 32.82614, 32.824464, 32.822671, 32.822688, 32.822774, 32.823173, 32.823175, 32.823162, 32.823171, 32.823195, 32.822804, 32.822738, 32.822603, 32.821035, 32.819834, 
32.821592, 32.821696, 32.821788)))"
481130181052,0.62795232936078,0.5691214470284238,"list(list(c(-96.630845, -96.62889, -96.628436, -96.624572, -96.621635, -96.621617, -96.613736, -96.613476, -96.613094, -96.612187, -96.611906, -96.613755, -96.615764, -96.617551, -96.618466, -96.620998, -96.630265, -96.630845, 32.912072, 32.913248, 32.916616, 32.914648, 32.914454, 32.922128, 32.922106, 32.913063, 32.912534, 32.911319, 32.910779, 32.91078, 32.910065, 32.908527, 32.908171, 32.908114, 32.912166, 32.912072)))"
481130008021,0.1505417118093174,0.14341085271317833,"list(list(c(-96.792829, -96.78961, -96.789068, -96.787065, -96.788663, -96.788618, -96.787025, -96.784104, -96.786266, -96.789799, -96.792234, -96.793339, -96.792829, 32.80916, 32.81559, 32.815438, 32.815118, 32.812712, 32.812673, 32.812192, 32.809652, 32.80789, 32.805047, 32.807164, 32.807423, 32.80916)))"
481130128022,0.6277898158179849,0.5239018087855297,"list(list(c(-96.699437, -96.695697, -96.693645, -96.691352, -96.685929, -96.683179, -96.683141, -96.683159, -96.685113, -96.686703, -96.689958, -96.690989, -96.694209, -96.695727, -96.699437, 32.850817, 32.851391, 32.850734, 32.851844, 32.847108, 32.849362, 32.849216, 32.84692, 32.843001, 32.840163, 32.842256, 32.842981, 32.84571, 32.846959, 32.850817)))"
481130183003,0.8788732394366197,0.810077519379845,"list(list(c(-96.636355, -96.631032, -96.631056, -96.630953, -96.630747, -96.630875, -96.633265, -96.633954, -96.635455, -96.636355, 32.894419, 32.894355, 32.889746, 32.888019, 32.887368, 32.8789, 32.878864, 32.883201, 32.885281, 32.894419)))"
481130006082,0.3765438786565547,0.33656330749354,"list(list(c(-96.813536, -96.812669, -96.812518, -96.812457, -96.80972, -96.810669, -96.808162, -96.809979, -96.814666, -96.813536, 32.821035, 32.822603, 32.822738, 32.822804, 32.820224, 32.819463, 32.817289, 32.815785, 32.819834, 32.821035)))"
481130165241,0.30157096424702057,0.26937984496124034,"list(list(c(-97.00441, -97.003472, -97.001604, -97.001074, -97.001731, -97.000036, -96.994817, -96.99271, -96.992839, -96.988689, -96.983846, -96.980496, -96.978772, -96.978451, -96.975763, -96.975872, -96.966665, -96.968732, -96.970178, -96.975018, -96.975811, -96.976487, -96.98214, -96.986725, -96.989213, -96.992875, -96.995981, -96.997998, -96.999723, -97.001157, -97.003301, -97.004385, -97.00441, 32.568485, 32.570619, 32.572965, 32.575778, 32.577636, 32.578498, 32.580413, 32.575764, 32.573501, 
32.572981, 32.573276, 32.575259, 32.575597, 32.573845, 32.573633, 32.569364, 32.569201, 32.565264, 32.561268, 32.552531, 32.550843, 32.548014, 32.548091, 32.550625, 32.551381, 32.551624, 32.552937, 32.555271, 32.560358, 32.562751, 32.564705, 32.567064, 32.568485)))"
481130126042,0.8395449620801734,0.7693798449612403,"list(list(c(-96.64472, -96.64317, -96.643058, -96.642738, -96.636173, -96.6349, -96.634854, -96.635868, -96.636015, -96.636392, -96.639253, -96.641311, -96.643247, -96.64472, 32.849544, 32.850846, 32.850957, 32.851275, 32.845506, 32.843857, 32.843785, 32.842925, 32.843069, 32.843421, 32.845873, 32.847636, 32.848305, 32.849544)))"
481130108071,0.5513001083423619,0.4534883720930233,"list(list(c(-96.903933, -96.9028, -96.891324, -96.887141, -96.88713, -96.891157, -96.891469, -96.891469, -96.891476, -96.891544, -96.891539, -96.891986, -96.893361, -96.903835, -96.903933, 32.705849, 32.705827, 32.705833, 32.705803, 32.700259, 32.700198, 32.697256, 32.695543, 32.693386, 32.69165, 32.691459, 32.691794, 32.693415, 32.705714, 32.705849)))"
481130140012,0.03862405200433372,0.0452196382428941,"list(list(c(-96.881637, -96.881548, -96.873311, -96.873302, -96.873301, -96.8733, -96.881551, -96.881655, -96.881637, 32.9152, 32.924517, 32.924418, 32.923513, 32.913726, 32.913074, 32.9112, 32.913677, 32.9152)))"
481130091012,0.38114842903575297,0.34948320413436695,"list(list(c(-96.719436, -96.716563, -96.714931, -96.711645, -96.709312, -96.705094, -96.700572, -96.700756, -96.699195, -96.699919, -96.694452, -96.691574, -96.691623, -96.691772, -96.700284, -96.704211, -96.703846, -96.703759, -96.704284, -96.706165, -96.715075, -96.719463, -96.719436, 32.765751, 32.765574, 32.765158, 32.763485, 32.763282, 32.763161, 32.76336, 32.761446, 32.760325, 32.757841, 32.756448, 32.754714, 32.749453, 32.748966, 32.749007, 32.749152, 32.750621, 32.755587, 32.757824, 32.759552, 
32.764884, 32.76558, 32.765751)))"
481130091041,0.7374322860238354,0.7034883720930232,"list(list(c(-96.700284, -96.691772, -96.692027, -96.691827, -96.69388, -96.700076, -96.700042, -96.700284, 32.749007, 32.748966, 32.742822, 32.742252, 32.741518, 32.741486, 32.748354, 32.749007)))"
481130093041,0.9234019501625136,0.8979328165374677,"list(list(c(-96.700313, -96.700312, -96.70029, -96.696632, -96.688363, -96.685752, -96.682907, -96.683083, -96.684088, -96.684263, -96.686888, -96.690175, -96.693039, -96.69292, -96.692419, -96.694098, -96.700313, -96.700313, 32.722335, 32.723965, 32.726869, 32.724974, 32.720574, 32.719007, 32.716872, 32.713459, 32.712552, 32.712484, 32.712147, 32.712561, 32.713085, 32.7177, 32.718652, 32.719718, 32.719774, 32.722335)))"
481130093042,0.9680931744312026,0.9425064599483204,"list(list(c(-96.700313, -96.694098, -96.692419, -96.69292, -96.693039, -96.70019, -96.700313, 32.719774, 32.719718, 32.718652, 32.7177, 32.713085, 32.713199, 32.719774)))"
481130124004,0.47107258938244856,0.4470284237726099,"list(list(c(-96.686703, -96.682207, -96.677803, -96.678077, -96.681134, -96.68339, -96.68618, -96.690533, -96.686703, 32.840163, 32.838371, 32.834771, 32.834328, 32.83173, 32.831857, 32.829519, 32.833269, 32.840163)))"
481130126012,0.583044420368364,0.49806201550387597,"list(list(c(-96.665917, -96.662138, -96.65908, -96.658838, -96.656059, -96.654966, -96.659251, -96.664759, -96.66553, -96.665809, -96.665948, -96.665917, 32.85241, 32.85148, 32.852317, 32.851498, 32.851385, 32.85081, 32.847157, 32.842472, 32.843062, 32.843487, 32.850648, 32.85241)))"
481130127022,0.4641386782231852,0.3908268733850129,"list(list(c(-96.685113, -96.683154, -96.677293, -96.678112, -96.678197, -96.67305, -96.671584, -96.672464, -96.673348, -96.677803, -96.682207, -96.686703, -96.685113, 32.843001, 32.843175, 32.843095, 32.842945, 32.839408, 32.839367, 32.836665, 32.835818, 32.834749, 32.834771, 32.838371, 32.840163, 32.843001)))"
481130129003,0.04599133261105093,0.05878552971576223,"list(list(c(-96.710569, -96.710294, -96.709839, -96.705863, -96.703239, -96.702362, -96.710115, -96.716381, -96.710569, 32.857391, 32.857908, 32.860675, 32.858347, 32.856009, 32.854318, 32.84789, 32.853076, 32.857391)))"
481130130052,0.036511375947995695,0.043927648578811374,"list(list(c(-96.708612, -96.708459, -96.700546, -96.700138, -96.700222, -96.709047, -96.708612, 32.872362, 32.878932, 32.878858, 32.875203, 32.871652, 32.87166, 32.872362)))"
481130130072,0.861863488624052,0.7900516795865633,"list(list(c(-96.700519, -96.700222, -96.700138, -96.700546, -96.69428, -96.694262, -96.69398, -96.693844, -96.693836, -96.692987, -96.692947, -96.699109, -96.700553, -96.700519, 32.87058, 32.871652, 32.875203, 32.878858, 32.878687, 32.876206, 32.875511, 32.874177, 32.870683, 32.867317, 32.864193, 32.864164, 32.864172, 32.87058)))"
481130130091,0.7332069339111593,0.6369509043927648,"list(list(c(-96.71791, -96.717887, -96.713715, -96.71293, -96.71159, -96.708434, -96.705312, -96.70047, -96.700461, -96.701264, -96.703333, -96.704322, -96.709163, -96.709192, -96.711527, -96.711978, -96.717922, -96.71791, 32.893017, 32.896138, 32.897427, 32.896576, 32.894615, 32.890645, 32.888328, 32.885888, 32.884529, 32.884641, 32.885799, 32.886194, 32.886142, 32.889597, 32.892066, 32.892339, 32.892528, 32.893017)))"
481130171022,0.669284940411701,0.5729974160206719,"list(list(c(-96.676714, -96.671955, -96.657164, -96.657211, -96.657267, -96.653891, -96.652446, -96.662734, -96.666825, -96.667684, -96.669059, -96.67195, -96.672461, -96.672225, -96.671684, -96.671171, -96.672859, -96.67628, -96.676714, 32.679387, 32.67991, 32.683074, 32.681354, 32.676088, 32.672816, 32.668475, 32.659665, 32.663153, 32.662991, 32.664153, 32.666646, 32.667002, 32.667636, 32.668992, 32.67069, 32.675868, 32.678973, 32.679387)))"
481130178051,NA,NA,"list(list(c(-96.668432, -96.655922, -96.65579, -96.655689, -96.655254, -96.646139, -96.645712, -96.643983, -96.639704, -96.630617, -96.629957, -96.628445, -96.628914, -96.632469, -96.646612, -96.649922, -96.659959, -96.66145, -96.663077, -96.665339, -96.665372, -96.665616, -96.666059, -96.667992, -96.668587, -96.668432, 32.792232, 32.792182, 32.792235, 32.790237, 32.789561, 32.78174, 32.781025, 32.781233, 32.780341, 32.778471, 32.778095, 32.775438, 32.773749, 32.774651, 32.777051, 32.777538, 32.776663, 
32.777918, 32.777967, 32.777999, 32.779581, 32.780532, 32.781312, 32.783323, 32.784998, 32.792232)))"
481130181331,0.7405742145178764,0.6052971576227391,"list(list(c(-96.569255, -96.556328, -96.542991, -96.541047, -96.539997, -96.538707, -96.537517, -96.535427, -96.53426, -96.534837, -96.534892, -96.535905, -96.536914, -96.540336, -96.540763, -96.542875, -96.556699, -96.557835, -96.56119, -96.569437, -96.569255, 32.907479, 32.907702, 32.907807, 32.9078, 32.907794, 32.907597, 32.905273, 32.90503, 32.903173, 32.901176, 32.89802, 32.895881, 32.891657, 32.891678, 32.891678, 32.891696, 32.89185, 32.892159, 32.89369, 32.893857, 32.907479)))"
481130190202,0.27286023835319606,0.27519379844961245,"list(list(c(-96.682374, -96.676765, -96.673005, -96.67174, -96.668381, -96.665276, -96.665233, -96.665164, -96.664883, -96.665309, -96.667386, -96.668665, -96.670547, -96.672532, -96.673731, -96.676104, -96.677414, -96.679314, -96.679892, -96.682231, -96.682374, 32.945334, 32.945039, 32.941611, 32.94235, 32.941099, 32.941259, 32.938823, 32.932043, 32.930881, 32.930895, 32.934202, 32.934905, 32.936954, 32.93831, 32.938505, 32.94015, 32.941789, 32.942432, 32.943607, 32.944185, 32.945334)))"
481130174003,0.5310942578548212,0.460594315245478,"list(list(c(-96.599149, -96.597203, -96.594132, -96.588188, -96.588294, -96.586572, -96.586987, -96.590505, -96.591208, -96.592699, -96.596593, -96.597197, -96.5986, -96.598729, -96.599248, -96.599149, 32.767512, 32.767315, 32.767032, 32.766467, 32.761085, 32.760588, 32.757113, 32.753693, 32.752147, 32.754728, 32.754941, 32.755907, 32.758232, 32.764122, 32.76609, 32.767512)))"
481130176021,0.826489707475623,0.7764857881136951,"list(list(c(-96.650101, -96.646717, -96.634414, -96.629878, -96.624621, -96.628913, -96.629703, -96.644006, -96.644163, -96.647538, -96.650101, 32.768282, 32.76831, 32.768278, 32.768059, 32.767854, 32.766973, 32.766741, 32.762375, 32.763089, 32.766132, 32.768282)))"
481130177042,0.6865113759479957,0.545219638242894,"list(list(c(-96.624477, -96.623428, -96.618352, -96.61381, -96.60515, -96.600309, -96.599244, -96.599102, -96.599149, -96.605619, -96.61273, -96.620418, -96.623418, -96.624161, -96.624477, 32.781188, 32.780265, 32.775976, 32.77211, 32.775394, 32.775374, 32.77552, 32.770713, 32.767512, 32.768104, 32.768895, 32.770713, 32.771918, 32.774733, 32.781188)))"
481130178053,0.11538461538461542,0.1253229974160207,"list(list(c(-96.63874, -96.635071, -96.634036, -96.633112, -96.634057, -96.625289, -96.624708, -96.624477, -96.624161, -96.623418, -96.625971, -96.628725, -96.628914, -96.628445, -96.629957, -96.630617, -96.639704, -96.63874, 32.783133, 32.786302, 32.787891, 32.788926, 32.792304, 32.792462, 32.788368, 32.781188, 32.774733, 32.771918, 32.772906, 32.773703, 32.773749, 32.775438, 32.778095, 32.778471, 32.780341, 32.783133)))"
481130181352,0.16240520043336948,0.19056847545219635,"list(list(c(-96.531437, -96.518273, -96.518256, -96.51825, -96.518304, -96.52358, -96.526866, -96.531228, -96.531437, 32.891637, 32.891534, 32.890309, 32.889491, 32.881009, 32.881261, 32.883377, 32.887773, 32.891637)))"
481130048001,0.9574756229685807,0.962532299741602,"list(list(c(-96.823862, -96.823426, -96.82281, -96.822203, -96.815627, -96.815627, -96.815633, -96.809883, -96.808906, -96.809754, -96.812696, -96.812691, -96.812478, -96.813633, -96.822205, -96.822506, -96.824337, -96.823862, 32.734453, 32.739035, 32.739803, 32.740253, 32.743651, 32.74423, 32.751209, 32.751213, 32.751219, 32.74754, 32.744838, 32.741745, 32.741093, 32.740122, 32.733209, 32.733075, 32.732815, 32.734453)))"
481130057001,0.7615926327193933,0.6266149870801034,"list(list(c(-96.802574, -96.796043, -96.794376, -96.789961, -96.796661, -96.797145, -96.802574, 32.693351, 32.696365, 32.696841, 32.68629, 32.684471, 32.685502, 32.693351)))"
481130057003,0.955092091007584,0.9308785529715762,"list(list(c(-96.807513, -96.799375, -96.800385, -96.795163, -96.794034, -96.795778, -96.79639, -96.793223, -96.795, -96.792781, -96.794376, -96.796043, -96.802574, -96.803603, -96.804339, -96.805997, -96.807513, 32.700736, 32.704673, 32.706183, 32.708675, 32.707006, 32.706159, 32.706054, 32.701301, 32.700471, 32.697184, 32.696841, 32.696365, 32.693351, 32.694871, 32.698482, 32.698104, 32.700736)))"
481130106011,0.8854279523293608,0.8837209302325582,"list(list(c(-96.913245, -96.910327, -96.908259, -96.908191, -96.906832, -96.906823, -96.895839, -96.895929, -96.892815, -96.89217, -96.891084, -96.888172, -96.886577, -96.883504, -96.882553, -96.882238, -96.882566, -96.882559, -96.890864, -96.89493, -96.90561, -96.906873, -96.912008, -96.913245, 32.780825, 32.782142, 32.782161, 32.785023, 32.785035, 32.788739, 32.788908, 32.787244, 32.789417, 32.790087, 32.790566, 32.790948, 32.791567, 32.790948, 32.79008, 32.789838, 32.788766, 32.778911, 32.778886, 
32.778454, 32.778621, 32.778532, 32.778564, 32.780825)))"
481130105001,0.8932827735644637,0.8798449612403101,"list(list(c(-96.891098, -96.886594, -96.882544, -96.873751, -96.873781, -96.87634, -96.878243, -96.882238, -96.882553, -96.883504, -96.886577, -96.888172, -96.891084, -96.891098, 32.792747, 32.792744, 32.792737, 32.792651, 32.786884, 32.786664, 32.790005, 32.789838, 32.79008, 32.790948, 32.791567, 32.790948, 32.790566, 32.792747)))"
481130101021,0.8408450704225352,0.7642118863049095,"list(list(c(-96.843575, -96.839715, -96.839728, -96.835799, -96.835819, -96.835697, -96.835093, -96.828679, -96.826545, -96.824711, -96.822425, -96.825742, -96.826794, -96.843825, -96.843575, 32.783337, 32.783257, 32.78138, 32.781386, 32.785891, 32.786636, 32.78965, 32.786691, 32.785451, 32.783499, 32.779989, 32.778821, 32.778623, 32.778531, 32.783337)))"
481130098042,0.9373781148429036,0.9205426356589147,"list(list(c(-96.871405, -96.867604, -96.865927, -96.866102, -96.866258, -96.86791, -96.867896, -96.870311, -96.871427, -96.871405, 32.875774, 32.875694, 32.875241, 32.874826, 32.87164, 32.871854, 32.87377, 32.873835, 32.875217, 32.875774)))"
481130097021,0.47388949079089926,0.38372093023255816,"list(list(c(-96.870362, -96.866205, -96.856215, -96.856222, -96.856275, -96.856828, -96.865705, -96.865719, -96.865933, -96.867732, -96.869751, -96.870362, 32.887799, 32.887183, 32.887808, 32.883699, 32.880428, 32.880547, 32.880792, 32.883836, 32.885049, 32.885955, 32.886324, 32.887799)))"
481130097012,0.9827193932827736,0.9825581395348837,"list(list(c(-96.888021, -96.881406, -96.880761, -96.880645, -96.877493, -96.877063, -96.877001, -96.883566, -96.883629, -96.888021, 32.895305, 32.895271, 32.895265, 32.893321, 32.890524, 32.887861, 32.880909, 32.880934, 32.881138, 32.895305)))"
481130096081,0.04929577464788737,0.04457364341085268,"list(list(c(-96.846891, -96.845887, -96.846601, -96.846613, -96.843924, -96.838276, -96.838331, -96.843359, -96.84632, -96.846891, 32.909654, 32.911533, 32.91634, 32.917842, 32.917655, 32.918059, 32.909621, 32.90963, 32.909666, 32.909654)))"
481130096072,0.572264355362947,0.4554263565891473,"list(list(c(-96.872483, -96.864003, -96.863999, -96.863942, -96.863515, -96.870188, -96.87065, -96.8723, -96.872261, -96.872255, -96.872483, 32.909782, 32.909723, 32.907674, 32.902535, 32.901938, 32.901964, 32.902372, 32.90394, 32.906826, 32.909055, 32.909782)))"
481130078011,0.31543878656554714,0.29909560723514217,"list(list(c(-96.786655, -96.786727, -96.781885, -96.778555, -96.776468, -96.778799, -96.778675, -96.770713, -96.770249, -96.77035, -96.770373, -96.770605, -96.776542, -96.778256, -96.783065, -96.783068, -96.786747, -96.786655, 32.865595, 32.873466, 32.873271, 32.871923, 32.871955, 32.876564, 32.880161, 32.88015, 32.88015, 32.871851, 32.865603, 32.865603, 32.865564, 32.865568, 32.865583, 32.865375, 32.865389, 32.865595)))"
481130136081,0.11072589382448539,0.11498708010335912,"list(list(c(-96.803628, -96.80364, -96.803622, -96.800017, -96.798873, -96.798067, -96.795605, -96.792458, -96.791906, -96.788754, -96.784739, -96.785404, -96.786226, -96.786262, -96.794337, -96.795592, -96.798318, -96.803739, -96.803628, 32.941983, 32.946091, 32.949851, 32.94986, 32.949782, 32.949824, 32.949775, 32.949989, 32.950004, 32.949986, 32.949933, 32.948687, 32.943804, 32.939824, 32.939929, 32.939638, 32.938663, 32.938632, 32.941983)))"
481130136071,0.609750812567714,0.5058139534883721,"list(list(c(-96.778659, -96.778619, -96.770492, -96.768942, -96.768983, -96.768988, -96.770728, -96.774964, -96.776596, -96.778614, -96.778695, -96.778659, 32.950473, 32.962091, 32.962027, 32.962237, 32.950985, 32.950845, 32.950629, 32.950668, 32.95065, 32.95035, 32.950332, 32.950473)))"
481130136062,0.6314192849404117,0.524547803617571,"list(list(c(-96.799287, -96.797494, -96.797221, -96.797286, -96.796423, -96.795918, -96.794847, -96.791638, -96.790116, -96.789291, -96.789353, -96.791916, -96.791901, -96.791202, -96.79244, -96.792458, -96.795605, -96.798067, -96.798873, -96.799052, -96.799017, -96.799287, 32.952505, 32.954183, 32.956588, 32.957081, 32.958886, 32.962665, 32.962819, 32.962516, 32.96219, 32.962184, 32.959606, 32.95962, 32.956496, 32.952973, 32.950135, 32.949989, 32.949775, 32.949824, 32.949782, 32.950224, 32.950372, 
32.952505)))"
481130135001,0.21663055254604546,0.22480620155038755,"list(list(c(-96.829632, -96.818365, -96.8185, -96.819817, -96.824671, -96.829607, -96.829632, 32.909627, 32.909615, 32.900291, 32.894948, 32.894964, 32.894983, 32.909627)))"
481130111032,0.9452329360780065,0.8863049095607235,"list(list(c(-96.840128, -96.838364, -96.835892, -96.832966, -96.829133, -96.829082, -96.830579, -96.830816, -96.830862, -96.83999, -96.840128, 32.672856, 32.672852, 32.672962, 32.674497, 32.674898, 32.6659, 32.663835, 32.663303, 32.662273, 32.662204, 32.672856)))"
481130076012,0.14929577464788735,0.12855297157622736,"list(list(c(-96.838503, -96.838475, -96.832048, -96.829681, -96.829291, -96.82475, -96.824671, -96.819817, -96.819888, -96.821035, -96.821126, -96.838533, -96.838503, 32.883643, 32.887696, 32.887614, 32.888275, 32.88687, 32.886753, 32.894964, 32.894948, 32.889778, 32.887555, 32.880245, 32.880322, 32.883643)))"
481130073022,0.1180931744312026,0.1311369509043928,"list(list(c(-96.833891, -96.827904, -96.825267, -96.825283, -96.825742, -96.829147, -96.82502, -96.822183, -96.822518, -96.821163, -96.821311, -96.830088, -96.833891, 32.851166, 32.856296, 32.856188, 32.859398, 32.860144, 32.863953, 32.866784, 32.866562, 32.863377, 32.861055, 32.851174, 32.851174, 32.851166)))"
481130182062,0.9085048754062839,0.915374677002584,"list(list(c(-96.631032, -96.62594, -96.62299, -96.622196, -96.622174, -96.62813, -96.631056, -96.631032, 32.894355, 32.894259, 32.894253, 32.894273, 32.888925, 32.889839, 32.889746, 32.894355)))"
481130012031,0.553196099674973,0.44573643410852715,"list(list(c(-96.745739, -96.745049, -96.741549, -96.738348, -96.742764, -96.749257, -96.745739, 32.807479, 32.807996, 32.803384, 32.80202, 32.797952, 32.803621, 32.807479)))"
481130184022,0.9137594799566631,0.8598191214470284,"list(list(c(-96.648095, -96.638643, -96.633265, -96.630875, -96.630943, -96.630747, -96.631683, -96.633153, -96.635885, -96.636507, -96.648224, -96.648095, 32.878858, 32.878897, 32.878864, 32.8789, 32.87181, 32.871223, 32.8704, 32.869161, 32.870702, 32.870902, 32.871141, 32.878858)))"
481130187003,0.859750812567714,0.8436692506459949,"list(list(c(-96.63684, -96.631994, -96.630853, -96.631019, -96.631032, -96.636355, -96.636286, -96.63684, 32.908938, 32.908918, 32.908865, 32.902157, 32.894355, 32.894419, 32.90189, 32.908938)))"
481130189003,0.7504875406283857,0.6698966408268734,"list(list(c(-96.657326, -96.653636, -96.648257, -96.648385, -96.648297, -96.653067, -96.65511, -96.655898, -96.657482, -96.657326, 32.92508, 32.924346, 32.924501, 32.917163, 32.91624, 32.916278, 32.917828, 32.922655, 32.922663, 32.92508)))"
481130189004,0.7512459371614302,0.6627906976744187,"list(list(c(-96.665328, -96.665377, -96.665246, -96.665046, -96.66395, -96.66353, -96.660487, -96.660409, -96.658163, -96.657344, -96.65398, -96.651922, -96.651747, -96.650001, -96.651313, -96.65326, -96.665482, -96.665328, 32.916365, 32.923389, 32.927734, 32.928364, 32.927038, 32.924312, 32.922038, 32.920472, 32.919232, 32.917826, 32.916291, 32.913569, 32.910778, 32.908988, 32.908679, 32.908969, 32.908965, 32.916365)))"
481130190312,0.0674972914409534,0.08204134366925064,"list(list(c(-96.682565, -96.682412, -96.682366, -96.682334, -96.678725, -96.672871, -96.670646, -96.668571, -96.668149, -96.665873, -96.665239, -96.664206, -96.665272, -96.665449, -96.667635, -96.670375, -96.672954, -96.673566, -96.676399, -96.682502, -96.682565, 32.976968, 32.978181, 32.980169, 32.982318, 32.980763, 32.981029, 32.980652, 32.981655, 32.983252, 32.982577, 32.981485, 32.98023, 32.979408, 32.97534, 32.97535, 32.974026, 32.9728, 32.972654, 32.973254, 32.973256, 32.976968)))"
481130190422,0.1763271939328277,0.18863049095607232,"list(list(c(-96.670375, -96.667635, -96.665449, -96.665473, -96.664383, -96.665476, -96.665449, -96.667181, -96.668342, -96.669873, -96.669867, -96.670201, -96.670375, 32.974026, 32.97535, 32.97534, 32.972638, 32.96953, 32.966669, 32.959591, 32.959653, 32.960161, 32.960794, 32.961387, 32.973697, 32.974026)))"
481130086042,0.923943661971831,0.8688630490956073,"list(list(c(-96.778406, -96.776514, -96.77305, -96.771951, -96.773498, -96.77374, -96.774269, -96.764704, -96.774227, -96.774253, -96.776956, -96.77793, -96.778406, 32.718884, 32.720377, 32.72177, 32.720681, 32.719029, 32.717165, 32.716279, 32.715097, 32.710602, 32.711166, 32.716518, 32.718324, 32.718884)))"
481130172013,0.8592091007583965,0.8107235142118863,"list(list(c(-96.63122, -96.631173, -96.631173, -96.629414, -96.622561, -96.622561, -96.622571, -96.622572, -96.622572, -96.622578, -96.622573, -96.622598, -96.622637, -96.622625, -96.630578, -96.631181, -96.63122, 32.734153, 32.748593, 32.748657, 32.748652, 32.748616, 32.748568, 32.74523, 32.744973, 32.744889, 32.742584, 32.740654, 32.734138, 32.72477, 32.719262, 32.719562, 32.719478, 32.734153)))"
481130002013,0.02562296858071511,0.026485788113695063,"list(list(c(-96.761564, -96.759634, -96.752861, -96.752902, -96.760114, -96.761549, -96.761508, -96.761558, -96.761564, 32.829894, 32.82931, 32.829261, 32.822963, 32.823092, 32.822001, 32.822916, 32.826957, 32.829894)))"
481130002011,0.11543878656554718,0.10465116279069764,"list(list(c(-96.76136, -96.752947, -96.752944, -96.752983, -96.761473, -96.76136, 32.841787, 32.843665, 32.842466, 32.836421, 32.836436, 32.841787)))"
481130013011,0.7280065005417118,0.6330749354005167,"list(list(c(-96.755247, -96.753847, -96.749257, -96.754192, -96.756389, -96.755247, 32.806283, 32.807615, 32.803621, 32.799339, 32.80124, 32.806283)))"
481130014002,0.2875406283856988,0.24741602067183466,"list(list(c(-96.772361, -96.768883, -96.767211, -96.765863, -96.769311, -96.772361, 32.802732, 32.805635, 32.804172, 32.803002, 32.800134, 32.802732)))"
481130015032,0.35942578548212356,0.3481912144702842,"list(list(c(-96.780399, -96.7763, -96.773552, -96.777701, -96.780399, 32.802728, 32.806176, 32.803789, 32.800337, 32.802728)))"
481130037002,0.7183098591549295,0.5852713178294573,"list(list(c(-96.771248, -96.765236, -96.758237, -96.761983, -96.765061, -96.764819, -96.77052, -96.771248, 32.761296, 32.766351, 32.760493, 32.757295, 32.755333, 32.753427, 32.760402, 32.761296)))"
481130037001,0.6202058504875406,0.5251937984496124,"list(list(c(-96.761644, -96.763143, -96.762075, -96.759957, -96.75771, -96.754559, -96.750931, -96.750161, -96.757038, -96.758237, -96.765236, -96.761644, 32.769489, 32.770823, 32.771835, 32.770248, 32.768523, 32.767013, 32.766478, 32.765824, 32.759476, 32.760493, 32.766351, 32.769489)))"
481130078101,0.7799566630552546,0.7144702842377261,"list(list(c(-96.737976, -96.737952, -96.737861, -96.7357, -96.735529, -96.732106, -96.72685, -96.728265, -96.727747, -96.732689, -96.735781, -96.738351, -96.737976, 32.90194, 32.904404, 32.906188, 32.907983, 32.911544, 32.909232, 32.906033, 32.903621, 32.901134, 32.901764, 32.901625, 32.900415, 32.90194)))"
481130071023,0.02930660888407366,0.01744186046511631,"list(list(c(-96.831556, -96.825572, -96.822085, -96.823098, -96.8264, -96.827578, -96.831556, 32.836524, 32.836703, 32.83668, 32.834023, 32.82996, 32.831221, 32.836524)))"
481130069003,0.9074756229685808,0.8708010335917313,"list(list(c(-96.87388, -96.872848, -96.867122, -96.864907, -96.863911, -96.863594, -96.864286, -96.867125, -96.874004, -96.87388, 32.758625, 32.759759, 32.759743, 32.758825, 32.759256, 32.758803, 32.758471, 32.757061, 32.753597, 32.758625)))"
481130065011,0.7139219934994583,0.6363049095607235,"list(list(c(-96.882592, -96.879683, -96.878161, -96.878147, -96.87768, -96.882072, -96.882538, -96.882592, 32.734969, 32.734952, 32.73493, 32.73077, 32.728298, 32.728344, 32.73189, 32.734969)))"
481130006063,0.19869989165763813,0.18927648578811374,"list(list(c(-96.804627, -96.802775, -96.802361, -96.800623, -96.799209, -96.800259, -96.801418, -96.802877, -96.803416, -96.80552, -96.804627, 32.812661, 32.814188, 32.814659, 32.81295, 32.811718, 32.810657, 32.808472, 32.809589, 32.810119, 32.811929, 32.812661)))"
481130006062,0.13039003250270853,0.08850129198966405,"list(list(c(-96.808162, -96.80772, -96.806868, -96.802775, -96.804627, -96.80552, -96.805615, -96.809979, -96.808162, 32.817289, 32.817568, 32.817743, 32.814188, 32.812661, 32.811929, 32.812016, 32.815785, 32.817289)))"
481130060022,0.6239978331527627,0.5529715762273901,"list(list(c(-96.840124, -96.83795, -96.832036, -96.831508, -96.830361, -96.827521, -96.826066, -96.824225, -96.82325, -96.82307, -96.823126, -96.827253, -96.83411, -96.840378, -96.840124, 32.694888, 32.695434, 32.694208, 32.697778, 32.698652, 32.698636, 32.700775, 32.700991, 32.697542, 32.691316, 32.687101, 32.688239, 32.691109, 32.691217, 32.694888)))"
481130078254,0.16809317443120264,0.1531007751937985,"list(list(c(-96.741703, -96.740882, -96.738402, -96.73313, -96.73012, -96.731249, -96.730808, -96.731918, -96.733013, -96.733541, -96.738582, -96.741661, -96.741703, 32.891177, 32.893166, 32.892644, 32.894523, 32.8945, 32.892981, 32.891191, 32.888786, 32.887369, 32.885932, 32.885793, 32.886094, 32.891177)))"
481130078261,0.13152762730227519,0.15051679586563305,"list(list(c(-96.739577, -96.736374, -96.735134, -96.734722, -96.735037, -96.733909, -96.730704, -96.73091, -96.733317, -96.733953, -96.736749, -96.738173, -96.738481, -96.739577, 32.867562, 32.869442, 32.870955, 32.872329, 32.878563, 32.878546, 32.878594, 32.873858, 32.868496, 32.863231, 32.864583, 32.866301, 32.866697, 32.867562)))"
481130079131,0.30709642470205856,0.3003875968992248,"list(list(c(-96.764447, -96.760643, -96.76105, -96.761399, -96.76302, -96.763855, -96.764394, -96.764447, 32.850912, 32.850859, 32.849467, 32.846536, 32.846509, 32.846379, 32.84772, 32.850912)))"
481130082001,0.009696641386782279,0.009689922480620172,"list(list(c(-96.70423, -96.702582, -96.701257, -96.699437, -96.695727, -96.694209, -96.699487, -96.702211, -96.704793, -96.70423, 32.844973, 32.850741, 32.852424, 32.850817, 32.846959, 32.84571, 32.841392, 32.843609, 32.844627, 32.844973)))"
481130082002,0.6078548212351029,0.4844961240310077,"list(list(c(-96.699487, -96.694209, -96.690989, -96.696591, -96.697233, -96.699487, 32.841392, 32.84571, 32.842981, 32.838408, 32.839438, 32.841392)))"
481130001001,0.16148429035752976,0.12984496124031009,"list(list(c(-96.738156, -96.735357, -96.732026, -96.733169, -96.732661, -96.732203, -96.731103, -96.73003, -96.722177, -96.723844, -96.723848, -96.726271, -96.72644, -96.72949, -96.73459, -96.737538, -96.737183, -96.738156, 32.821668, 32.822107, 32.824633, 32.826312, 32.827137, 32.827264, 32.825158, 32.824044, 32.823827, 32.814943, 32.814813, 32.813189, 32.813057, 32.8111, 32.814148, 32.81508, 32.817141, 32.821668)))"
481130099001,0.6770855904658721,0.5859173126614987,"list(list(c(-96.921205, -96.909018, -96.898114, -96.892207, -96.89185, -96.890674, -96.888021, -96.883629, -96.885468, -96.898146, -96.898111, -96.898259, -96.89903, -96.900197, -96.900535, -96.91977, -96.919697, -96.918933, -96.918817, -96.918753, -96.918633, -96.921205, 32.907774, 32.907916, 32.908161, 32.908842, 32.907715, 32.903874, 32.895305, 32.881138, 32.881245, 32.881152, 32.875314, 32.873894, 32.867305, 32.864666, 32.864776, 32.871178, 32.880432, 32.882758, 32.886018, 32.895636, 32.903942, 
32.907774)))"
481130120002,0.7763813651137594,0.6841085271317829,"list(list(c(-96.656805, -96.655565, -96.652703, -96.648205, -96.648208, -96.654739, -96.656831, -96.656805, 32.76285, 32.762355, 32.762214, 32.7622, 32.756946, 32.756968, 32.756502, 32.76285)))"
481130141241,0.22323943661971835,0.210594315245478,"list(list(c(-96.993782, -96.993774, -96.993782, -96.973075, -96.958718, -96.952824, -96.941, -96.942529, -96.945212, -96.946789, -96.947985, -96.953172, -96.958858, -96.958831, -96.962445, -96.964635, -96.965806, -96.969795, -96.972469, -96.971054, -96.971685, -96.974189, -96.978434, -96.98168, -96.982512, -96.989668, -96.993818, -96.993782, 32.922607, 32.923184, 32.923703, 32.918981, 32.915705, 32.914356, 32.911666, 32.910992, 32.911136, 32.91123, 32.911014, 32.908723, 32.905012, 32.907017, 32.907482, 
32.904564, 32.90373, 32.90194, 32.903506, 32.90502, 32.907117, 32.910259, 32.91328, 32.918326, 32.91872, 32.920412, 32.92051, 32.922607)))"
481130159003,0.6258938244853738,0.4993540051679587,"list(list(c(-96.994263, -96.992963, -96.991217, -96.989264, -96.98877, -96.985763, -96.985792, -96.988096, -96.990042, -96.992705, -96.99292, -96.993642, -96.994206, -96.994263, 32.734932, 32.73493, 32.734928, 32.73493, 32.734927, 32.734917, 32.728254, 32.728496, 32.73129, 32.730891, 32.731814, 32.731597, 32.731658, 32.734932)))"
481130181102,0.5283315276273023,0.43475452196382425,"list(list(c(-96.611592, -96.60482, -96.602214, -96.600476, -96.592367, -96.590859, -96.590416, -96.589171, -96.58507, -96.59057, -96.596971, -96.59992, -96.605797, -96.605893, -96.604943, -96.607044, -96.60962, -96.611592, 32.886853, 32.892274, 32.894013, 32.893943, 32.894002, 32.890628, 32.8892, 32.885525, 32.882123, 32.877522, 32.872171, 32.869605, 32.875196, 32.875769, 32.880752, 32.882598, 32.884853, 32.886853)))"
481130022001,0.3125677139761647,0.2952196382428941,"list(list(c(-96.787867, -96.785781, -96.784951, -96.784277, -96.776875, -96.775844, -96.77327, -96.770705, -96.768468, -96.769777, -96.777627, -96.779458, -96.787133, -96.787867, 32.785395, 32.786904, 32.787377, 32.787761, 32.793913, 32.793008, 32.790768, 32.788578, 32.786718, 32.784875, 32.786855, 32.786963, 32.785026, 32.785395)))"
481130056003,0.8912784398699891,0.8901808785529716,"list(list(c(-96.82985, -96.829455, -96.827462, -96.822878, -96.822958, -96.822971, -96.822985, -96.822946, -96.824225, -96.824829, -96.827231, -96.827307, -96.828565, -96.829824, -96.82985, 32.711811, 32.713168, 32.72036, 32.720318, 32.71316, 32.70752, 32.705956, 32.700992, 32.700991, 32.702182, 32.705622, 32.705716, 32.707397, 32.711175, 32.711811)))"
481130190311,0.12611050920910072,0.11757105943152457,"list(list(c(-96.682302, -96.682292, -96.678746, -96.674806, -96.672163, -96.669424, -96.666652, -96.666622, -96.665985, -96.665873, -96.668149, -96.668571, -96.670646, -96.672871, -96.678725, -96.682334, -96.682302, 32.984967, 32.985285, 32.985234, 32.985179, 32.985141, 32.985103, 32.985063, 32.984953, 32.982829, 32.982577, 32.983252, 32.981655, 32.980652, 32.981029, 32.980763, 32.982318, 32.984967)))"
481130186003,0.7819068255687974,0.6776485788113695,"list(list(c(-96.665482, -96.65326, -96.651313, -96.650001, -96.648156, -96.648774, -96.648723, -96.653029, -96.656466, -96.656796, -96.659154, -96.66568, -96.665482, 32.908965, 32.908969, 32.908679, 32.908988, 32.909039, 32.906323, 32.904608, 32.904577, 32.903754, 32.897526, 32.898552, 32.898674, 32.908965)))"
481130024002,0.528169014084507,0.4593023255813954,"list(list(c(-96.769777, -96.768468, -96.767239, -96.761406, -96.761652, -96.760079, -96.756658, -96.750671, -96.747373, -96.74999, -96.756186, -96.75735, -96.75879, -96.760595, -96.762733, -96.767406, -96.76873, -96.769777, 32.784875, 32.786718, 32.788479, 32.793239, 32.793428, 32.794629, 32.791621, 32.79663, 32.793729, 32.791348, 32.791084, 32.791036, 32.790969, 32.790676, 32.78985, 32.786197, 32.784604, 32.784875)))"
481130176022,0.5333152762730228,0.47351421188630494,"list(list(c(-96.659959, -96.649922, -96.646612, -96.632469, -96.628914, -96.628725, -96.625971, -96.623418, -96.622224, -96.622844, -96.624621, -96.629878, -96.634414, -96.646717, -96.650101, -96.656724, -96.659959, 32.776663, 32.777538, 32.777051, 32.774651, 32.773749, 32.773703, 32.772906, 32.771918, 32.767719, 32.767754, 32.767854, 32.768059, 32.768278, 32.76831, 32.768282, 32.77394, 32.776663)))"
481130178121,0.8232394366197183,0.7112403100775193,"list(list(c(-96.629821, -96.62485, -96.622072, -96.62027, -96.619023, -96.619709, -96.623469, -96.622561, -96.618071, -96.617969, -96.614871, -96.615201, -96.617087, -96.617088, -96.615847, -96.6129, -96.612919, -96.61463, -96.622686, -96.627843, -96.629821, 32.823126, 32.826088, 32.823763, 32.82224, 32.821029, 32.820202, 32.820231, 32.816589, 32.816578, 32.81549, 32.815818, 32.814412, 32.814498, 32.812962, 32.81336, 32.812868, 32.810844, 32.810857, 32.810829, 32.810378, 32.823126)))"
481130192033,0.22253521126760567,0.20865633074935397,"list(list(c(-96.756218, -96.755873, -96.749571, -96.748226, -96.747318, -96.743496, -96.743784, -96.743878, -96.743878, -96.756046, -96.756041, -96.756218, 32.958643, 32.962441, 32.96256, 32.963036, 32.963182, 32.963106, 32.959823, 32.950969, 32.950837, 32.951121, 32.95124, 32.958643)))"
481130080006,0.07502708559046589,0.07751937984496127,"list(list(c(-96.752902, -96.752861, -96.752898, -96.745736, -96.743957, -96.743, -96.741817, -96.741152, -96.743429, -96.743813, -96.747407, -96.747389, -96.750093, -96.74993, -96.751507, -96.752871, -96.752902, 32.822963, 32.829261, 32.831884, 32.831283, 32.831317, 32.831661, 32.829663, 32.829057, 32.828159, 32.827101, 32.826709, 32.824931, 32.824735, 32.821018, 32.819141, 32.819074, 32.822963)))"
481130092023,0.9740520043336944,0.9702842377260982,"list(list(c(-96.674266, -96.663468, -96.663113, -96.663279, -96.662341, -96.664284, -96.665986, -96.665938, -96.665888, -96.67426, -96.674266, 32.734287, 32.734246, 32.732129, 32.731228, 32.73003, 32.726015, 32.724244, 32.725659, 32.726314, 32.726374, 32.734287)))"
481130207001,0.13461538461538458,0.1356589147286822,"list(list(c(-96.890162, -96.890128, -96.890059, -96.88722, -96.887112, -96.885796, -96.877815, -96.87798, -96.877133, -96.864058, -96.856017, -96.855627, -96.854155, -96.853984, -96.855493, -96.855673, -96.855801, -96.855929, -96.870721, -96.881765, -96.886446, -96.886289, -96.890167, -96.890162, 32.963886, 32.964491, 32.969983, 32.972051, 32.972136, 32.971325, 32.971254, 32.965159, 32.96192, 32.959443, 32.957917, 32.957843, 32.957564, 32.957532, 32.95516, 32.954707, 32.953083, 32.95309, 32.953381, 
32.953581, 32.953606, 32.960918, 32.960946, 32.963886)))"
481130200001,0.2944203683640303,0.2719638242894057,"list(list(c(-97.031116, -97.031007, -97.028339, -97.025168, -97.021779, -97.020777, -97.019567, -97.010873, -96.993401, -96.993423, -96.993402, -96.993591, -96.993692, -96.995429, -97.000784, -97.001914, -97.004147, -97.006673, -97.011231, -97.011167, -97.01493, -97.028814, -97.030493, -97.031385, -97.031116, 32.984638, 32.989691, 32.989614, 32.989581, 32.989549, 32.989542, 32.989524, 32.989429, 32.98932, 32.987169, 32.985798, 32.978309, 32.976706, 32.976732, 32.980693, 32.981113, 32.980607, 32.979394, 
32.979429, 32.973059, 32.973126, 32.973148, 32.972915, 32.972835, 32.984638)))"
481130141233,0.2729685807150596,0.24289405684754517,"list(list(c(-96.972396, -96.972384, -96.971861, -96.971215, -96.964099, -96.96237, -96.961152, -96.96014, -96.959882, -96.970184, -96.972394, -96.972396, 32.974984, 32.981237, 32.981945, 32.981431, 32.978296, 32.977068, 32.975617, 32.973174, 32.969395, 32.969453, 32.969468, 32.974984)))"
481130141353,0.3085048754062839,0.2564599483204134,"list(list(c(-96.976936, -96.973891, -96.972396, -96.972394, -96.976622, -96.976502, -96.976936, 32.976863, 32.975243, 32.974984, 32.969468, 32.969436, 32.975333, 32.976863)))"
481130141191,0.17611050920910076,0.1983204134366925,"list(list(c(-96.993745, -96.981387, -96.981379, -96.98555, -96.98911, -96.989151, -96.989827, -96.993599, -96.993745, 32.96935, 32.969385, 32.963963, 32.962045, 32.963652, 32.959946, 32.960203, 32.960307, 32.96935)))"
481130139011,0.8638136511375948,0.8456072351421189,"list(list(c(-96.897766, -96.892379, -96.890605, -96.890531, -96.888184, -96.88957, -96.890014, -96.896401, -96.897668, -96.897766, 32.938708, 32.93867, 32.938359, 32.935722, 32.93361, 32.93219, 32.931503, 32.932122, 32.936011, 32.938708)))"
481130152061,0.9818526543878656,0.9786821705426356,"list(list(c(-96.976927, -96.976583, -96.976536, -96.970801, -96.970852, -96.973239, -96.97698, -96.976927, 32.804174, 32.805186, 32.809621, 32.809638, 32.801304, 32.800573, 32.800387, 32.804174)))"
481130145013,0.5249729144095341,0.4599483204134367,"list(list(c(-96.96981, -96.968276, -96.968291, -96.959139, -96.959207, -96.959267, -96.959717, -96.960505, -96.963991, -96.96983, -96.96981, 32.831026, 32.831018, 32.83709, 32.83704, 32.836458, 32.829027, 32.828879, 32.828788, 32.82882, 32.828916, 32.831026)))"
481130144072,0.852329360780065,0.7816537467700259,"list(list(c(-97.009559, -97.009553, -97.006477, -97.004273, -97.00335, -97.001081, -97.000917, -97.001437, -97.003452, -97.004168, -97.006124, -97.007379, -97.008946, -97.00956, -97.009559, 32.836022, 32.837103, 32.837109, 32.837114, 32.832735, 32.830862, 32.829472, 32.82958, 32.830253, 32.830703, 32.832026, 32.832524, 32.83305, 32.833126, 32.836022)))"
481130137222,0.40021668472372696,0.3410852713178295,"list(list(c(-96.869169, -96.869107, -96.868882, -96.868428, -96.865951, -96.855621, -96.854871, -96.854882, -96.855001, -96.855437, -96.856455, -96.860035, -96.864254, -96.868043, -96.86976, -96.869169, 32.983368, 32.985131, 32.987019, 32.987739, 32.987709, 32.987581, 32.987573, 32.987209, 32.983117, 32.981879, 32.982134, 32.981326, 32.981262, 32.981257, 32.982411, 32.983368)))"
481130137213,0.20146262188515707,0.2267441860465116,"list(list(c(-96.887112, -96.879057, -96.878236, -96.87746, -96.876069, -96.875295, -96.868428, -96.868882, -96.869107, -96.869169, -96.86976, -96.872379, -96.873571, -96.877566, -96.877815, -96.885796, -96.887112, 32.972136, 32.978144, 32.979101, 32.980446, 32.985149, 32.98783, 32.987739, 32.987019, 32.985131, 32.983368, 32.982411, 32.980582, 32.976272, 32.973436, 32.971254, 32.971325, 32.972136)))"
481130137192,0.2764355362946912,0.2713178294573644,"list(list(c(-96.926631, -96.925554, -96.914841, -96.909793, -96.901249, -96.89718, -96.897513, -96.897495, -96.907165, -96.922241, -96.923152, -96.923624, -96.929422, -96.926631, 32.982608, 32.982819, 32.982781, 32.982567, 32.983461, 32.984024, 32.981205, 32.975614, 32.975661, 32.975619, 32.975088, 32.974885, 32.980763, 32.982608)))"
481130136193,0.10953412784398697,0.12015503875968991,"list(list(c(-96.804468, -96.804114, -96.797929, -96.796128, -96.79733, -96.796176, -96.796714, -96.794963, -96.798335, -96.79817, -96.804585, -96.804468, 32.967455, 32.970715, 32.979045, 32.978347, 32.974434, 32.972464, 32.970881, 32.970064, 32.963431, 32.962336, 32.962372, 32.967455)))"
481130136151,0.5516793066088841,0.5038759689922481,"list(list(c(-96.809706, -96.808526, -96.803739, -96.803955, -96.803945, -96.808704, -96.809821, -96.809706, 32.938732, 32.938671, 32.938632, 32.936517, 32.934969, 32.934807, 32.934803, 32.938732)))"
481130136211,0.34144095341278435,0.3016795865633075,"list(list(c(-96.810883, -96.805514, -96.804489, -96.804114, -96.804468, -96.804585, -96.804586, -96.805145, -96.808134, -96.810201, -96.811407, -96.810883, 32.965702, 32.969076, 32.9702, 32.970715, 32.967455, 32.962372, 32.962235, 32.962205, 32.960626, 32.960369, 32.964539, 32.965702)))"
481130108042,0.9722101841820152,0.9715762273901809,"list(list(c(-96.869722, -96.868985, -96.859281, -96.857079, -96.857085, -96.857113, -96.865765, -96.865722, -96.870114, -96.869722, 32.720391, 32.720656, 32.724145, 32.72533, 32.720221, 32.716808, 32.716814, 32.720256, 32.720256, 32.720391)))"
481130181283,0.4447453954496208,0.36046511627906974,"list(list(c(-96.605469, -96.603252, -96.602821, -96.5963, -96.600016, -96.601168, -96.604243, -96.607868, -96.605469, 32.851331, 32.849719, 32.852362, 32.846142, 32.844749, 32.845419, 32.848124, 32.849407, 32.851331)))"
481130087012,0.9842361863488625,0.9735142118863049,"list(list(c(-96.774227, -96.764704, -96.76162, -96.760621, -96.758023, -96.766811, -96.769311, -96.771904, -96.772067, -96.773876, -96.771093, -96.774794, -96.774227, 32.710602, 32.715097, 32.71656, 32.714049, 32.70767, 32.70608, 32.70534, 32.704017, 32.704276, 32.706919, 32.708236, 32.710147, 32.710602)))"
481130113002,0.6494041170097509,0.5400516795865633,"list(list(c(-96.805898, -96.8027, -96.802324, -96.793825, -96.793205, -96.793401, -96.793701, -96.787034, -96.785843, -96.784866, -96.783227, -96.782971, -96.783838, -96.784031, -96.783114, -96.792627, -96.797087, -96.800063, -96.805697, -96.805728, -96.805745, -96.805799, -96.80581, -96.805898, 32.668703, 32.668286, 32.66883, 32.671702, 32.672728, 32.675831, 32.678679, 32.679554, 32.679315, 32.674099, 32.671171, 32.670257, 32.66659, 32.662667, 32.655464, 32.650816, 32.648628, 32.646669, 32.643864, 
32.647737, 32.651376, 32.662351, 32.665036, 32.668703)))"
481130168032,0.41820151679306605,0.3804909560723514,"list(list(c(-96.77782, -96.774309, -96.767787, -96.767091, -96.772466, -96.773434, -96.774775, -96.774861, -96.777411, -96.77782, 32.598537, 32.598868, 32.598864, 32.591566, 32.589955, 32.591152, 32.591903, 32.597209, 32.597659, 32.598537)))"
481130178142,0.15644637053087762,0.1815245478036176,"list(list(c(-96.611347, -96.611276, -96.603355, -96.600585, -96.600257, -96.602251, -96.602634, -96.610644, -96.611885, -96.611347, 32.800072, 32.805024, 32.804966, 32.801375, 32.799878, 32.799897, 32.797673, 32.797659, 32.797303, 32.800072)))"
481130180013,0.4146262188515709,0.38307493540051685,"list(list(c(-96.659346, -96.655028, -96.651968, -96.649484, -96.648996, -96.647429, -96.648645, -96.649471, -96.653401, -96.654226, -96.658359, -96.658996, -96.659346, 32.834941, 32.838313, 32.836777, 32.838762, 32.838334, 32.837009, 32.835501, 32.834801, 32.830914, 32.830248, 32.8338, 32.834383, 32.834941)))"
481130190372,0.6354821235102925,0.5284237726098191,"list(list(c(-96.692294, -96.682508, -96.682528, -96.683631, -96.691231, -96.691557, -96.692294, 32.967835, 32.967785, 32.960687, 32.960635, 32.960527, 32.961618, 32.967835)))"
481130190362,0.34788732394366195,0.3062015503875969,"list(list(c(-96.699773, -96.699609, -96.682469, -96.682292, -96.682302, -96.682334, -96.682366, -96.682412, -96.682565, -96.682502, -96.685415, -96.688659, -96.692466, -96.695488, -96.69991, -96.699773, 32.985377, 32.98538, 32.985286, 32.985285, 32.984967, 32.982318, 32.980169, 32.978181, 32.976968, 32.973256, 32.973183, 32.973635, 32.973746, 32.974755, 32.975066, 32.985377)))"
481130190242,0.8799566630552547,0.8152454780361758,"list(list(c(-96.699948, -96.691297, -96.682905, -96.682905, -96.682666, -96.682707, -96.682947, -96.69988, -96.699948, 32.945321, 32.945268, 32.945192, 32.945316, 32.945345, 32.938422, 32.938418, 32.938581, 32.945321)))"
481130192081,0.6880281690140846,0.5613695090439277,"list(list(c(-96.769005, -96.768987, -96.766388, -96.763978, -96.761165, -96.761187, -96.76472, -96.764966, -96.769041, -96.769005, 32.938587, 32.939867, 32.939886, 32.939835, 32.939884, 32.932713, 32.933718, 32.931913, 32.932012, 32.938587)))"
481130192082,0.9547128927410617,0.9250645994832041,"list(list(c(-96.769041, -96.764966, -96.76472, -96.761187, -96.761202, -96.764277, -96.765735, -96.766591, -96.7691, -96.769041, 32.932012, 32.931913, 32.933718, 32.932713, 32.930681, 32.930683, 32.9304, 32.928756, 32.928337, 32.932012)))"
481130166203,0.24165763813651142,0.227390180878553,"list(list(c(-96.840603, -96.835486, -96.831182, -96.824047, -96.822646, -96.822424, -96.822288, -96.823602, -96.828741, -96.838671, -96.838606, -96.837602, -96.837673, -96.840426, -96.840676, -96.840603, 32.604263, 32.604374, 32.604342, 32.604345, 32.6043, 32.602212, 32.58989, 32.589855, 32.589705, 32.589714, 32.593714, 32.596754, 32.599364, 32.602782, 32.603621, 32.604263)))"
481130166192,0.8565005417118093,0.7881136950904393,"list(list(c(-96.857168, -96.846679, -96.846688, -96.847156, -96.85721, -96.857168, 32.618667, 32.618723, 32.613977, 32.612318, 32.612247, 32.618667)))"
481130166191,0.6938786565547128,0.5503875968992248,"list(list(c(-96.857223, -96.85721, -96.847156, -96.846688, -96.846679, -96.840051, -96.840049, -96.839972, -96.840099, -96.840648, -96.842958, -96.842795, -96.843309, -96.857212, -96.857223, 32.606578, 32.612247, 32.612318, 32.613977, 32.618723, 32.618803, 32.618639, 32.612188, 32.610903, 32.610861, 32.610311, 32.60437, 32.604367, 32.604228, 32.606578)))"
481130166101,0.2648970747562297,0.25258397932816534,"list(list(c(-96.842958, -96.840648, -96.840099, -96.83995, -96.832963, -96.831205, -96.831182, -96.835486, -96.840603, -96.84148, -96.842795, -96.842958, 32.610311, 32.610861, 32.610903, 32.610901, 32.610919, 32.610128, 32.604342, 32.604374, 32.604263, 32.604267, 32.60437, 32.610311)))"
481130165162,0.7594799566630552,0.6634366925064599,"list(list(c(-96.902233, -96.899676, -96.899343, -96.891415, -96.891392, -96.898967, -96.899878, -96.900153, -96.902233, 32.652588, 32.6526, 32.653875, 32.654093, 32.647499, 32.647475, 32.647458, 32.65055, 32.652588)))"
481130165222,0.40655471289274103,0.3578811369509044,"list(list(c(-97.021304, -97.01897, -97.009773, -96.999881, -97.000103, -96.998862, -96.996213, -96.996341, -96.99329, -96.985582, -96.982321, -96.979253, -96.978913, -96.975781, -96.975285, -96.97393, -96.970248, -96.968012, -96.95733, -96.956086, -96.955277, -96.956638, -96.958367, -96.95763, -96.958868, -96.957988, -96.958742, -96.958554, -96.96186, -96.968477, -96.971656, -96.974223, -96.980925, -96.983303, -96.988076, -96.99331, -96.998147, -97.007751, -97.012823, -97.016242, -97.017632, -97.018899, 
-97.023092, -97.021304, 32.584666, 32.596905, 32.604373, 32.621301, 32.622443, 32.626192, 32.629766, 32.632885, 32.630741, 32.626767, 32.625506, 32.623859, 32.622802, 32.619532, 32.619697, 32.617613, 32.614897, 32.613778, 32.610489, 32.609654, 32.608967, 32.607942, 32.604287, 32.60295, 32.598393, 32.597166, 32.597023, 32.589883, 32.589892, 32.590412, 32.591336, 32.591397, 32.590331, 32.590691, 32.589682, 32.588174, 32.586691, 32.582397, 32.581279, 32.580495, 32.580486, 32.580807, 32.583452, 32.584666
)))"
481130164102,0.26375947995666305,0.2674418604651163,"list(list(c(-97.027886, -97.027731, -97.023524, -97.023486, -97.018213, -97.015368, -97.01535, -97.015308, -97.019642, -97.021599, -97.027807, -97.027886, 32.661717, 32.662656, 32.662692, 32.664462, 32.664136, 32.664476, 32.659402, 32.65835, 32.658329, 32.657946, 32.656837, 32.661717)))"
481130164074,0.716738894907909,0.6007751937984496,"list(list(c(-97.00246, -96.999612, -96.994186, -96.994206, -97.002477, -97.00246, 32.70333, 32.704219, 32.704089, 32.698846, 32.698864, 32.70333)))"
481130181301,0.23716143011917656,0.2041343669250646,"list(list(c(-96.630404, -96.62838, -96.628153, -96.627997, -96.627857, -96.621707, -96.622129, -96.62245, -96.620253, -96.62085, -96.622609, -96.623041, -96.624779, -96.628278, -96.630391, -96.630527, -96.630404, 32.847532, 32.849198, 32.849376, 32.849499, 32.849403, 32.844195, 32.843863, 32.8436, 32.841034, 32.84087, 32.839596, 32.840131, 32.841592, 32.844626, 32.847305, 32.847409, 32.847532)))"
481130091031,0.9089382448537378,0.8921188630490956,"list(list(c(-96.710452, -96.710155, -96.704211, -96.700284, -96.700042, -96.700076, -96.702505, -96.703013, -96.708239, -96.708609, -96.710333, -96.710452, 32.738719, 32.739404, 32.749152, 32.749007, 32.748354, 32.741486, 32.741332, 32.739109, 32.736934, 32.734461, 32.734433, 32.738719)))"
481130115001,0.9854279523293608,0.9844961240310077,"list(list(c(-96.741227, -96.737677, -96.73096, -96.729741, -96.729766, -96.732793, -96.732146, -96.73388, -96.73551, -96.736573, -96.738078, -96.741227, 32.758158, 32.766146, 32.76601, 32.765033, 32.763644, 32.760337, 32.75861, 32.756932, 32.757196, 32.755389, 32.755437, 32.758158)))"
481130196002,0.4154929577464789,0.3636950904392765,"list(list(c(-96.795694, -96.791298, -96.791049, -96.790953, -96.787117, -96.78712, -96.786143, -96.788467, -96.79117, -96.79269, -96.792992, -96.794199, -96.795694, 32.823189, 32.827747, 32.828131, 32.832265, 32.832338, 32.82916, 32.828333, 32.826346, 32.824084, 32.82266, 32.822173, 32.822711, 32.823189)))"
481130195012,0.013326110509209066,0.012919896640826822,"list(list(c(-96.804258, -96.804172, -96.798541, -96.7958, -96.795757, -96.796713, -96.804293, -96.804258, 32.859817, 32.865495, 32.865479, 32.8654, 32.862364, 32.857034, 32.856895, 32.859817)))"
481130194002,0.09664138678223189,0.12209302325581395,"list(list(c(-96.799885, -96.79721, -96.795408, -96.79495, -96.793562, -96.789558, -96.789218, -96.789708, -96.78865, -96.786887, -96.786915, -96.786858, -96.787025, -96.789634, -96.799826, -96.799885, 32.846818, 32.847279, 32.84885, 32.851073, 32.853262, 32.85515, 32.85705, 32.85841, 32.860365, 32.860365, 32.851143, 32.846897, 32.84525, 32.845021, 32.845391, 32.846818)))"
481130163021,0.9070422535211268,0.8972868217054264,"list(list(c(-96.99414, -96.994133, -96.994128, -96.994104, -96.985841, -96.986024, -96.98558, -96.993463, -96.994176, -96.99414, 32.715563, 32.7166, 32.717332, 32.720535, 32.720509, 32.712244, 32.71044, 32.710459, 32.710393, 32.715563)))"
481130160022,0.9431202600216685,0.9076227390180879,"list(list(c(-97.007158, -97.005926, -97.005878, -97.005784, -97.003791, -97.003767, -97.000225, -96.998784, -96.994892, -96.994969, -96.994371, -96.994263, -96.994206, -96.996646, -96.997085, -97.000438, -97.0024, -97.002235, -97.005302, -97.007166, -97.007158, 32.728603, 32.72999, 32.7319, 32.735892, 32.735875, 32.738711, 32.738712, 32.737471, 32.737671, 32.736488, 32.735439, 32.734932, 32.731658, 32.731996, 32.732185, 32.730916, 32.729445, 32.728496, 32.726242, 32.726115, 32.728603)))"
481130160013,0.8021668472372698,0.7125322997416021,"list(list(c(-97.009024, -97.008764, -97.007083, -97.003487, -97.003371, -97.003767, -97.003791, -97.005784, -97.005878, -97.005926, -97.007158, -97.009094, -97.009024, 32.736461, 32.744328, 32.74457, 32.744757, 32.741968, 32.738711, 32.735875, 32.735892, 32.7319, 32.72999, 32.728603, 32.728685, 32.736461)))"
481130157002,0.89068255687974,0.898578811369509,"list(list(c(-96.978781, -96.977955, -96.977025, -96.970701, -96.970753, -96.976723, -96.978786, -96.978781, 32.748635, 32.757626, 32.756003, 32.755664, 32.746181, 32.745863, 32.745893, 32.748635)))"
481130154042,0.8709100758396533,0.8255813953488372,"list(list(c(-97.028624, -97.027915, -97.028486, -97.02223, -97.022191, -97.022543, -97.022427, -97.017435, -97.016813, -97.01576, -97.016639, -97.02304, -97.029123, -97.028624, 32.749981, 32.750388, 32.752837, 32.75295, 32.751199, 32.749907, 32.748804, 32.748799, 32.744861, 32.742108, 32.741901, 32.741072, 32.740288, 32.749981)))"
481130154032,0.8821776814734561,0.8029715762273901,"list(list(c(-97.035167, -97.035171, -97.029998, -97.019906, -97.01994, -97.021525, -97.021606, -97.02223, -97.028486, -97.028388, -97.035191, -97.035167, 32.759368, 32.759693, 32.759679, 32.75965, 32.758376, 32.758383, 32.754279, 32.75295, 32.752837, 32.757076, 32.757098, 32.759368)))"
481130143093,0.983261105092091,0.9896640826873385,"list(list(c(-96.992071, -96.99188, -96.989168, -96.988544, -96.987856, -96.987405, -96.987397, -96.990441, -96.992078, -96.992071, 32.857072, 32.860754, 32.860523, 32.860259, 32.85868, 32.855763, 32.855562, 32.856788, 32.856872, 32.857072)))"
481130141261,0.025460455037919827,0.023255813953488413,"list(list(c(-97.00642, -97.006148, -96.993745, -96.993599, -96.993591, -96.998081, -96.997835, -96.996123, -96.997245, -96.999536, -97.001356, -97.006636, -97.00642, 32.969496, 32.969625, 32.96935, 32.960307, 32.954503, 32.954573, 32.959043, 32.959763, 32.962879, 32.963189, 32.962153, 32.96208, 32.969496)))"
481130190162,0.8416576381365114,0.7939276485788114,"list(list(c(-96.742097, -96.740406, -96.738795, -96.739261, -96.737888, -96.738818, -96.739559, -96.740593, -96.742097, 32.919675, 32.923074, 32.923107, 32.920836, 32.918236, 32.917678, 32.917946, 32.919189, 32.919675)))"
481130181053,0.8806067172264356,0.8145994832041343,"list(list(c(-96.625747, -96.624111, -96.615979, -96.61445, -96.613752, -96.613734, -96.613736, -96.621617, -96.621587, -96.625513, -96.626679, -96.625747, 32.931098, 32.931085, 32.930923, 32.929782, 32.928624, 32.925313, 32.922106, 32.922128, 32.927751, 32.927867, 32.92814, 32.931098)))"
481130181262,0.7505958829902492,0.6782945736434108,"list(list(c(-96.638632, -96.633669, -96.634232, -96.631999, -96.628053, -96.633012, -96.633375, -96.636607, -96.638632, 32.857901, 32.862133, 32.86451, 32.86676, 32.863308, 32.859053, 32.858815, 32.85613, 32.857901)))"
481130195014,0.023889490790899193,0.02131782945736438,"list(list(c(-96.804293, -96.796713, -96.789218, -96.789558, -96.793562, -96.79495, -96.804211, -96.804293, 32.856895, 32.857034, 32.85705, 32.85515, 32.853262, 32.851073, 32.851134, 32.856895)))"
481130052001,0.4347778981581798,0.398578811369509,"list(list(c(-96.856917, -96.855769, -96.851451, -96.851221, -96.844128, -96.844175, -96.856879, -96.856917, 32.747802, 32.74748, 32.746603, 32.746558, 32.744322, 32.741241, 32.741259, 32.747802)))"
481130045002,0.5843986998916577,0.4702842377260982,"list(list(c(-96.870009, -96.868817, -96.866477, -96.861535, -96.858332, -96.856917, -96.856879, -96.863503, -96.869688, -96.870272, -96.870009, 32.74437, 32.744528, 32.746012, 32.748075, 32.748092, 32.747802, 32.741259, 32.741256, 32.741241, 32.743479, 32.74437)))"
481130044003,0.5085048754062839,0.4140826873385013,"list(list(c(-96.856737, -96.856706, -96.856677, -96.850336, -96.851123, -96.850417, -96.851056, -96.850406, -96.851353, -96.854674, -96.856807, -96.856737, 32.762183, 32.764077, 32.766442, 32.764634, 32.764375, 32.763895, 32.761816, 32.760178, 32.758249, 32.756248, 32.755685, 32.762183)))"
481130042022,0.5508667388949079,0.45801033591731266,"list(list(c(-96.846428, -96.843538, -96.84277, -96.838954, -96.837463, -96.837452, -96.837584, -96.846485, -96.846428, 32.754742, 32.752873, 32.75373, 32.753896, 32.753197, 32.752377, 32.749488, 32.749507, 32.754742)))"
481130042011,0.6334777898158179,0.5096899224806202,"list(list(c(-96.837452, -96.837463, -96.837479, -96.835461, -96.835537, -96.835495, -96.835703, -96.823067, -96.822845, -96.822924, -96.825309, -96.829654, -96.830434, -96.831358, -96.83158, -96.831623, -96.837584, -96.837452, 32.752377, 32.753197, 32.754073, 32.754073, 32.758628, 32.758627, 32.767512, 32.769163, 32.769205, 32.758893, 32.759189, 32.759324, 32.758716, 32.757682, 32.752237, 32.74945, 32.749488, 32.752377)))"
481130181403,0.2528169014084507,0.22868217054263562,"list(list(c(-96.55617, -96.555665, -96.555882, -96.555223, -96.551542, -96.549124, -96.54626, -96.544564, -96.542962, -96.542983, -96.542991, -96.556328, -96.55617, 32.912734, 32.915514, 32.9232, 32.924143, 32.924822, 32.923719, 32.919849, 32.918295, 32.917247, 32.90807, 32.907807, 32.907702, 32.912734)))"
481130181402,0.7524377031419285,0.6298449612403101,"list(list(c(-96.570615, -96.56438, -96.564236, -96.559857, -96.55617, -96.556328, -96.569255, -96.569431, -96.569679, -96.570351, -96.573577, -96.570615, 32.92005, 32.914855, 32.914152, 32.912737, 32.912734, 32.907702, 32.907479, 32.907479, 32.913024, 32.914613, 32.917757, 32.92005)))"
481130166162,0.16939328277356447,0.18669250645994828,"list(list(c(-96.959213, -96.956818, -96.954491, -96.952393, -96.950528, -96.949795, -96.948196, -96.948217, -96.946349, -96.944485, -96.942195, -96.940848, -96.939013, -96.936269, -96.934002, -96.932235, -96.932179, -96.929882, -96.929824, -96.928339, -96.956008, -96.955978, -96.956649, -96.95891, -96.959471, -96.959213, 32.567559, 32.568604, 32.570437, 32.570697, 32.56919, 32.567189, 32.565933, 32.564724, 32.562655, 32.559891, 32.559282, 32.557833, 32.556708, 32.553786, 32.553981, 32.552247, 32.551436, 
32.549484, 32.548284, 32.547678, 32.547778, 32.552236, 32.552773, 32.552838, 32.553665, 32.567559)))"
481130190253,0.460184182015168,0.3863049095607235,"list(list(c(-96.632677, -96.627123, -96.627762, -96.623497, -96.620434, -96.620642, -96.623094, -96.626319, -96.630081, -96.632677, 32.941437, 32.946161, 32.946779, 32.950135, 32.947494, 32.947037, 32.939439, 32.936933, 32.940776, 32.941437)))"
481130137172,0.8982123510292525,0.8488372093023255,"list(list(c(-96.910761, -96.910225, -96.90746, -96.907451, -96.902485, -96.896932, -96.896553, -96.896376, -96.894579, -96.910055, -96.910599, -96.910761, 32.953789, 32.954043, 32.955872, 32.956553, 32.95928, 32.964925, 32.964396, 32.961198, 32.953715, 32.953761, 32.953553, 32.953789)))"
481130182063,0.7540628385698809,0.7054263565891472,"list(list(c(-96.630875, -96.630747, -96.630069, -96.623157, -96.621562, -96.63062, -96.630747, -96.630943, -96.630875, 32.8789, 32.887368, 32.886274, 32.880209, 32.878839, 32.871329, 32.871223, 32.87181, 32.8789)))"
481130130082,0.6910617551462621,0.5781653746770026,"list(list(c(-96.730599, -96.721898, -96.717936, -96.717963, -96.729279, -96.730704, -96.730676, -96.730005, -96.731089, -96.730599, 32.886066, 32.886411, 32.886007, 32.878861, 32.878725, 32.878594, 32.878725, 32.88196, 32.886032, 32.886066)))"
481130198003,0.09452871072589386,0.06330749354005172,"list(list(c(-96.813002, -96.808859, -96.808675, -96.804361, -96.80439, -96.800641, -96.800975, -96.802051, -96.802827, -96.801222, -96.80057, -96.799205, -96.799431, -96.799744, -96.799987, -96.800209, -96.802381, -96.802347, -96.803143, -96.804883, -96.807409, -96.811613, -96.812986, -96.813002, 32.836618, 32.836599, 32.837934, 32.838208, 32.836589, 32.836577, 32.834361, 32.833959, 32.830691, 32.826346, 32.822544, 32.818945, 32.818944, 32.818944, 32.81897, 32.819693, 32.819679, 32.822671, 32.824464, 
32.82614, 32.82694, 32.826783, 32.832194, 32.836618)))"
481130044002,0.10205850487540624,0.0968992248062015,"list(list(c(-96.851123, -96.850336, -96.848366, -96.845115, -96.841824, -96.838041, -96.835703, -96.835495, -96.835537, -96.836183, -96.839053, -96.844768, -96.84652, -96.848911, -96.850406, -96.851056, -96.850417, -96.851123, 32.764375, 32.764634, 32.764158, 32.764109, 32.765158, 32.76703, 32.767512, 32.758627, 32.758628, 32.758632, 32.759344, 32.759462, 32.758668, 32.759202, 32.760178, 32.761816, 32.763895, 32.764375)))"
481130054001,0.2172806067172265,0.19702842377260987,"list(list(c(-96.822843, -96.822841, -96.822813, -96.810858, -96.810867, -96.810869, -96.81094, -96.814573, -96.814521, -96.816947, -96.816937, -96.822878, -96.822843, 32.721382, 32.721496, 32.722814, 32.722734, 32.720273, 32.720169, 32.714911, 32.714962, 32.719088, 32.719099, 32.720219, 32.720318, 32.721382)))"
481130061001,0.9712892741061755,0.960594315245478,"list(list(c(-96.857183, -96.85701, -96.848629, -96.840172, -96.840179, -96.840148, -96.840154, -96.840124, -96.841498, -96.847292, -96.848533, -96.849477, -96.85217, -96.85712, -96.857183, 32.70581, 32.705812, 32.70583, 32.705893, 32.705783, 32.698389, 32.69814, 32.694888, 32.695046, 32.699168, 32.700729, 32.700052, 32.70167, 32.703328, 32.70581)))"
481130078092,0.2619718309859155,0.2848837209302325,"list(list(c(-96.745926, -96.743693, -96.742467, -96.739577, -96.738481, -96.738173, -96.736749, -96.733953, -96.731132, -96.728946, -96.728506, -96.725103, -96.728654, -96.731694, -96.733163, -96.735257, -96.736666, -96.744477, -96.747852, -96.745926, 32.864047, 32.865133, 32.865954, 32.867562, 32.866697, 32.866301, 32.864583, 32.863231, 32.862493, 32.859723, 32.859363, 32.858517, 32.856951, 32.85561, 32.854999, 32.854307, 32.854318, 32.855756, 32.863428, 32.864047)))"
481130096082,0.0983748645720477,0.09043927648578809,"list(list(c(-96.848127, -96.841345, -96.839916, -96.838914, -96.838707, -96.838251, -96.838247, -96.838276, -96.843924, -96.846613, -96.846616, -96.848127, 32.921473, 32.924453, 32.925259, 32.92568, 32.925258, 32.923856, 32.921659, 32.918059, 32.917655, 32.917842, 32.918747, 32.921473)))"
481130113001,0.7170097508125677,0.6246770025839794,"list(list(c(-96.805918, -96.798963, -96.793401, -96.793205, -96.793825, -96.802324, -96.8027, -96.805898, -96.805918, 32.674985, 32.67495, 32.675831, 32.672728, 32.671702, 32.66883, 32.668286, 32.668703, 32.674985)))"
481130137203,0.49414951245937166,0.4709302325581395,"list(list(c(-96.890617, -96.879454, -96.875295, -96.876069, -96.884011, -96.885081, -96.889922, -96.890188, -96.890412, -96.890887, -96.890617, 32.988023, 32.98788, 32.98783, 32.985149, 32.985169, 32.975537, 32.975575, 32.983922, 32.984912, 32.986239, 32.988023)))"
481130126011,0.8619176598049838,0.8262273901808785,"list(list(c(-96.665708, -96.665625, -96.665491, -96.661581, -96.658127, -96.658209, -96.658041, -96.656764, -96.653194, -96.653453, -96.655667, -96.658838, -96.65908, -96.662138, -96.665917, -96.665708, 32.865777, 32.866614, 32.866538, 32.864036, 32.861839, 32.86103, 32.860627, 32.856822, 32.85532, 32.854063, 32.85419, 32.851498, 32.852317, 32.85148, 32.85241, 32.865777)))"
481130131041,0.3559046587215602,0.3468992248062015,"list(list(c(-96.777169, -96.777348, -96.776574, -96.775082, -96.7711, -96.770285, -96.770045, -96.770186, -96.770249, -96.770713, -96.778675, -96.777169, 32.883127, 32.886538, 32.886333, 32.886558, 32.887726, 32.887769, 32.887735, 32.886532, 32.88015, 32.88015, 32.880161, 32.883127)))"
481130078222,0.41576381365113757,0.4089147286821705,"list(list(c(-96.77035, -96.770249, -96.770186, -96.770045, -96.768868, -96.764813, -96.764901, -96.764913, -96.764257, -96.761868, -96.761016, -96.759953, -96.759962, -96.760079, -96.763281, -96.763393, -96.764882, -96.765915, -96.767273, -96.770373, -96.77035, 32.871851, 32.88015, 32.886532, 32.887735, 32.887501, 32.887629, 32.882689, 32.877878, 32.877719, 32.879284, 32.879602, 32.880353, 32.879728, 32.8793, 32.873185, 32.87306, 32.871736, 32.87064, 32.865537, 32.865603, 32.871851)))"
481130078213,0.7520585048754063,0.6434108527131783,"list(list(c(-96.75514, -96.754687, -96.752595, -96.753686, -96.754727, -96.748962, -96.744779, -96.741978, -96.741382, -96.74089, -96.739848, -96.74034, -96.739577, -96.742467, -96.743693, -96.742677, -96.748127, -96.751638, -96.75477, -96.75514, 32.870247, 32.872326, 32.872805, 32.874737, 32.875639, 32.880411, 32.875101, 32.873797, 32.872393, 32.872497, 32.870742, 32.868924, 32.867562, 32.865954, 32.865133, 32.868073, 32.869038, 32.869722, 32.870179, 32.870247)))"
481130190353,0.08055254604550377,0.10012919896640826,"list(list(c(-96.735542, -96.732129, -96.72963, -96.728421, -96.722925, -96.717805, -96.717799, -96.723445, -96.723755, -96.728121, -96.728146, -96.729991, -96.732106, -96.735529, -96.735542, 32.914119, 32.913893, 32.915152, 32.915888, 32.916325, 32.91632, 32.914221, 32.913972, 32.912788, 32.911548, 32.909246, 32.909211, 32.909232, 32.911544, 32.914119)))"
481130141301,0.12204767063921995,0.1414728682170543,"list(list(c(-96.952773, -96.95225, -96.948926, -96.945658, -96.945479, -96.943401, -96.9426, -96.943582, -96.943198, -96.941694, -96.938266, -96.937766, -96.93626, -96.935245, -96.935196, -96.935226, -96.935237, -96.935559, -96.93566, -96.937581, -96.939112, -96.940171, -96.939986, -96.935992, -96.933513, -96.932987, -96.932849, -96.933505, -96.935171, -96.937241, -96.93684, -96.936062, -96.935716, -96.937937, -96.938115, -96.937314, -96.937864, -96.937279, -96.937877, -96.937696, -96.937048, -96.936927, 
-96.936661, -96.936364, -96.936103, -96.935893, -96.935695, -96.935595, -96.935551, -96.933267, -96.930675, -96.930244, -96.931075, -96.940806, -96.941, -96.939673, -96.943473, -96.944156, -96.943289, -96.944364, -96.949323, -96.952526, -96.955677, -96.952773, 32.925654, 32.927286, 32.927259, 32.927241, 32.930925, 32.934015, 32.934269, 32.937868, 32.939152, 32.939297, 32.937423, 32.937911, 32.936797, 32.937044, 32.936678, 32.934947, 32.934883, 32.934627, 32.934497, 32.935286, 32.934832, 32.932947, 
32.932026, 32.930071, 32.929819, 32.929362, 32.928401, 32.927737, 32.927175, 32.927794, 32.926423, 32.925665, 32.924682, 32.923125, 32.92157, 32.921563, 32.919241, 32.917147, 32.914427, 32.913851, 32.913572, 32.913379, 32.913113, 32.912926, 32.912832, 32.912838, 32.912728, 32.912739, 32.912892, 32.912618, 32.910735, 32.909249, 32.90943, 32.91162, 32.911666, 32.912554, 32.913458, 32.915622, 32.918393, 32.921599, 32.921633, 32.921926, 32.923561, 32.925654)))"
481130136111,0.10113759479956663,0.06459948320413433,"list(list(c(-96.828519, -96.822603, -96.813355, -96.806762, -96.805644, -96.80343, -96.804015, -96.804417, -96.804475, -96.804234, -96.804502, -96.806229, -96.810002, -96.814934, -96.816867, -96.819899, -96.823425, -96.827776, -96.828458, -96.828811, -96.828519, 32.987236, 32.98716, 32.987041, 32.986957, 32.986943, 32.986914, 32.985538, 32.98348, 32.974688, 32.972687, 32.972692, 32.972757, 32.976419, 32.977218, 32.978344, 32.978391, 32.975298, 32.978729, 32.979728, 32.980922, 32.987236)))"
481130136203,0.2396533044420368,0.22932816537467704,"list(list(c(-96.819954, -96.814355, -96.814009, -96.814496, -96.815508, -96.815508, -96.818957, -96.819732, -96.819954, 32.968528, 32.9685, 32.966819, 32.966641, 32.966635, 32.96686, 32.966775, 32.967855, 32.968528)))"
481130096032,0.7180390032502708,0.6059431524547804,"list(list(c(-96.838707, -96.833801, -96.820753, -96.818827, -96.821882, -96.824764, -96.829502, -96.834958, -96.838247, -96.838251, -96.838707, 32.925258, 32.926077, 32.926067, 32.921478, 32.921203, 32.922296, 32.922427, 32.922325, 32.921659, 32.923856, 32.925258)))"
481130176052,0.5152762730227519,0.4192506459948321,"list(list(c(-96.648205, -96.646858, -96.644006, -96.643384, -96.643072, -96.640116, -96.642968, -96.644547, -96.648208, -96.648205, 32.7622, 32.762235, 32.762375, 32.759507, 32.759014, 32.756453, 32.754441, 32.757072, 32.756946, 32.7622)))"
481130109031,0.9008125677139762,0.8449612403100775,"list(list(c(-96.891544, -96.891364, -96.890438, -96.882712, -96.880713, -96.882309, -96.882569, -96.882697, -96.882698, -96.881616, -96.881539, -96.891268, -96.891414, -96.89146, -96.891308, -96.890702, -96.890508, -96.889373, -96.888433, -96.887985, -96.888303, -96.89073, -96.89132, -96.891468, -96.891476, -96.891472, -96.891468, -96.891468, -96.891539, -96.891544, 32.69165, 32.691561, 32.691287, 32.691322, 32.691249, 32.688063, 32.687178, 32.676701, 32.672665, 32.670287, 32.661948, 32.661913, 32.661913, 
32.668113, 32.668112, 32.668104, 32.667088, 32.667125, 32.667575, 32.66852, 32.669266, 32.668984, 32.669246, 32.669239, 32.671878, 32.672974, 32.676484, 32.676629, 32.691459, 32.69165)))"
481130190402,0.22026002166847236,0.26937984496124034,"list(list(c(-96.718234, -96.718194, -96.715075, -96.714043, -96.712981, -96.718125, -96.71819, -96.719709, -96.718234, 32.938377, 32.9399, 32.939847, 32.939858, 32.931238, 32.931291, 32.931947, 32.935015, 32.938377)))"
481130190191,0.8527627302275189,0.791343669250646,"list(list(c(-96.718089, -96.717063, -96.715207, -96.71153, -96.711487, -96.710849, -96.711483, -96.717791, -96.718089, 32.923052, 32.922593, 32.921697, 32.9195, 32.919327, 32.917149, 32.916798, 32.916803, 32.923052)))"
481130190351,0.9721018418201517,0.9593023255813954,"list(list(c(-96.723445, -96.717799, -96.718241, -96.717888, -96.722952, -96.722691, -96.723755, -96.723445, 32.913972, 32.914221, 32.910764, 32.909548, 32.909601, 32.912042, 32.912788, 32.913972)))"
481130171011,0.9487540628385699,0.937984496124031,"list(list(c(-96.632414, -96.628073, -96.627428, -96.626032, -96.623941, -96.622568, -96.613082, -96.605178, -96.58644, -96.586446, -96.58668, -96.590203, -96.590813, -96.598008, -96.605094, -96.617626, -96.61941, -96.622935, -96.630423, -96.632414, 32.691513, 32.698723, 32.699475, 32.700369, 32.701385, 32.701703, 32.701712, 32.702375, 32.704186, 32.703499, 32.702956, 32.702189, 32.701706, 32.695876, 32.6903, 32.690416, 32.690845, 32.690437, 32.690431, 32.691513)))"
481130164122,0.31646803900325027,0.29198966408268734,"list(list(c(-97.006986, -96.983415, -96.978835, -96.975481, -96.975721, -96.977482, -96.978815, -96.981648, -96.988034, -97.0026, -97.002286, -97.003515, -97.006748, -97.006987, -97.006986, 32.675416, 32.672251, 32.671636, 32.671199, 32.670929, 32.668844, 32.667612, 32.666979, 32.665545, 32.662466, 32.666601, 32.668725, 32.672831, 32.675137, 32.675416)))"
481130137261,0.352112676056338,0.28100775193798455,"list(list(c(-96.855807, -96.855801, -96.855623, -96.849513, -96.846786, -96.845846, -96.847791, -96.850044, -96.848733, -96.846535, -96.844863, -96.842553, -96.838997, -96.839026, -96.855699, -96.855868, -96.855807, 32.949605, 32.953083, 32.953086, 32.953106, 32.953908, 32.951222, 32.95122, 32.949306, 32.94634, 32.945473, 32.945366, 32.946063, 32.94592, 32.94371, 32.943644, 32.943653, 32.949605)))"
481130164091,0.406988082340195,0.35400516795865633,"list(list(c(-97.006984, -97.005097, -97.002139, -96.99958, -96.998805, -96.995583, -96.994112, -96.994847, -96.991609, -96.992568, -96.991241, -96.989282, -96.988133, -96.989156, -96.989266, -96.988195, -96.984066, -96.980808, -96.977011, -96.976187, -96.97433, -96.973184, -96.973641, -96.973337, -96.971731, -96.970768, -96.971973, -96.971467, -96.972777, -96.974177, -96.974548, -96.975481, -96.978835, -96.983415, -97.006986, -97.006984, 32.676389, 32.676506, 32.67799, 32.67812, 32.677239, 32.679018, 
32.679059, 32.679941, 32.681243, 32.682383, 32.683808, 32.684627, 32.687546, 32.687549, 32.687672, 32.691395, 32.692649, 32.691896, 32.694705, 32.695922, 32.696019, 32.69733, 32.693346, 32.691405, 32.689999, 32.687146, 32.68291, 32.681615, 32.677016, 32.675303, 32.672317, 32.671199, 32.671636, 32.672251, 32.675416, 32.676389)))"
481130165212,0.6229144095341279,0.49677002583979324,"list(list(c(-96.988086, -96.987252, -96.984725, -96.983175, -96.980988, -96.980255, -96.978815, -96.977482, -96.975721, -96.975481, -96.974548, -96.974177, -96.972777, -96.971467, -96.971973, -96.970768, -96.971731, -96.973337, -96.973641, -96.973184, -96.972332, -96.970813, -96.966132, -96.954977, -96.952975, -96.95245, -96.951548, -96.951318, -96.949843, -96.948756, -96.946275, -96.944172, -96.94301, -96.942155, -96.941956, -96.941298, -96.941971, -96.941233, -96.939688, -96.936518, -96.934927, 
-96.934145, -96.930871, -96.930866, -96.928149, -96.927245, -96.927185, -96.9259, -96.92576, -96.925634, -96.928875, -96.933919, -96.937702, -96.947119, -96.947112, -96.946509, -96.943594, -96.943226, -96.946962, -96.953238, -96.955967, -96.958278, -96.964362, -96.968725, -96.97253, -96.986287, -96.990085, -96.988086, 32.653456, 32.655644, 32.655991, 32.660407, 32.664203, 32.666494, 32.667612, 32.668844, 32.670929, 32.671199, 32.672317, 32.675303, 32.677016, 32.681615, 32.68291, 32.687146, 32.689999, 
32.691405, 32.693346, 32.69733, 32.698026, 32.699066, 32.706977, 32.708024, 32.707478, 32.707118, 32.709811, 32.714511, 32.716079, 32.715715, 32.712598, 32.711776, 32.709516, 32.705708, 32.702126, 32.699548, 32.698689, 32.69637, 32.694651, 32.693018, 32.69296, 32.691828, 32.69082, 32.689608, 32.684807, 32.684009, 32.680788, 32.679374, 32.676475, 32.669731, 32.670294, 32.670107, 32.670202, 32.670939, 32.668926, 32.667793, 32.665355, 32.662227, 32.664306, 32.666333, 32.66554, 32.665613, 32.662129, 
32.661532, 32.659692, 32.653156, 32.652057, 32.653456)))"
481130141341,0.18017334777898153,0.17958656330749356,"list(list(c(-96.993692, -96.993591, -96.991045, -96.99103, -96.989514, -96.991456, -96.987365, -96.986427, -96.984999, -96.980428, -96.980446, -96.9784, -96.978266, -96.975615, -96.973793, -96.97364, -96.972389, -96.972318, -96.971861, -96.972384, -96.972396, -96.973891, -96.976936, -96.979121, -96.98049, -96.983923, -96.985642, -96.99051, -96.993708, -96.993692, 32.976706, 32.978309, 32.979078, 32.979895, 32.980524, 32.981702, 32.981785, 32.98265, 32.982371, 32.983724, 32.984651, 32.98475, 32.986092, 
32.989118, 32.989148, 32.987018, 32.983949, 32.982678, 32.981945, 32.981237, 32.974984, 32.975243, 32.976863, 32.977044, 32.977511, 32.978537, 32.97845, 32.976629, 32.976582, 32.976706)))"
481130144051,0.9769230769230769,0.9696382428940569,"list(list(c(-96.990181, -96.986061, -96.985634, -96.984562, -96.98233, -96.982449, -96.983887, -96.987935, -96.987947, -96.990095, -96.990181, 32.828474, 32.828384, 32.828356, 32.828083, 32.826469, 32.824914, 32.824081, 32.824137, 32.823093, 32.823417, 32.828474)))"
481130138061,0.2702600216684724,0.2603359173126615,"list(list(c(-96.855951, -96.855929, -96.855762, -96.847569, -96.847543, -96.840247, -96.839049, -96.839023, -96.839026, -96.838997, -96.838967, -96.829907, -96.830164, -96.828147, -96.82552, -96.824065, -96.821546, -96.821544, -96.821217, -96.820802, -96.820753, -96.833801, -96.838707, -96.838914, -96.839916, -96.844621, -96.846553, -96.846758, -96.846967, -96.847358, -96.847569, -96.847813, -96.847997, -96.851593, -96.854614, -96.855989, -96.855951, 32.925323, 32.933543, 32.933532, 32.933377, 32.936191, 
32.936789, 32.937374, 32.939859, 32.94371, 32.94592, 32.954265, 32.954014, 32.95274, 32.946859, 32.939518, 32.936107, 32.928376, 32.927485, 32.927525, 32.92622, 32.926067, 32.926077, 32.925258, 32.92568, 32.925259, 32.925355, 32.925471, 32.925582, 32.925719, 32.925547, 32.925478, 32.925418, 32.925392, 32.92531, 32.924244, 32.924231, 32.925323)))"
481130166241,0.28602383531960995,0.29780361757105944,"list(list(c(-96.925356, -96.925407, -96.925393, -96.908251, -96.908159, -96.908146, -96.908171, -96.918575, -96.91964, -96.921707, -96.925417, -96.925356, 32.551068, 32.568075, 32.575347, 32.575356, 32.550444, 32.548857, 32.547607, 32.547644, 32.547644, 32.547654, 32.547666, 32.551068)))"
481130166213,0.5371072589382448,0.5025839793281655,"list(list(c(-96.856878, -96.839665, -96.83966, -96.841344, -96.851633, -96.852083, -96.856863, -96.856878, 32.565013, 32.565054, 32.562955, 32.561267, 32.561021, 32.56144, 32.563189, 32.565013)))"
481130185011,0.8598049837486457,0.7945736434108527,"list(list(c(-96.665665, -96.649143, -96.6582, -96.660692, -96.661633, -96.665632, -96.665665, 32.894381, 32.89438, 32.881766, 32.882852, 32.885942, 32.886787, 32.894381)))"
481130166242,0.4209642470205851,0.3708010335917312,"list(list(c(-96.925421, -96.908251, -96.908251, -96.925393, -96.925399, -96.925421, 32.589903, 32.589815, 32.575356, 32.575347, 32.584271, 32.589903)))"
481130136241,0.5228060671722643,0.437984496124031,"list(list(c(-96.823494, -96.822178, -96.822096, -96.818521, -96.818745, -96.818022, -96.81642, -96.817052, -96.819113, -96.822422, -96.823092, -96.823426, -96.823494, 32.950229, 32.953425, 32.95402, 32.953989, 32.951633, 32.950114, 32.94699, 32.946821, 32.946834, 32.94682, 32.946695, 32.946573, 32.950229)))"
481130181371,0.31083423618634887,0.2680878552971576,"list(list(c(-96.571498, -96.564937, -96.562834, -96.560955, -96.559018, -96.555779, -96.556366, -96.557386, -96.569853, -96.570836, -96.571454, -96.571498, 32.855311, 32.855306, 32.856747, 32.856831, 32.86111, 32.861166, 32.856924, 32.855633, 32.850544, 32.851717, 32.852756, 32.855311)))"
481130061002,0.6726435536294691,0.5277777777777778,"list(list(c(-96.857102, -96.85712, -96.85217, -96.849477, -96.848533, -96.847292, -96.841498, -96.840124, -96.840378, -96.846221, -96.857138, -96.857102, 32.698211, 32.703328, 32.70167, 32.700052, 32.700729, 32.699168, 32.695046, 32.694888, 32.691217, 32.691358, 32.691234, 32.698211)))"
481130126043,0.13683640303358613,0.13242894056847543,"list(list(c(-96.654966, -96.652005, -96.648445, -96.648371, -96.648075, -96.646283, -96.640088, -96.639276, -96.636944, -96.636015, -96.635868, -96.639674, -96.640375, -96.642084, -96.647429, -96.648996, -96.649484, -96.654421, -96.659251, -96.654966, 32.85081, 32.853264, 32.852024, 32.851109, 32.847242, 32.84608, 32.844776, 32.843443, 32.842827, 32.843069, 32.842925, 32.839652, 32.839261, 32.839025, 32.837009, 32.838334, 32.838762, 32.842953, 32.847157, 32.85081)))"
481130143171,0.4339653304442037,0.36627906976744184,"list(list(c(-96.956851, -96.95194, -96.950995, -96.950271, -96.950312, -96.952059, -96.955637, -96.956851, 32.858521, 32.861538, 32.861687, 32.859659, 32.853741, 32.854447, 32.855685, 32.858521)))"
481130155001,0.7923076923076923,0.7493540051679586,"list(list(c(-97.019906, -97.012336, -97.012142, -97.008764, -97.011141, -97.01576, -97.016813, -97.017435, -97.017039, -97.01994, -97.019906, 32.75965, 32.759641, 32.743837, 32.744328, 32.743723, 32.742108, 32.744861, 32.748799, 32.752885, 32.758376, 32.75965)))"
481130078052,0.17843986998916572,0.14018087855297157,"list(list(c(-96.769032, -96.760794, -96.758638, -96.759272, -96.760832, -96.76071, -96.756734, -96.757718, -96.756828, -96.754899, -96.752772, -96.753412, -96.753482, -96.755005, -96.756688, -96.759069, -96.761767, -96.761455, -96.763326, -96.764459, -96.765971, -96.767695, -96.768543, -96.769109, -96.769032, 32.909347, 32.909312, 32.909299, 32.907687, 32.905557, 32.905133, 32.904876, 32.901543, 32.896102, 32.89507, 32.894568, 32.893662, 32.893521, 32.890821, 32.889043, 32.890478, 32.895417, 32.896492, 
32.898511, 32.900779, 32.901566, 32.904981, 32.905347, 32.905496, 32.909347)))"
481130090021,0.9224268689057421,0.874031007751938,"list(list(c(-96.682794, -96.677536, -96.673522, -96.674075, -96.674134, -96.674567, -96.680063, -96.682793, -96.682809, -96.682794, 32.755021, 32.754949, 32.754697, 32.752913, 32.748789, 32.748801, 32.748858, 32.748887, 32.750054, 32.755021)))"
481130165341,0.8284398699891657,0.7435400516795866,"list(list(c(-96.908707, -96.903933, -96.903835, -96.893361, -96.891986, -96.892477, -96.893554, -96.908679, -96.908762, -96.908707, 32.71115, 32.705849, 32.705714, 32.693415, 32.691794, 32.691431, 32.691263, 32.691224, 32.705736, 32.71115)))"
481130178201,0.47226435536294686,0.42958656330749356,"list(list(c(-96.646563, -96.640935, -96.639152, -96.635714, -96.634946, -96.634521, -96.634645, -96.638313, -96.643764, -96.64494, -96.646563, 32.813996, 32.816639, 32.817642, 32.81476, 32.813786, 32.811324, 32.811162, 32.808241, 32.812918, 32.814555, 32.813996)))"
481130192114,0.09767063921993502,0.148578811369509,"list(list(c(-96.734281, -96.73421, -96.732929, -96.729385, -96.727096, -96.728121, -96.727192, -96.728388, -96.734293, -96.734281, 32.975515, 32.975667, 32.975554, 32.975533, 32.972855, 32.971387, 32.96922, 32.969498, 32.969427, 32.975515)))"
481130190313,0.2890574214517877,0.29328165374677007,"list(list(c(-96.67486, -96.673311, -96.673566, -96.672954, -96.670375, -96.670201, -96.669867, -96.669873, -96.673285, -96.673863, -96.673425, -96.673832, -96.67486, 32.969732, 32.971363, 32.972654, 32.9728, 32.974026, 32.973697, 32.961387, 32.960794, 32.960735, 32.960704, 32.961353, 32.967166, 32.969732)))"
481130192084,0.9184723726977249,0.8811369509043928,"list(list(c(-96.769301, -96.769126, -96.7691, -96.766591, -96.765735, -96.764277, -96.764485, -96.761424, -96.760947, -96.760006, -96.759964, -96.761846, -96.764269, -96.769313, -96.769301, 32.924423, 32.926932, 32.928337, 32.928756, 32.9304, 32.930683, 32.928506, 32.927951, 32.928418, 32.929221, 32.928759, 32.926914, 32.923874, 32.923978, 32.924423)))"
481130096051,0.5719393282773564,0.5051679586563307,"list(list(c(-96.892207, -96.890856, -96.881765, -96.881551, -96.8733, -96.861966, -96.859084, -96.856049, -96.856089, -96.863966, -96.864003, -96.872483, -96.872657, -96.88162, -96.882531, -96.889528, -96.89185, -96.892207, 32.908842, 32.909095, 32.911158, 32.9112, 32.913074, 32.91635, 32.916941, 32.918138, 32.913189, 32.913196, 32.909723, 32.909782, 32.909788, 32.909436, 32.909403, 32.908779, 32.907715, 32.908842)))"
481130004092,0.4419284940411701,0.4037467700258398,"list(list(c(-96.854914, -96.850115, -96.84596, -96.845806, -96.84483, -96.841739, -96.841619, -96.835634, -96.835157, -96.834279, -96.833592, -96.831698, -96.831556, -96.827578, -96.8264, -96.826506, -96.831123, -96.833691, -96.836366, -96.839327, -96.847479, -96.850862, -96.854914, 32.82616, 32.829966, 32.833456, 32.833584, 32.832739, 32.830118, 32.830227, 32.835273, 32.835635, 32.836115, 32.836318, 32.836512, 32.836524, 32.831221, 32.82996, 32.829884, 32.825724, 32.823579, 32.821281, 32.818697, 
32.825597, 32.822879, 32.82616)))"
481130100032,0.4802816901408451,0.42441860465116277,"list(list(c(-96.906129, -96.905697, -96.903377, -96.896964, -96.895569, -96.895582, -96.892205, -96.890732, -96.889744, -96.889913, -96.889666, -96.88907, -96.891615, -96.893201, -96.887882, -96.885245, -96.880924, -96.879113, -96.875452, -96.874544, -96.873752, -96.869155, -96.868003, -96.866211, -96.864803, -96.861499, -96.853033, -96.84966, -96.849387, -96.840355, -96.832997, -96.829373, -96.823078, -96.818662, -96.825069, -96.823015, -96.819093, -96.822425, -96.824711, -96.826545, -96.828679, 
-96.835093, -96.843424, -96.848132, -96.851216, -96.852655, -96.854805, -96.873922, -96.882147, -96.883318, -96.883922, -96.898522, -96.901537, -96.903705, -96.904124, -96.904565, -96.905721, -96.906141, -96.906129, 32.814286, 32.816194, 32.818797, 32.825104, 32.825066, 32.825611, 32.828453, 32.830314, 32.831702, 32.836297, 32.844122, 32.848, 32.847164, 32.847803, 32.851694, 32.85409, 32.850068, 32.847919, 32.839336, 32.832934, 32.830228, 32.818968, 32.816729, 32.814921, 32.813267, 32.812162, 32.811842, 
32.81113, 32.811034, 32.806751, 32.803187, 32.802107, 32.800976, 32.798522, 32.789682, 32.786661, 32.781129, 32.779989, 32.783499, 32.785451, 32.786691, 32.78965, 32.793633, 32.796386, 32.797645, 32.797916, 32.798026, 32.797969, 32.798009, 32.79811, 32.798118, 32.798192, 32.800668, 32.804281, 32.80494, 32.805594, 32.807403, 32.80913, 32.814286)))"
481130073012,0.10606717226435536,0.09302325581395354,"list(list(c(-96.816881, -96.811347, -96.810707, -96.804172, -96.804258, -96.808584, -96.808618, -96.812324, -96.813168, -96.815361, -96.815296, -96.816748, -96.81683, -96.816881, 32.865537, 32.865498, 32.865478, 32.865495, 32.859817, 32.860422, 32.857912, 32.857922, 32.851174, 32.851162, 32.861434, 32.863704, 32.864019, 32.865537)))"
481130190492,0.9262188515709643,0.8772609819121447,"list(list(c(-96.656966, -96.656021, -96.648157, -96.64835, -96.657102, -96.656966, 32.945096, 32.94531, 32.945183, 32.93824, 32.938245, 32.945096)))"
481130136112,0.0610509209100758,0.04198966408268734,"list(list(c(-96.823425, -96.819899, -96.816867, -96.814934, -96.810002, -96.806229, -96.804502, -96.804234, -96.804104, -96.804465, -96.810281, -96.814355, -96.819954, -96.821583, -96.821703, -96.821884, -96.823425, 32.975298, 32.978391, 32.978344, 32.977218, 32.976419, 32.972757, 32.972692, 32.972687, 32.971213, 32.970863, 32.968503, 32.9685, 32.968528, 32.968594, 32.973104, 32.973625, 32.975298)))"
481130165272,0.1517876489707476,0.16279069767441856,"list(list(c(-96.99824, -96.994091, -96.992973, -96.990249, -96.990249, -96.990375, -96.990085, -96.986287, -96.97253, -96.97146, -96.970312, -96.972946, -96.9762, -96.977494, -96.973791, -96.972703, -96.972615, -96.972509, -96.972546, -96.972022, -96.974735, -96.975642, -96.97584, -96.975401, -96.975285, -96.975781, -96.978913, -96.979253, -96.982321, -96.985582, -96.99329, -96.996341, -96.996263, -96.995725, -96.995451, -96.991896, -96.99001, -96.98975, -96.993981, -96.99854, -96.99824, 32.64586, 
32.648176, 32.648358, 32.64988, 32.651815, 32.651976, 32.652057, 32.653156, 32.659692, 32.657964, 32.65309, 32.651809, 32.651609, 32.651238, 32.643337, 32.640669, 32.640371, 32.637773, 32.637378, 32.637165, 32.628864, 32.624741, 32.622069, 32.619957, 32.619697, 32.619532, 32.622802, 32.623859, 32.625506, 32.626767, 32.630741, 32.632885, 32.634922, 32.637644, 32.639723, 32.642799, 32.6433, 32.643832, 32.644543, 32.644626, 32.64586)))"
481130147041,0.9721560130010835,0.9741602067183462,"list(list(c(-96.934251, -96.934242, -96.932515, -96.925852, -96.925609, -96.925656, -96.925634, -96.934345, -96.934251, 32.822077, 32.823068, 32.823054, 32.823026, 32.822164, 32.817554, 32.814526, 32.81461, 32.822077)))"
481130006072,0.07925243770314194,0.07493540051679581,"list(list(c(-96.807142, -96.80696, -96.806866, -96.804513, -96.80439, -96.804383, -96.804393, -96.802347, -96.802381, -96.802338, -96.805134, -96.806868, -96.80772, -96.807142, 32.818123, 32.823171, 32.823162, 32.823175, 32.823173, 32.822774, 32.822688, 32.822671, 32.819679, 32.817393, 32.817428, 32.817743, 32.817568, 32.818123)))"
481130166331,0.013434452871072589,0.014857881136950857,"list(list(c(-96.89119, -96.882688, -96.882773, -96.882746, -96.891143, -96.89119, 32.589782, 32.58979, 32.588863, 32.575336, 32.575339, 32.589782)))"
481130126041,0.8958829902491874,0.8423772609819121,"list(list(c(-96.649446, -96.649401, -96.648839, -96.645719, -96.642738, -96.643058, -96.64317, -96.64472, -96.647323, -96.651014, -96.649446, 32.855444, 32.855483, 32.855953, 32.853855, 32.851275, 32.850957, 32.850846, 32.849544, 32.852446, 32.85411, 32.855444)))"
481130086041,0.9897616468039003,0.979328165374677,"list(list(c(-96.77374, -96.773498, -96.771951, -96.768891, -96.768454, -96.766891, -96.764083, -96.76162, -96.764704, -96.774269, -96.77374, 32.717165, 32.719029, 32.720681, 32.721761, 32.723143, 32.722993, 32.721614, 32.71656, 32.715097, 32.716279, 32.717165)))"
481130077012,0.18580715059588304,0.16731266149870805,"list(list(c(-96.795462, -96.795386, -96.792185, -96.786727, -96.786655, -96.786747, -96.789658, -96.789659, -96.789752, -96.791524, -96.795449, -96.795462, 32.868459, 32.873405, 32.873497, 32.873466, 32.865595, 32.865389, 32.865401, 32.865612, 32.867699, 32.867702, 32.867552, 32.868459)))"
481130010021,0.44691224268689056,0.3746770025839793,"list(list(c(-96.784665, -96.774721, -96.774706, -96.777698, -96.779562, -96.78181, -96.784665, 32.820211, 32.82023, 32.817239, 32.817154, 32.815765, 32.817735, 32.820211)))"
481130168022,0.1578006500541712,0.16537467700258401,"list(list(c(-96.778741, -96.774865, -96.765412, -96.762407, -96.756744, -96.75533, -96.756674, -96.754283, -96.751177, -96.746153, -96.745293, -96.74195, -96.740525, -96.739357, -96.737068, -96.736989, -96.736761, -96.735159, -96.730105, -96.728698, -96.727618, -96.726071, -96.722616, -96.742536, -96.743772, -96.757592, -96.768005, -96.768777, -96.76909, -96.771551, -96.781561, -96.778741, 32.551381, 32.555422, 32.565234, 32.568533, 32.577923, 32.580894, 32.584984, 32.584631, 32.585096, 32.577283, 
32.57622, 32.571348, 32.57114, 32.571271, 32.567755, 32.557826, 32.556126, 32.556122, 32.556259, 32.555474, 32.553852, 32.551597, 32.546557, 32.546648, 32.546652, 32.546764, 32.546838, 32.546838, 32.546867, 32.546888, 32.546998, 32.551381)))"
481130079161,0.1994041170097508,0.17894056847545214,"list(list(c(-96.759903, -96.75929, -96.758854, -96.760072, -96.75676, -96.757185, -96.757818, -96.759555, -96.760473, -96.759903, 32.859972, 32.861897, 32.862796, 32.864389, 32.861877, 32.861434, 32.858064, 32.858874, 32.859429, 32.859972)))"
481130093043,0.852546045503792,0.8165374677002584,"list(list(c(-96.709128, -96.705504, -96.705526, -96.700313, -96.70019, -96.708703, -96.709128, 32.715737, 32.71569, 32.719749, 32.719774, 32.713199, 32.712747, 32.715737)))"
481130193022,0.21950162513542792,0.21770025839793283,"list(list(c(-96.782865, -96.777006, -96.772777, -96.771776, -96.771571, -96.77223, -96.7736, -96.773346, -96.772086, -96.771052, -96.77429, -96.775915, -96.781357, -96.781729, -96.782606, -96.782865, 32.851101, 32.85109, 32.851024, 32.851007, 32.850997, 32.849325, 32.845578, 32.845584, 32.845568, 32.843749, 32.843787, 32.841969, 32.842069, 32.846023, 32.846691, 32.851101)))"
481130192161,0.33418201516793067,0.32105943152454786,"list(list(c(-96.756554, -96.755598, -96.75089, -96.748166, -96.748211, -96.75116, -96.755368, -96.755889, -96.756554, 32.978313, 32.978296, 32.978115, 32.978108, 32.970742, 32.970968, 32.970835, 32.971555, 32.978313)))"
481130181591,0.10476706392199353,0.11692506459948315,"list(list(c(-96.595985, -96.579329, -96.576327, -96.569879, -96.570064, -96.577731, -96.578567, -96.578509, -96.579606, -96.592789, -96.593212, -96.593787, -96.59591, -96.595904, -96.595925, -96.595985, 32.813958, 32.813995, 32.813823, 32.813924, 32.811959, 32.806544, 32.805582, 32.796025, 32.796035, 32.796252, 32.796657, 32.797328, 32.797638, 32.797829, 32.813775, 32.813958)))"
481130124002,0.1313651137594799,0.1647286821705426,"list(list(c(-96.68618, -96.68339, -96.681134, -96.678077, -96.677803, -96.673348, -96.674345, -96.676766, -96.68386, -96.684224, -96.68618, 32.829519, 32.831857, 32.83173, 32.834328, 32.834771, 32.834749, 32.833066, 32.826503, 32.826535, 32.827823, 32.829519)))"
481130107011,0.9574214517876489,0.9670542635658914,"list(list(c(-96.917798, -96.915043, -96.914633, -96.914396, -96.90233, -96.902139, -96.902561, -96.903311, -96.908241, -96.910148, -96.910134, -96.916074, -96.916664, -96.917798, 32.757877, 32.763338, 32.766453, 32.766454, 32.766614, 32.752763, 32.749626, 32.749626, 32.749539, 32.749564, 32.756183, 32.756127, 32.75764, 32.757877)))"
481130181381,0.7880823401950162,0.6866925064599483,"list(list(c(-96.586904, -96.578622, -96.576879, -96.574642, -96.573541, -96.571794, -96.571498, -96.571454, -96.570836, -96.571361, -96.57207, -96.586865, -96.588477, -96.586904, 32.853126, 32.859555, 32.861438, 32.863255, 32.862093, 32.85745, 32.855311, 32.852756, 32.851717, 32.85134, 32.85113, 32.851204, 32.851764, 32.853126)))"
481130190491,0.7040628385698808,0.6589147286821706,"list(list(c(-96.665306, -96.662595, -96.656021, -96.656966, -96.657102, -96.659843, -96.665233, -96.665276, -96.665306, 32.94471, 32.945279, 32.94531, 32.945096, 32.938245, 32.938743, 32.938823, 32.941259, 32.94471)))"
481130140021,0.05444203683640303,0.04586563307493541,"list(list(c(-96.944248, -96.941989, -96.942029, -96.94259, -96.939036, -96.937171, -96.936711, -96.936916, -96.936, -96.936443, -96.938611, -96.939241, -96.937358, -96.935831, -96.935521, -96.935989, -96.939098, -96.941133, -96.941101, -96.942445, -96.9415, -96.939882, -96.93487, -96.929422, -96.923624, -96.922034, -96.914222, -96.910761, -96.910599, -96.906159, -96.903553, -96.902727, -96.90265, -96.902636, -96.901021, -96.900125, -96.898624, -96.898322, -96.89807, -96.898114, -96.909018, -96.921205, 
-96.924523, -96.930244, -96.930675, -96.933267, -96.935551, -96.935595, -96.935695, -96.935893, -96.936103, -96.936364, -96.936661, -96.936927, -96.937048, -96.937696, -96.937877, -96.937279, -96.937864, -96.937314, -96.938115, -96.937937, -96.935716, -96.936062, -96.93684, -96.937241, -96.935171, -96.933505, -96.932849, -96.932987, -96.933513, -96.935992, -96.939986, -96.940171, -96.939112, -96.937581, -96.93566, -96.935559, -96.935237, -96.935226, -96.935196, -96.935245, -96.934721, -96.932812, 
-96.935208, -96.937456, -96.938803, -96.939557, -96.939592, -96.938877, -96.938847, -96.93882, -96.939093, -96.94193, -96.942455, -96.943452, -96.943886, -96.944445, -96.944248, 32.966538, 32.968183, 32.968608, 32.970208, 32.969468, 32.970388, 32.971089, 32.973318, 32.976729, 32.977511, 32.97799, 32.978727, 32.980032, 32.980241, 32.98141, 32.982223, 32.982115, 32.983126, 32.986796, 32.9888, 32.988788, 32.988822, 32.986021, 32.980763, 32.974885, 32.972693, 32.958745, 32.953789, 32.953553, 32.946953, 
32.942466, 32.939173, 32.938617, 32.938509, 32.926178, 32.922838, 32.917952, 32.916812, 32.914393, 32.908161, 32.907916, 32.907774, 32.907992, 32.909249, 32.910735, 32.912618, 32.912892, 32.912739, 32.912728, 32.912838, 32.912832, 32.912926, 32.913113, 32.913379, 32.913572, 32.913851, 32.914427, 32.917147, 32.919241, 32.921563, 32.92157, 32.923125, 32.924682, 32.925665, 32.926423, 32.927794, 32.927175, 32.927737, 32.928401, 32.929362, 32.929819, 32.930071, 32.932026, 32.932947, 32.934832, 32.935286, 
32.934497, 32.934627, 32.934883, 32.934947, 32.936678, 32.937044, 32.938513, 32.940942, 32.947121, 32.947426, 32.948175, 32.949204, 32.949913, 32.951501, 32.951786, 32.952267, 32.952686, 32.955655, 32.956297, 32.958139, 32.963696, 32.966049, 32.966538)))"
481130154051,0.3709100758396533,0.34883720930232553,"list(list(c(-97.034713, -97.034711, -97.032993, -97.031426, -97.029414, -97.02645, -97.023882, -97.02062, -97.019153, -97.019806, -97.016053, -97.014905, -97.010775, -97.010213, -97.00739, -97.009029, -97.009967, -97.012336, -97.019906, -97.019943, -97.020655, -97.026541, -97.027952, -97.028359, -97.028511, -97.029032, -97.030041, -97.034771, -97.034713, 32.788412, 32.788482, 32.788274, 32.788186, 32.788359, 32.787836, 32.786154, 32.785618, 32.783825, 32.778236, 32.776279, 32.774524, 32.770905, 32.769216, 
32.76644, 32.766087, 32.76239, 32.759641, 32.75965, 32.765495, 32.76762, 32.769858, 32.771064, 32.77208, 32.77988, 32.781207, 32.782213, 32.785027, 32.788412)))"
481130132021,0.1903033586132178,0.20736434108527135,"list(list(c(-96.780966, -96.780209, -96.769301, -96.769313, -96.764269, -96.764339, -96.766551, -96.770773, -96.775234, -96.776196, -96.777138, -96.777015, -96.77735, -96.779884, -96.780848, -96.780966, 32.924347, 32.924327, 32.924423, 32.923978, 32.923874, 32.923762, 32.918293, 32.918613, 32.918455, 32.91787, 32.918883, 32.920068, 32.921416, 32.922547, 32.924073, 32.924347)))"
481130042021,0.5017876489707476,0.4263565891472868,"list(list(c(-96.856807, -96.854674, -96.851353, -96.850406, -96.848911, -96.84652, -96.846699, -96.846428, -96.846485, -96.851443, -96.852435, -96.852994, -96.856696, -96.856807, 32.755685, 32.756248, 32.758249, 32.760178, 32.759202, 32.758668, 32.757143, 32.754742, 32.749507, 32.749555, 32.749572, 32.749617, 32.749613, 32.755685)))"
481130109061,0.6167930660888408,0.5419896640826873,"list(list(c(-96.869771, -96.869461, -96.868825, -96.864187, -96.857173, -96.857129, -96.86034, -96.862151, -96.869715, -96.869771, 32.653635, 32.654004, 32.654313, 32.654836, 32.654823, 32.645956, 32.646736, 32.647492, 32.650787, 32.653635)))"
481130141303,0.0852112676056338,0.09237726098191212,"list(list(c(-96.951843, -96.94936, -96.949323, -96.944364, -96.943289, -96.944156, -96.943473, -96.939673, -96.941, -96.952824, -96.951843, 32.917434, 32.920625, 32.921633, 32.921599, 32.918393, 32.915622, 32.913458, 32.912554, 32.911666, 32.914356, 32.917434)))"
481130191022,0.5715059588299025,0.4948320413436692,"list(list(c(-96.72927, -96.729116, -96.728718, -96.724257, -96.717096, -96.716283, -96.715102, -96.718099, -96.729105, -96.729822, -96.72927, 32.949475, 32.95213, 32.953667, 32.960689, 32.960655, 32.95818, 32.948357, 32.948341, 32.948306, 32.948324, 32.949475)))"
481130197001,0.19918743228602387,0.1531007751937985,"list(list(c(-96.804361, -96.802539, -96.801391, -96.801946, -96.79914, -96.798738, -96.795545, -96.795548, -96.789966, -96.789959, -96.790983, -96.790953, -96.791049, -96.791298, -96.795694, -96.798209, -96.797312, -96.799205, -96.80057, -96.801222, -96.802827, -96.802051, -96.800975, -96.800641, -96.80439, -96.804361, 32.838208, 32.838178, 32.839269, 32.841918, 32.841819, 32.842863, 32.843877, 32.840632, 32.840722, 32.837617, 32.836545, 32.832265, 32.828131, 32.827747, 32.823189, 32.823208, 32.820843, 
32.818945, 32.822544, 32.826346, 32.830691, 32.833959, 32.834361, 32.836577, 32.836589, 32.838208)))"
481130137183,0.9056338028169014,0.8675710594315246,"list(list(c(-96.890167, -96.886289, -96.886446, -96.890319, -96.890167, 32.960946, 32.960918, 32.953606, 32.953695, 32.960946)))"
481130078301,0.9947453954496208,0.998062015503876,"list(list(c(-96.762572, -96.760749, -96.760155, -96.759153, -96.760324, -96.760059, -96.761162, -96.762675, -96.762572, 32.87133, 32.871041, 32.871203, 32.870241, 32.869303, 32.867594, 32.868639, 32.869963, 32.87133)))"
481130111041,0.7439328277356446,0.6214470284237725,"list(list(c(-96.84007, -96.83158, -96.831001, -96.831111, -96.831726, -96.829299, -96.82933, -96.835646, -96.840122, -96.84007, 32.653793, 32.653765, 32.653557, 32.649189, 32.647686, 32.647644, 32.642266, 32.642334, 32.642966, 32.653793)))"
481130155002,0.7983206933911159,0.7286821705426356,"list(list(c(-97.012336, -97.006854, -96.995031, -96.994875, -96.994664, -96.994504, -96.998145, -97.003487, -97.007083, -97.008764, -97.012142, -97.012336, 32.759641, 32.759612, 32.758753, 32.754966, 32.748759, 32.745112, 32.744964, 32.744757, 32.74457, 32.744328, 32.743837, 32.759641)))"
481130072031,0.965872156013001,0.9677002583979328,"list(list(c(-96.880749, -96.879129, -96.877767, -96.875409, -96.873776, -96.876642, -96.877251, -96.876305, -96.877075, -96.877361, -96.878309, -96.880691, -96.880749, 32.858331, 32.858368, 32.858362, 32.858373, 32.857932, 32.855674, 32.855441, 32.852114, 32.850893, 32.849345, 32.852621, 32.85804, 32.858331)))"
481130208004,0.8117009750812567,0.7170542635658914,"list(list(c(-96.765061, -96.761983, -96.758237, -96.757038, -96.752962, -96.753273, -96.761216, -96.764819, -96.765061, 32.755333, 32.757295, 32.760493, 32.759476, 32.756016, 32.755812, 32.749435, 32.753427, 32.755333)))"
481130079121,0.2320151679306609,0.2099483204134367,"list(list(c(-96.770373, -96.767273, -96.763851, -96.764066, -96.764239, -96.763629, -96.764877, -96.766617, -96.770406, -96.770373, 32.865603, 32.865537, 32.865519, 32.864064, 32.863239, 32.861465, 32.860318, 32.860898, 32.860885, 32.865603)))"
481130165171,0.7877031419284941,0.6970284237726099,"list(list(c(-96.900951, -96.899005, -96.898967, -96.891392, -96.891275, -96.887465, -96.885366, -96.884473, -96.887055, -96.891491, -96.891502, -96.900259, -96.900868, -96.900349, -96.900951, 32.640483, 32.640509, 32.647475, 32.647499, 32.647498, 32.647454, 32.647509, 32.647512, 32.645072, 32.640915, 32.641205, 32.63291, 32.632904, 32.63752, 32.640483)))"
481130118022,0.9403033586132178,0.9541343669250646,"list(list(c(-96.666858, -96.666643, -96.665986, -96.664284, -96.662341, -96.663279, -96.663113, -96.663468, -96.658827, -96.656928, -96.656937, -96.656959, -96.648484, -96.648515, -96.648486, -96.657037, -96.661525, -96.665418, -96.668114, -96.666858, 32.720188, 32.723734, 32.724244, 32.726015, 32.73003, 32.731228, 32.732129, 32.734246, 32.734209, 32.734225, 32.7311, 32.726512, 32.726383, 32.720582, 32.71956, 32.719623, 32.719588, 32.719662, 32.719667, 32.720188)))"
481130110032,0.33661971830985915,0.3113695090439277,"list(list(c(-96.857158, -96.850143, -96.848627, -96.84808, -96.848116, -96.84994, -96.849499, -96.850824, -96.857162, -96.857158, 32.676549, 32.684424, 32.68345, 32.683424, 32.678137, 32.673005, 32.671894, 32.671771, 32.671745, 32.676549)))"
481130022002,0.2820693391115926,0.2945736434108527,"list(list(c(-96.792356, -96.791502, -96.78881, -96.784951, -96.785781, -96.787867, -96.790173, -96.790999, -96.792169, -96.792356, 32.788131, 32.788929, 32.791114, 32.787377, 32.786904, 32.785395, 32.784297, 32.784067, 32.785699, 32.788131)))"
481130122131,0.38076923076923075,0.3391472868217055,"list(list(c(-96.713967, -96.708436, -96.701858, -96.701252, -96.701758, -96.706507, -96.708753, -96.713967, 32.801886, 32.806397, 32.801153, 32.801009, 32.799662, 32.799178, 32.797309, 32.801886)))"
481130143103,0.654442036836403,0.5490956072351421,"list(list(c(-96.988972, -96.987991, -96.986547, -96.984027, -96.983631, -96.980235, -96.980336, -96.981253, -96.982061, -96.988544, -96.988546, -96.988972, 32.86547, 32.865935, 32.866213, 32.866459, 32.865817, 32.862831, 32.859738, 32.858915, 32.859402, 32.860259, 32.864181, 32.86547)))"
481130143191,0.9068255687973998,0.8585271317829457,"list(list(c(-96.967305, -96.966185, -96.964201, -96.964105, -96.9635, -96.966279, -96.967305, 32.880822, 32.882695, 32.883419, 32.882087, 32.880612, 32.880128, 32.880822)))"
481130165181,0.5924160346695557,0.46253229974160204,"list(list(c(-96.925824, -96.923008, -96.917096, -96.9174, -96.916663, -96.917046, -96.925755, -96.925824, 32.66234, 32.661721, 32.661717, 32.655321, 32.654935, 32.651714, 32.651699, 32.66234)))"
481130078051,0.25124593716143007,0.24741602067183466,"list(list(c(-96.760832, -96.759272, -96.758638, -96.746977, -96.747612, -96.74859, -96.756734, -96.76071, -96.760832, 32.905557, 32.907687, 32.909299, 32.909245, 32.907438, 32.904818, 32.904876, 32.905133, 32.905557)))"
481130078241,0.09561213434452875,0.10917312661498713,"list(list(c(-96.741661, -96.738582, -96.733541, -96.734739, -96.735043, -96.735037, -96.734722, -96.735134, -96.736374, -96.739577, -96.74034, -96.739848, -96.74089, -96.741382, -96.741318, -96.741649, -96.741661, 32.886094, 32.885793, 32.885932, 32.881805, 32.878684, 32.878563, 32.872329, 32.870955, 32.869442, 32.867562, 32.868924, 32.870742, 32.872497, 32.872393, 32.873585, 32.880389, 32.886094)))"
481130080003,0.4124052004333695,0.3798449612403101,"list(list(c(-96.752983, -96.747947, -96.745859, -96.745306, -96.742558, -96.742836, -96.744496, -96.743, -96.743957, -96.745736, -96.752898, -96.752983, 32.836421, 32.837044, 32.838668, 32.839142, 32.83682, 32.836534, 32.834502, 32.831661, 32.831317, 32.831283, 32.831884, 32.836421)))"
481130178063,0.7063380281690141,0.6356589147286822,"list(list(c(-96.656907, -96.657315, -96.654709, -96.645629, -96.6497, -96.651115, -96.654367, -96.655403, -96.657332, -96.656907, 32.807388, 32.808524, 32.809818, 32.802149, 32.798786, 32.797595, 32.799286, 32.800114, 32.801723, 32.807388)))"
481130087013,0.9120260021668473,0.853359173126615,"list(list(c(-96.771904, -96.769311, -96.766811, -96.758023, -96.755057, -96.764306, -96.767762, -96.771797, -96.771904, 32.704017, 32.70534, 32.70608, 32.70767, 32.700328, 32.696933, 32.696083, 32.702733, 32.704017)))"
481130136182,0.06245937161430115,0.06524547803617575,"list(list(c(-96.785793, -96.784005, -96.778675, -96.778713, -96.774632, -96.774136, -96.778728, -96.783039, -96.785752, -96.785793, 32.98388, 32.986659, 32.986588, 32.981037, 32.981776, 32.978326, 32.978333, 32.97927, 32.979279, 32.98388)))"
481130136103,0.37838569880823403,0.3572351421188631,"list(list(c(-96.786314, -96.786266, -96.783783, -96.782517, -96.77457, -96.769126, -96.769301, -96.780209, -96.780966, -96.781479, -96.786314, -96.786314, 32.925294, 32.933236, 32.9332, 32.932218, 32.929032, 32.926932, 32.924423, 32.924327, 32.924347, 32.924371, 32.924869, 32.925294)))"
481130106012,0.8070422535211268,0.7661498708010336,"list(list(c(-96.926241, -96.926077, -96.925101, -96.918902, -96.917013, -96.915381, -96.914032, -96.9125, -96.910553, -96.910391, -96.907156, -96.904861, -96.898522, -96.883922, -96.883318, -96.882147, -96.873922, -96.873751, -96.882544, -96.886594, -96.891098, -96.891084, -96.89217, -96.892815, -96.895929, -96.895839, -96.906823, -96.906832, -96.908191, -96.908259, -96.910327, -96.913245, -96.912008, -96.912712, -96.926416, -96.926241, 32.781405, 32.782076, 32.782682, 32.785719, 32.784985, 32.784255, 
32.784433, 32.785705, 32.790655, 32.792268, 32.797262, 32.798071, 32.798192, 32.798118, 32.79811, 32.798009, 32.797969, 32.792651, 32.792737, 32.792744, 32.792747, 32.790566, 32.790087, 32.789417, 32.787244, 32.788908, 32.788739, 32.785035, 32.785023, 32.782161, 32.782142, 32.780825, 32.778564, 32.778469, 32.778694, 32.781405)))"
481130069001,0.7195016251354279,0.6311369509043927,"list(list(c(-96.87384, -96.859332, -96.856677, -96.856706, -96.856737, -96.861155, -96.863594, -96.863911, -96.864907, -96.867122, -96.867083, -96.867591, -96.872493, -96.873718, -96.87384, 32.76755, 32.767058, 32.766442, 32.764077, 32.762183, 32.760013, 32.758803, 32.759256, 32.758825, 32.759743, 32.761854, 32.764085, 32.764201, 32.765551, 32.76755)))"
481130060011,0.7921451787648971,0.7267441860465116,"list(list(c(-96.840172, -96.837414, -96.836239, -96.834275, -96.83212, -96.831884, -96.835589, -96.836756, -96.840154, -96.840148, -96.840179, -96.840172, 32.705893, 32.705835, 32.705575, 32.70516, 32.70513, 32.705136, 32.70118, 32.700226, 32.69814, 32.698389, 32.705783, 32.705893)))"
481130165111,0.6899241603466956,0.599483204134367,"list(list(c(-96.957436, -96.956353, -96.956268, -96.954387, -96.953742, -96.953251, -96.947497, -96.946434, -96.943196, -96.943314, -96.943223, -96.94324, -96.943239, -96.944578, -96.950441, -96.953256, -96.953749, -96.953912, -96.955169, -96.956696, -96.957637, -96.957436, 32.629765, 32.630912, 32.630952, 32.631256, 32.63263, 32.632634, 32.63297, 32.632669, 32.632736, 32.631886, 32.629648, 32.626674, 32.626115, 32.626063, 32.627398, 32.627414, 32.627398, 32.627401, 32.627408, 32.626455, 32.626894, 
32.629765)))"
481130164073,0.9866197183098592,0.9883720930232558,"list(list(c(-97.006026, -97.00594, -97.002443, -97.00246, -97.006702, -97.006026, 32.704524, 32.709576, 32.709559, 32.70333, 32.703366, 32.704524)))"
481130122092,0.3375947995666305,0.27583979328165376,"list(list(c(-96.718848, -96.70942, -96.708884, -96.708496, -96.705723, -96.708436, -96.713967, -96.7179, -96.718848, 32.80601, 32.812266, 32.811066, 32.810565, 32.808541, 32.806397, 32.801886, 32.805264, 32.80601)))"
481130130131,0.2941495124593716,0.2435400516795866,"list(list(c(-96.733317, -96.73091, -96.730704, -96.729279, -96.728607, -96.728469, -96.726181, -96.724224, -96.722402, -96.719153, -96.717975, -96.717984, -96.718044, -96.725103, -96.728506, -96.728946, -96.731132, -96.733953, -96.733317, 32.868496, 32.873858, 32.878594, 32.878725, 32.870334, 32.869852, 32.866695, 32.86493, 32.866532, 32.869363, 32.869598, 32.863849, 32.861808, 32.858517, 32.859363, 32.859723, 32.862493, 32.863231, 32.868496)))"
481130067021,0.9270314192849404,0.9031007751937985,"list(list(c(-96.881006, -96.880668, -96.880638, -96.880628, -96.874028, -96.874012, -96.874216, -96.874647, -96.878161, -96.879683, -96.87963, -96.878594, -96.880972, -96.881006, 32.742286, 32.74324, 32.747252, 32.749569, 32.749552, 32.743554, 32.734389, 32.734744, 32.73493, 32.734952, 32.739266, 32.740543, 32.739921, 32.742286)))"
481130165283,0.5634886240520043,0.4476744186046512,"list(list(c(-96.964362, -96.958278, -96.955967, -96.953238, -96.946962, -96.943226, -96.943237, -96.94537, -96.945989, -96.944819, -96.945458, -96.944581, -96.947328, -96.947867, -96.948472, -96.950156, -96.949512, -96.950738, -96.952902, -96.954268, -96.955479, -96.955469, -96.957064, -96.959909, -96.959906, -96.961105, -96.961211, -96.961712, -96.963361, -96.964362, 32.662129, 32.665613, 32.66554, 32.666333, 32.664306, 32.662227, 32.659233, 32.659492, 32.657933, 32.656913, 32.65402, 32.652276, 
32.65137, 32.653785, 32.651825, 32.6513, 32.650245, 32.649, 32.648854, 32.650762, 32.650019, 32.647579, 32.647517, 32.648721, 32.652361, 32.652479, 32.657243, 32.65816, 32.659684, 32.662129)))"
481130004082,0.33596966413867824,0.2829457364341085,"list(list(c(-96.829186, -96.827588, -96.825529, -96.8223, -96.820855, -96.820147, -96.824159, -96.824547, -96.825248, -96.826595, -96.827438, -96.829074, -96.827609, -96.829186, 32.818178, 32.81949, 32.817808, 32.818086, 32.819018, 32.818309, 32.814617, 32.814317, 32.813665, 32.814739, 32.814959, 32.815232, 32.816851, 32.818178)))"
481130164161,0.7507583965330444,0.6149870801033592,"list(list(c(-97.038067, -97.037623, -97.037455, -97.03721, -97.037072, -97.037063, -97.027946, -97.022418, -97.021454, -97.01548, -97.014172, -97.013987, -97.011259, -97.000898, -96.997734, -96.996341, -96.996213, -96.998862, -97.000103, -96.999881, -97.009773, -97.01897, -97.021304, -97.023092, -97.038291, -97.038067, 32.586288, 32.612774, 32.622841, 32.638371, 32.645436, 32.645873, 32.645735, 32.645656, 32.645422, 32.643853, 32.643833, 32.642364, 32.639722, 32.635162, 32.633864, 32.632885, 32.629766, 
32.626192, 32.622443, 32.621301, 32.604373, 32.596905, 32.584666, 32.583452, 32.573359, 32.586288)))"
481130185053,0.8980498374864572,0.8552971576227391,"list(list(c(-96.717888, -96.715974, -96.714495, -96.714473, -96.717857, -96.717814, -96.717888, 32.909548, 32.909515, 32.909192, 32.905817, 32.905791, 32.90862, 32.909548)))"
481130136283,0.1658721560130011,0.16925064599483208,"list(list(c(-96.82598, -96.825696, -96.825824, -96.823984, -96.823958, -96.822141, -96.821728, -96.821687, -96.821458, -96.821159, -96.82115, -96.821373, -96.825987, -96.82598, 32.960893, 32.961274, 32.962712, 32.962716, 32.964161, 32.964177, 32.964173, 32.962497, 32.961409, 32.960222, 32.959482, 32.959457, 32.958923, 32.960893)))"
481130164062,0.573510292524377,0.5297157622739018,"list(list(c(-97.009478, -97.006702, -97.00246, -97.002477, -97.003101, -97.007261, -97.007279, -97.009478, 32.703381, 32.703366, 32.70333, 32.698864, 32.698037, 32.698064, 32.699849, 32.703381)))"
481130143181,0.08028169014084507,0.08397932816537468,"list(list(c(-96.959064, -96.957783, -96.956851, -96.955637, -96.952059, -96.950312, -96.950348, -96.958293, -96.95906, -96.959059, -96.959064, 32.859088, 32.859034, 32.858521, 32.855685, 32.854447, 32.853741, 32.849893, 32.849876, 32.849037, 32.849676, 32.859088)))"
481130126044,0.9516251354279524,0.9463824289405685,"list(list(c(-96.651014, -96.647323, -96.64472, -96.643247, -96.641311, -96.639253, -96.636392, -96.636015, -96.636944, -96.639276, -96.640088, -96.646283, -96.648075, -96.648371, -96.648445, -96.652005, -96.651014, 32.85411, 32.852446, 32.849544, 32.848305, 32.847636, 32.845873, 32.843421, 32.843069, 32.842827, 32.843443, 32.844776, 32.84608, 32.847242, 32.851109, 32.852024, 32.853264, 32.85411)))"
481130211002,0.962080173347779,0.9444444444444444,"list(list(c(-96.797524, -96.794145, -96.791491, -96.787214, -96.782354, -96.77967, -96.777533, -96.775531, -96.775744, -96.773198, -96.771059, -96.770308, -96.767646, -96.761066, -96.759365, -96.760021, -96.76216, -96.762828, -96.762082, -96.758006, -96.754993, -96.753835, -96.753446, -96.752518, -96.744141, -96.747295, -96.755057, -96.758023, -96.760621, -96.76162, -96.764083, -96.766891, -96.768454, -96.768891, -96.771951, -96.77305, -96.776514, -96.778406, -96.783715, -96.784196, -96.78602, -96.785392, 
-96.785191, -96.785818, -96.78797, -96.789281, -96.788253, -96.793783, -96.795353, -96.795679, -96.797524, 32.74851, 32.750479, 32.753273, 32.751278, 32.752186, 32.750183, 32.749913, 32.747933, 32.745883, 32.745824, 32.743814, 32.741467, 32.740122, 32.733812, 32.730777, 32.729734, 32.729542, 32.728865, 32.727818, 32.72802, 32.728364, 32.722102, 32.721017, 32.718944, 32.704421, 32.703231, 32.700328, 32.70767, 32.714049, 32.71656, 32.721614, 32.722993, 32.723143, 32.721761, 32.720681, 32.72177, 32.720377, 
32.718884, 32.720841, 32.722949, 32.726489, 32.729428, 32.731977, 32.734727, 32.73816, 32.73966, 32.742365, 32.740689, 32.74428, 32.747463, 32.74851)))"
481130209001,0.6321235102925244,0.5329457364341086,"list(list(c(-96.777946, -96.776099, -96.774382, -96.77052, -96.764819, -96.761216, -96.759665, -96.758979, -96.757676, -96.757516, -96.758006, -96.762082, -96.762828, -96.76216, -96.760021, -96.759365, -96.761066, -96.767646, -96.770308, -96.771059, -96.773198, -96.775744, -96.775531, -96.777533, -96.777017, -96.777946, 32.754433, 32.754759, 32.757129, 32.760402, 32.753427, 32.749435, 32.747659, 32.746122, 32.744401, 32.740695, 32.72802, 32.727818, 32.728865, 32.729542, 32.729734, 32.730777, 32.733812, 
32.740122, 32.741467, 32.743814, 32.745824, 32.745883, 32.747933, 32.749913, 32.752817, 32.754433)))"
481130168062,0.4546045503791982,0.4211886304909561,"list(list(c(-96.805633, -96.794299, -96.788367, -96.788242, -96.787555, -96.798055, -96.801155, -96.805569, -96.805603, -96.805633, 32.604267, 32.604291, 32.604306, 32.593296, 32.592208, 32.59212, 32.592644, 32.592602, 32.598628, 32.604267)))"
481130016022,0.2152221018418201,0.19767441860465118,"list(list(c(-96.793174, -96.792704, -96.789133, -96.790323, -96.787552, -96.78881, -96.791502, -96.792356, -96.793098, -96.793174, 32.798872, 32.798487, 32.795428, 32.794441, 32.792163, 32.791114, 32.788929, 32.788131, 32.795493, 32.798872)))"
481130084022,0.9083423618634886,0.8927648578811369,"list(list(c(-96.730932, -96.72938, -96.728917, -96.728461, -96.729087, -96.729178, -96.727486, -96.724654, -96.722719, -96.72299, -96.717983, -96.717192, -96.717161, -96.716467, -96.718614, -96.717763, -96.717583, -96.719414, -96.719436, -96.719463, -96.73096, -96.730932, 32.766393, 32.769755, 32.775548, 32.777797, 32.783693, 32.792111, 32.792982, 32.794446, 32.79478, 32.794547, 32.794857, 32.793544, 32.783845, 32.782912, 32.780994, 32.780031, 32.777049, 32.765871, 32.765751, 32.76558, 32.76601, 
32.766393)))"
481130116012,0.8561755146262189,0.8242894056847545,"list(list(c(-96.695342, -96.693689, -96.689826, -96.691627, -96.691477, -96.69159, -96.689825, -96.689872, -96.690209, -96.690175, -96.686888, -96.684263, -96.683193, -96.683106, -96.683003, -96.682639, -96.681461, -96.679722, -96.679081, -96.678638, -96.678526, -96.677742, -96.677548, -96.676714, -96.67628, -96.690842, -96.695154, -96.695342, 32.677701, 32.680645, 32.681071, 32.69298, 32.695416, 32.696688, 32.696736, 32.704462, 32.706406, 32.712561, 32.712147, 32.712484, 32.711526, 32.705088, 32.698005, 
32.697072, 32.696232, 32.695801, 32.695321, 32.694118, 32.690415, 32.689217, 32.680445, 32.679387, 32.678973, 32.677571, 32.67671, 32.677701)))"
481130090012,0.9360780065005417,0.8998708010335917,"list(list(c(-96.682708, -96.674493, -96.671284, -96.669131, -96.669726, -96.668779, -96.669188, -96.672786, -96.679964, -96.682669, -96.682593, -96.682682, -96.682708, 32.778005, 32.777879, 32.770659, 32.770458, 32.768316, 32.763568, 32.763338, 32.763362, 32.763382, 32.763365, 32.76426, 32.769399, 32.778005)))"
481130166271,0.6539544962080173,0.5549095607235142,"list(list(c(-96.839799, -96.838835, -96.838128, -96.834493, -96.832641, -96.830712, -96.829507, -96.826847, -96.826434, -96.824792, -96.823602, -96.822288, -96.82229, -96.839773, -96.839799, 32.576417, 32.57663, 32.578282, 32.581955, 32.583158, 32.583329, 32.584231, 32.583381, 32.585658, 32.586534, 32.589855, 32.58989, 32.575232, 32.575178, 32.576417)))"
481130173121,0.12746478873239442,0.14664082687338498,"list(list(c(-96.583499, -96.577857, -96.575515, -96.574895, -96.574916, -96.580475, -96.581322, -96.583508, -96.583499, 32.752186, 32.752648, 32.750622, 32.750434, 32.749478, 32.744993, 32.745479, 32.745559, 32.752186)))"
481130190472,0.47470205850487546,0.3701550387596899,"list(list(c(-96.683209, -96.683068, -96.683019, -96.683007, -96.682763, -96.671048, -96.673263, -96.679524, -96.679227, -96.683189, -96.683209, 32.930495, 32.931078, 32.931235, 32.931278, 32.931278, 32.931249, 32.929113, 32.928614, 32.927267, 32.926904, 32.930495)))"
481130125011,0.3372156013001083,0.312015503875969,"list(list(c(-96.668118, -96.660478, -96.658996, -96.658359, -96.654226, -96.655212, -96.658165, -96.658223, -96.658864, -96.661633, -96.6681, -96.668118, 32.83475, 32.834754, 32.834383, 32.8338, 32.830248, 32.829424, 32.830382, 32.82782, 32.82778, 32.826703, 32.826834, 32.83475)))"
481130177063,0.4217768147345612,0.38436692506459946,"list(list(c(-96.599244, -96.598751, -96.596962, -96.596908, -96.596222, -96.594027, -96.593956, -96.589683, -96.589722, -96.591761, -96.59187, -96.59057, -96.59408, -96.594132, -96.597203, -96.599149, -96.599102, -96.599244, 32.77552, 32.775692, 32.779567, 32.779758, 32.779499, 32.780248, 32.777822, 32.777424, 32.775046, 32.775073, 32.770059, 32.768862, 32.768588, 32.767032, 32.767315, 32.767512, 32.770713, 32.77552)))"
481130187002,0.9225893824485374,0.8934108527131783,"list(list(c(-96.648824, -96.648781, -96.648723, -96.648774, -96.648156, -96.640257, -96.640462, -96.645816, -96.64515, -96.645082, -96.648245, -96.649102, -96.648824, 32.895516, 32.898773, 32.904608, 32.906323, 32.909039, 32.908974, 32.906421, 32.899226, 32.896656, 32.894441, 32.89446, 32.894472, 32.895516)))"
481130079103,0.20265438786565548,0.19444444444444442,"list(list(c(-96.765538, -96.764877, -96.763629, -96.762316, -96.760473, -96.759555, -96.761289, -96.762029, -96.763601, -96.765368, -96.76597, -96.765538, 32.857823, 32.860318, 32.861465, 32.861421, 32.859429, 32.858874, 32.857849, 32.855928, 32.856094, 32.856111, 32.857393, 32.857823)))"
481130181551,0.5212892741061755,0.41860465116279066,"list(list(c(-96.57087, -96.562655, -96.561814, -96.557566, -96.5574, -96.553843, -96.553032, -96.55068, -96.549829, -96.53894, -96.535667, -96.535348, -96.527975, -96.521991, -96.521563, -96.521535, -96.521534, -96.51707, -96.517011, -96.516978, -96.517194, -96.516987, -96.516994, -96.517031, -96.516977, -96.520211, -96.523924, -96.526389, -96.5288, -96.532477, -96.533395, -96.537611, -96.539114, -96.540047, -96.542355, -96.544213, -96.54846, -96.548627, -96.551103, -96.557879, -96.564115, -96.566813, 
-96.570681, -96.570283, -96.57087, 32.973866, 32.973585, 32.973784, 32.977145, 32.97728, 32.98012, 32.980751, 32.982672, 32.983368, 32.983203, 32.983152, 32.983147, 32.983034, 32.982946, 32.982938, 32.982912, 32.982938, 32.982882, 32.982862, 32.974572, 32.974391, 32.974218, 32.973859, 32.966869, 32.963932, 32.961216, 32.964434, 32.966535, 32.964474, 32.961399, 32.962194, 32.965829, 32.967098, 32.967298, 32.966929, 32.967607, 32.97026, 32.970263, 32.968297, 32.962811, 32.955709, 32.953301, 32.952643, 
32.972111, 32.973866)))"
481130101011,0.9668472372697725,0.9599483204134367,"list(list(c(-96.856517, -96.855032, -96.848126, -96.847884, -96.844067, -96.844065, -96.844088, -96.843573, -96.843575, -96.843825, -96.846396, -96.84996, -96.856519, -96.856517, 32.782162, 32.781833, 32.781806, 32.790552, 32.788828, 32.786838, 32.785837, 32.785898, 32.783337, 32.778531, 32.778526, 32.778568, 32.778714, 32.782162)))"
481130031031,0.26305525460455037,0.25322997416020676,"list(list(c(-96.799924, -96.793566, -96.790999, -96.790604, -96.786556, -96.786499, -96.792278, -96.793384, -96.798765, -96.798701, -96.799924, 32.782063, 32.78343, 32.784067, 32.783825, 32.782082, 32.781692, 32.779698, 32.778613, 32.777245, 32.7774, 32.782063)))"
481130168021,0.6982123510292524,0.6227390180878554,"list(list(c(-96.822359, -96.82229, -96.822288, -96.817129, -96.810814, -96.805569, -96.805559, -96.806115, -96.803562, -96.80206, -96.79851, -96.797105, -96.791665, -96.788175, -96.777906, -96.772466, -96.771601, -96.770442, -96.761093, -96.756674, -96.75533, -96.756744, -96.762407, -96.765412, -96.774865, -96.778741, -96.781561, -96.782314, -96.805338, -96.820804, -96.82213, -96.822296, -96.822359, -96.822359, 32.56711, 32.575232, 32.58989, 32.590448, 32.592194, 32.592602, 32.587989, 32.586733, 
32.583095, 32.581868, 32.581038, 32.581122, 32.582789, 32.583098, 32.587957, 32.589955, 32.588651, 32.587637, 32.584946, 32.584984, 32.580894, 32.577923, 32.568533, 32.565234, 32.555422, 32.551381, 32.546998, 32.546982, 32.547129, 32.547139, 32.54715, 32.553354, 32.561183, 32.56711)))"
481130153042,0.8808775731310943,0.8669250645994833,"list(list(c(-97.031072, -97.029259, -97.028651, -97.020276, -97.020374, -97.016468, -97.011642, -97.009886, -97.007535, -97.005081, -97.005137, -97.005801, -97.002536, -96.998658, -96.998871, -96.997458, -96.994962, -96.994935, -96.994268, -96.994483, -96.994502, -96.994768, -96.994641, -96.982339, -96.980952, -96.979063, -96.977259, -96.976156, -96.974462, -96.974068, -96.963314, -96.959993, -96.960053, -96.959976, -96.96002, -96.96008, -96.960881, -96.964276, -96.96859, -96.969697, -96.971415, 
-96.971074, -96.972265, -96.976175, -96.977438, -96.978945, -96.986713, -96.992338, -96.994929, -96.99505, -97.003627, -97.004477, -97.004886, -97.005403, -97.00739, -97.010213, -97.010775, -97.014905, -97.016053, -97.019806, -97.019153, -97.02062, -97.023882, -97.02645, -97.029414, -97.031426, -97.031072, 32.792752, 32.795571, 32.792554, 32.792485, 32.803482, 32.803413, 32.803945, 32.804454, 32.805124, 32.805095, 32.80682, 32.810682, 32.810797, 32.810353, 32.808323, 32.80886, 32.807995, 32.807989, 
32.807806, 32.806046, 32.805093, 32.785137, 32.777857, 32.777874, 32.778095, 32.77925, 32.781574, 32.782432, 32.783002, 32.783068, 32.783017, 32.783062, 32.780143, 32.77839, 32.773416, 32.773401, 32.770564, 32.772129, 32.771258, 32.768208, 32.766855, 32.765147, 32.762599, 32.760626, 32.760362, 32.76012, 32.760802, 32.76279, 32.762923, 32.762924, 32.76298, 32.763288, 32.763722, 32.765237, 32.76644, 32.769216, 32.770905, 32.774524, 32.776279, 32.778236, 32.783825, 32.785618, 32.786154, 32.787836, 32.788359, 
32.788186, 32.792752)))"
481130136243,0.3240520043336945,0.28682170542635654,"list(list(c(-96.819113, -96.817052, -96.81642, -96.81455, -96.81443, -96.816704, -96.817916, -96.818311, -96.819113, 32.946834, 32.946821, 32.94699, 32.944228, 32.943094, 32.943105, 32.943362, 32.944668, 32.946834)))"
481130207002,0.44999999999999996,0.41149870801033595,"list(list(c(-96.877815, -96.872454, -96.869243, -96.864326, -96.864306, -96.864072, -96.864089, -96.86418, -96.864058, -96.877133, -96.87798, -96.877815, 32.971254, 32.971226, 32.970269, 32.970266, 32.967959, 32.967444, 32.96231, 32.959619, 32.959443, 32.96192, 32.965159, 32.971254)))"
481130144052,0.8234019501625136,0.7590439276485788,"list(list(c(-96.993606, -96.985577, -96.976469, -96.976389, -96.976449, -96.976442, -96.978908, -96.984495, -96.985634, -96.986061, -96.990181, -96.993778, -96.993606, 32.837079, 32.83712, 32.8371, 32.829518, 32.828992, 32.82853, 32.829403, 32.829023, 32.828356, 32.828384, 32.828474, 32.82855, 32.837079)))"
481130166172,0.3819068255687974,0.36563307493540054,"list(list(c(-96.891305, -96.888938, -96.885168, -96.884238, -96.882783, -96.874186, -96.865635, -96.863521, -96.864359, -96.862443, -96.860625, -96.860172, -96.860957, -96.862288, -96.865455, -96.868326, -96.871229, -96.872343, -96.874152, -96.874816, -96.874781, -96.874261, -96.874151, -96.891268, -96.891288, -96.891305, 32.618761, 32.619281, 32.619387, 32.619535, 32.618875, 32.618615, 32.618586, 32.618589, 32.616734, 32.612498, 32.611086, 32.609355, 32.60839, 32.608866, 32.608174, 32.61104, 32.611533, 
32.614345, 32.61645, 32.615133, 32.607469, 32.605832, 32.604211, 32.604297, 32.610028, 32.618761)))"
481130141263,NA,NA,"list(list(c(-97.031438, -97.031385, -97.030493, -97.028814, -97.01493, -97.015109, -97.014884, -97.013743, -97.011196, -97.010693, -97.010704, -97.01089, -97.00328, -97.000711, -96.996175, -96.993615, -96.99363, -96.993703, -96.993782, -96.997189, -97.000208, -97.002577, -97.008141, -97.012143, -97.014464, -97.017752, -97.022285, -97.022259, -97.02217, -97.031707, -97.031438, 32.969923, 32.972835, 32.972915, 32.973148, 32.973126, 32.964023, 32.961237, 32.959539, 32.957518, 32.956209, 32.949612, 32.948419, 
32.948817, 32.948228, 32.948154, 32.947716, 32.939946, 32.925714, 32.923703, 32.924954, 32.926724, 32.928762, 32.935276, 32.940042, 32.942168, 32.94421, 32.945853, 32.948795, 32.954979, 32.955001, 32.969923)))"
481130141554,0.3912784398699891,0.35465116279069764,"list(list(c(-96.959392, -96.955435, -96.955501, -96.955611, -96.956323, -96.958538, -96.959645, -96.959392, 32.945126, 32.945208, 32.943227, 32.942309, 32.941397, 32.940686, 32.943272, 32.945126)))"
481130078192,0.689815817984832,0.5897932816537468,"list(list(c(-96.765915, -96.764882, -96.762572, -96.762675, -96.761162, -96.761681, -96.755891, -96.756076, -96.75676, -96.760072, -96.761631, -96.763851, -96.767273, -96.765915, 32.87064, 32.871736, 32.87133, 32.869963, 32.868639, 32.867524, 32.863183, 32.86135, 32.861877, 32.864389, 32.86515, 32.865519, 32.865537, 32.87064)))"
481130132022,0.06933911159263273,0.09366925064599485,"list(list(c(-96.776196, -96.775234, -96.770773, -96.766551, -96.768789, -96.769319, -96.775988, -96.77566, -96.776196, 32.91787, 32.918455, 32.918613, 32.918293, 32.911781, 32.913552, 32.913552, 32.9166, 32.91787)))"
481130141501,0.43136511375947995,0.3921188630490956,"list(list(c(-96.993703, -96.99145, -96.973112, -96.972502, -96.968213, -96.967707, -96.965789, -96.964149, -96.958682, -96.958718, -96.973075, -96.993782, -96.993703, 32.925714, 32.92572, 32.925448, 32.92544, 32.925331, 32.925344, 32.925651, 32.922337, 32.919083, 32.915705, 32.918981, 32.923703, 32.925714)))"
481130060012,0.8826110509209101,0.8727390180878553,"list(list(c(-96.840128, -96.829782, -96.829455, -96.82985, -96.829824, -96.829617, -96.829768, -96.829937, -96.831367, -96.831884, -96.83212, -96.834275, -96.836239, -96.837414, -96.840172, -96.840128, 32.713107, 32.713173, 32.713168, 32.711811, 32.711175, 32.709269, 32.707992, 32.707525, 32.705136, 32.705136, 32.70513, 32.70516, 32.705575, 32.705835, 32.705893, 32.713107)))"
481130152022,0.9177681473456121,0.8843669250645995,"list(list(c(-96.976427, -96.976447, -96.966485, -96.96541, -96.959782, -96.959842, -96.963461, -96.971168, -96.976448, -96.976427, 32.821699, 32.822485, 32.822395, 32.82005, 32.81521, 32.81512, 32.81528, 32.81544, 32.815539, 32.821699)))"
481130206001,0.06511375947995668,0.056847545219638196,"list(list(c(-96.821215, -96.821126, -96.812775, -96.809561, -96.80404, -96.804172, -96.804168, -96.804172, -96.810707, -96.811347, -96.816881, -96.820407, -96.822084, -96.821215, 32.87095, 32.880245, 32.880133, 32.880177, 32.880114, 32.868493, 32.8656, 32.865495, 32.865478, 32.865498, 32.865537, 32.865651, 32.866525, 32.87095)))"
481130141383,0.15682556879739973,0.17441860465116277,"list(list(c(-96.945212, -96.942529, -96.941, -96.940806, -96.931075, -96.931813, -96.931514, -96.929949, -96.929015, -96.928127, -96.927566, -96.927099, -96.926655, -96.926608, -96.9268, -96.92753, -96.927448, -96.927307, -96.928068, -96.928452, -96.928373, -96.928376, -96.928531, -96.9314, -96.932558, -96.931035, -96.932049, -96.937615, -96.941174, -96.942406, -96.945035, -96.945212, 32.911136, 32.910992, 32.911666, 32.91162, 32.90943, 32.907334, 32.9069, 32.905997, 32.90584, 32.905507, 32.905114, 
32.904546, 32.903603, 32.903054, 32.902628, 32.901287, 32.900551, 32.900104, 32.899545, 32.896043, 32.89604, 32.895688, 32.895693, 32.895767, 32.897502, 32.898963, 32.902043, 32.904353, 32.902867, 32.905656, 32.90858, 32.911136)))"
481130091013,0.47822318526543883,0.4198966408268734,"list(list(c(-96.691623, -96.691574, -96.690919, -96.689862, -96.688604, -96.682919, -96.682769, -96.682794, -96.682809, -96.682793, -96.682952, -96.691772, -96.691623, 32.749453, 32.754714, 32.756516, 32.757444, 32.757935, 32.757891, 32.757858, 32.755021, 32.750054, 32.748887, 32.748891, 32.748966, 32.749453)))"
481130107015,0.8066088840736728,0.7325581395348837,"list(list(c(-96.902139, -96.90233, -96.895844, -96.895372, -96.893422, -96.891428, -96.889439, -96.887489, -96.879466, -96.880007, -96.879936, -96.882481, -96.882471, -96.880822, -96.87384, -96.873718, -96.872493, -96.87242, -96.872848, -96.87388, -96.874004, -96.874511, -96.875647, -96.876078, -96.877941, -96.880184, -96.883833, -96.892754, -96.891327, -96.902561, -96.902139, 32.752763, 32.766614, 32.766786, 32.763545, 32.760241, 32.760591, 32.760223, 32.757472, 32.757486, 32.758785, 32.761493, 
32.763537, 32.765271, 32.767726, 32.76755, 32.765551, 32.764201, 32.763956, 32.759759, 32.758625, 32.753597, 32.753244, 32.75226, 32.754651, 32.756214, 32.754645, 32.753847, 32.753829, 32.749605, 32.749626, 32.752763)))"
481130141391,0.48277356446370534,0.40697674418604646,"list(list(c(-97.007462, -97.006096, -97.005136, -97.004972, -97.004932, -97.007909, -97.007462, 32.860202, 32.861185, 32.859713, 32.85922, 32.856957, 32.856966, 32.860202)))"
481130056001,0.9444203683640303,0.9218346253229974,"list(list(c(-96.822878, -96.816937, -96.816947, -96.814521, -96.814573, -96.81094, -96.810977, -96.811505, -96.813314, -96.822958, -96.822878, 32.720318, 32.720219, 32.719099, 32.719088, 32.714962, 32.714911, 32.713175, 32.713178, 32.7132, 32.71316, 32.720318)))"
481130198001,0.12887323943661977,0.12467700258397929,"list(list(c(-96.819237, -96.814879, -96.813002, -96.812986, -96.811613, -96.812835, -96.816106, -96.816876, -96.818078, -96.81728, -96.818401, -96.818286, -96.819074, -96.819237, 32.836655, 32.836627, 32.836618, 32.832194, 32.826783, 32.826669, 32.826765, 32.821788, 32.822812, 32.826551, 32.827314, 32.827442, 32.828111, 32.836655)))"
481130152051,0.9656013001083423,0.9450904392764858,"list(list(c(-96.971168, -96.963461, -96.959842, -96.959993, -96.963275, -96.966322, -96.969735, -96.970757, -96.971168, 32.81544, 32.81528, 32.81512, 32.808655, 32.808664, 32.809569, 32.809659, 32.810214, 32.81544)))"
481130173111,0.656121343445287,0.5665374677002584,"list(list(c(-96.588188, -96.580317, -96.57261, -96.570624, -96.568405, -96.567316, -96.56835, -96.569364, -96.569383, -96.569811, -96.577866, -96.583602, -96.586572, -96.588294, -96.588188, 32.766467, 32.765706, 32.764955, 32.763508, 32.763115, 32.761912, 32.759124, 32.75921, 32.759393, 32.760545, 32.760379, 32.760582, 32.760588, 32.761085, 32.766467)))"
481130045003,0.9841278439869989,0.9870801033591732,"list(list(c(-96.874028, -96.862524, -96.858749, -96.856858, -96.856696, -96.852994, -96.852435, -96.851443, -96.851451, -96.855769, -96.856917, -96.858332, -96.861535, -96.866477, -96.868817, -96.870009, -96.872128, -96.874012, -96.874028, 32.749552, 32.74953, 32.749502, 32.749613, 32.749613, 32.749617, 32.749572, 32.749555, 32.746603, 32.74748, 32.747802, 32.748092, 32.748075, 32.746012, 32.744528, 32.74437, 32.744551, 32.743554, 32.749552)))"
481130017051,0.15953412784398702,0.15439276485788112,"list(list(c(-96.80283, -96.802271, -96.801386, -96.800874, -96.798966, -96.797156, -96.800411, -96.798681, -96.794598, -96.793494, -96.793408, -96.793466, -96.793174, -96.793098, -96.792356, -96.792169, -96.790999, -96.793566, -96.795157, -96.800294, -96.800628, -96.804601, -96.80283, 32.792989, 32.794592, 32.797648, 32.799712, 32.798101, 32.796611, 32.793829, 32.792341, 32.795219, 32.797277, 32.797697, 32.799136, 32.798872, 32.795493, 32.788131, 32.785699, 32.784067, 32.78343, 32.785929, 32.790411, 
32.790726, 32.787415, 32.792989)))"
481130096111,0.5305525460455038,0.4560723514211886,"list(list(c(-96.88162, -96.872657, -96.872483, -96.872255, -96.872261, -96.8723, -96.880828, -96.881366, -96.880721, -96.88162, 32.909436, 32.909788, 32.909782, 32.909055, 32.906826, 32.90394, 32.903863, 32.903829, 32.90793, 32.909436)))"
481130157001,0.8546045503791982,0.8313953488372093,"list(list(c(-96.971415, -96.969697, -96.96859, -96.964276, -96.960881, -96.96008, -96.96002, -96.960095, -96.959847, -96.960401, -96.955089, -96.952987, -96.958127, -96.963381, -96.969062, -96.970753, -96.970701, -96.970789, -96.970069, -96.971074, -96.971415, 32.766855, 32.768208, 32.771258, 32.772129, 32.770564, 32.773401, 32.773416, 32.763001, 32.758491, 32.749405, 32.749172, 32.748175, 32.747383, 32.746603, 32.74638, 32.746181, 32.755664, 32.759492, 32.763022, 32.765147, 32.766855)))"
481130141243,0.09804983748645724,0.13178294573643412,"list(list(c(-97.009539, -97.008284, -97.008141, -97.002577, -97.000208, -96.997189, -96.993782, -96.993774, -96.993782, -96.993818, -96.989668, -96.982512, -96.98168, -96.978434, -96.974189, -96.971685, -96.971054, -96.972469, -96.969795, -96.971372, -96.971448, -96.974007, -96.978861, -96.980734, -96.981736, -96.981928, -96.98364, -96.984758, -96.988469, -96.992444, -96.993877, -96.99386, -96.99273, -97.006723, -97.007951, -97.00792, -97.008014, -97.0107, -97.009539, 32.929346, 32.93455, 32.935276, 
32.928762, 32.926724, 32.924954, 32.923703, 32.923184, 32.922607, 32.92051, 32.920412, 32.91872, 32.918326, 32.91328, 32.910259, 32.907117, 32.90502, 32.903506, 32.90194, 32.900838, 32.900748, 32.901594, 32.901434, 32.902236, 32.903492, 32.908665, 32.911106, 32.911498, 32.91048, 32.911655, 32.911687, 32.909549, 32.905816, 32.914637, 32.91527, 32.92076, 32.924999, 32.928272, 32.929346)))"
481130141231,0.0905742145178765,0.06912144702842382,"list(list(c(-96.973793, -96.973588, -96.966672, -96.958665, -96.957708, -96.942445, -96.941101, -96.941133, -96.939098, -96.935989, -96.935521, -96.935831, -96.937358, -96.939241, -96.938611, -96.936443, -96.936, -96.936916, -96.936711, -96.937171, -96.939036, -96.94259, -96.942029, -96.941989, -96.944248, -96.944445, -96.945013, -96.950547, -96.951184, -96.952437, -96.955446, -96.956033, -96.959192, -96.959882, -96.96014, -96.961152, -96.96237, -96.964099, -96.962108, -96.962232, -96.963822, -96.972389, 
-96.97364, -96.973793, 32.989148, 32.989145, 32.989084, 32.989013, 32.989001, 32.9888, 32.986796, 32.983126, 32.982115, 32.982223, 32.98141, 32.980241, 32.980032, 32.978727, 32.97799, 32.977511, 32.976729, 32.973318, 32.971089, 32.970388, 32.969468, 32.970208, 32.968608, 32.968183, 32.966538, 32.966049, 32.965985, 32.966121, 32.966436, 32.967242, 32.969172, 32.969375, 32.969437, 32.969395, 32.973174, 32.975617, 32.977068, 32.978296, 32.980521, 32.981037, 32.983972, 32.983949, 32.987018, 32.989148
)))"
481130192052,0.29463705308775734,0.27648578811369506,"list(list(c(-96.768247, -96.768095, -96.756464, -96.756634, -96.757388, -96.757346, -96.755598, -96.756554, -96.768214, -96.768216, -96.768247, 32.986454, 32.986452, 32.986298, 32.984336, 32.9829, 32.981496, 32.978296, 32.978313, 32.978351, 32.982891, 32.986454)))"
481130181372,0.8481581798483206,0.7790697674418605,"list(list(c(-96.556366, -96.555779, -96.55535, -96.554702, -96.552826, -96.540754, -96.533715, -96.537668, -96.544377, -96.552204, -96.557386, -96.556366, 32.856924, 32.861166, 32.862477, 32.863937, 32.870558, 32.872498, 32.869756, 32.867998, 32.864579, 32.858421, 32.855633, 32.856924)))"
481130172031,0.623726977248104,0.5064599483204134,"list(list(c(-96.613997, -96.608305, -96.606446, -96.604529, -96.602002, -96.600139, -96.596782, -96.597338, -96.598756, -96.59881, -96.601352, -96.604731, -96.609589, -96.612207, -96.612195, -96.612825, -96.613997, 32.748485, 32.748125, 32.746755, 32.746132, 32.746669, 32.746996, 32.746468, 32.745184, 32.743988, 32.743946, 32.741883, 32.739142, 32.737102, 32.735073, 32.742537, 32.745957, 32.748485)))"
481130165342,0.8046045503791983,0.748062015503876,"list(list(c(-96.908679, -96.893554, -96.892477, -96.891986, -96.891539, -96.891468, -96.891468, -96.892848, -96.905637, -96.905509, -96.905667, -96.90863, -96.90862, -96.908679, 32.691224, 32.691263, 32.691431, 32.691794, 32.691459, 32.676629, 32.676484, 32.676495, 32.676379, 32.675578, 32.67558, 32.675606, 32.676445, 32.691224)))"
481130079102,0.42063921993499453,0.4018087855297158,"list(list(c(-96.760827, -96.762029, -96.761289, -96.759555, -96.757818, -96.756517, -96.758527, -96.759781, -96.762113, -96.760827, 32.855801, 32.855928, 32.857849, 32.858874, 32.858064, 32.857045, 32.854825, 32.852838, 32.853678, 32.855801)))"
481130137171,0.9442036836403034,0.9289405684754521,"list(list(c(-96.907345, -96.90049, -96.897404, -96.896932, -96.902485, -96.907451, -96.907345, 32.964897, 32.964906, 32.965249, 32.964925, 32.95928, 32.956553, 32.964897)))"
481130122112,0.7052004333694475,0.6343669250645995,"list(list(c(-96.69209, -96.688207, -96.688359, -96.688953, -96.688858, -96.686989, -96.685692, -96.685765, -96.682455, -96.682575, -96.691949, -96.692011, -96.69209, 32.795957, 32.797004, 32.803472, 32.804648, 32.806936, 32.806956, 32.806932, 32.803382, 32.803366, 32.798011, 32.795602, 32.795758, 32.795957)))"
481130181481,0.9554171180931744,0.9341085271317829,"list(list(c(-96.601808, -96.598808, -96.598557, -96.595483, -96.594827, -96.59246, -96.595033, -96.595781, -96.595879, -96.602438, -96.601808, 32.858023, 32.855385, 32.854402, 32.852404, 32.850156, 32.848542, 32.846643, 32.846319, 32.84653, 32.857567, 32.858023)))"
481130181202,0.3012459371614301,0.28552971576227393,"list(list(c(-96.605558, -96.603022, -96.596764, -96.59801, -96.598148, -96.597181, -96.600743, -96.60127, -96.60426, -96.604479, -96.60684, -96.605558, 32.935837, 32.937581, 32.931884, 32.929674, 32.926454, 32.924625, 32.926992, 32.928617, 32.929902, 32.930582, 32.935569, 32.935837)))"
481130123013,0.9590465872156013,0.9386304909560723,"list(list(c(-96.689698, -96.687845, -96.686199, -96.684465, -96.684466, -96.684394, -96.684314, -96.683842, -96.689625, -96.689698, 32.817411, 32.818151, 32.818505, 32.818835, 32.818702, 32.814999, 32.812445, 32.809288, 32.817313, 32.817411)))"
481130131021,0.14436619718309862,0.1472868217054264,"list(list(c(-96.787861, -96.78264, -96.77962, -96.779547, -96.779472, -96.779272, -96.778911, -96.778629, -96.777354, -96.777023, -96.777074, -96.777348, -96.777169, -96.778675, -96.783558, -96.786662, -96.786846, -96.786928, -96.787861, 32.894824, 32.894755, 32.894995, 32.893866, 32.893434, 32.893231, 32.89302, 32.892746, 32.891137, 32.889952, 32.887073, 32.886538, 32.883127, 32.880161, 32.880141, 32.880032, 32.886201, 32.892592, 32.894824)))"
481130107014,NA,NA,"list(list(c(-96.895844, -96.888547, -96.887145, -96.880822, -96.882471, -96.882481, -96.879936, -96.880007, -96.879466, -96.887489, -96.889439, -96.891428, -96.893422, -96.895372, -96.895844, 32.766786, 32.767877, 32.767952, 32.767726, 32.765271, 32.763537, 32.761493, 32.758785, 32.757486, 32.757472, 32.760223, 32.760591, 32.760241, 32.763545, 32.766786)))"
481130136192,0.06852654387865653,0.07299741602067178,"list(list(c(-96.798335, -96.794963, -96.796714, -96.796176, -96.79733, -96.796128, -96.790516, -96.788981, -96.789026, -96.788524, -96.791305, -96.791638, -96.794847, -96.795918, -96.79817, -96.798335, 32.963431, 32.970064, 32.970881, 32.972464, 32.974434, 32.978347, 32.979338, 32.97923, 32.97374, 32.972042, 32.969186, 32.962516, 32.962819, 32.962665, 32.962336, 32.963431)))"
481130190201,0.5439328277356447,0.4496124031007752,"list(list(c(-96.682707, -96.682666, -96.682374, -96.682231, -96.679892, -96.679314, -96.677414, -96.676104, -96.673731, -96.672532, -96.670547, -96.668665, -96.667386, -96.665309, -96.667385, -96.671048, -96.682763, -96.682707, 32.938422, 32.945345, 32.945334, 32.944185, 32.943607, 32.942432, 32.941789, 32.94015, 32.938505, 32.93831, 32.936954, 32.934905, 32.934202, 32.930895, 32.931209, 32.931249, 32.931278, 32.938422)))"
481130096083,0.6410617551462622,0.5381136950904393,"list(list(c(-96.856089, -96.856049, -96.848127, -96.846616, -96.846613, -96.846601, -96.845887, -96.846891, -96.85616, -96.856089, 32.913189, 32.918138, 32.921473, 32.918747, 32.917842, 32.91634, 32.911533, 32.909654, 32.909652, 32.913189)))"
481130192031,0.5949620801733477,0.49741602067183466,"list(list(c(-96.739677, -96.737037, -96.734312, -96.729164, -96.727759, -96.727914, -96.729303, -96.734744, -96.73482, -96.734894, -96.735442, -96.739475, -96.739471, -96.73944, -96.739677, 32.963164, 32.963139, 32.960879, 32.960848, 32.960862, 32.960707, 32.95912, 32.950787, 32.950657, 32.950523, 32.950711, 32.95082, 32.950941, 32.962285, 32.963164)))"
481130202002,0.6340195016251354,0.5180878552971576,"list(list(c(-96.75732, -96.751081, -96.749161, -96.747943, -96.746426, -96.748363, -96.748079, -96.75061, -96.748114, -96.747064, -96.755057, -96.747295, -96.744141, -96.752518, -96.753446, -96.753835, -96.754993, -96.753169, -96.750983, -96.748365, -96.746616, -96.740285, -96.735751, -96.734043, -96.732225, -96.731869, -96.733262, -96.736104, -96.73568, -96.734203, -96.734566, -96.734039, -96.728495, -96.72554, -96.723691, -96.721019, -96.714038, -96.712738, -96.70859, -96.704493, -96.703991, -96.703168, 
-96.701848, -96.700715, -96.697596, -96.696494, -96.694659, -96.691946, -96.69159, -96.691477, -96.691627, -96.689826, -96.693689, -96.695342, -96.695154, -96.700605, -96.70258, -96.721083, -96.722678, -96.730336, -96.734279, -96.750575, -96.75064, -96.753852, -96.756667, -96.75732, 32.664271, 32.667366, 32.667645, 32.671633, 32.672542, 32.675033, 32.676492, 32.678773, 32.680017, 32.680531, 32.700328, 32.703231, 32.704421, 32.718944, 32.721017, 32.722102, 32.728364, 32.728099, 32.726402, 32.725603, 
32.723717, 32.723709, 32.724048, 32.723626, 32.721812, 32.718713, 32.714851, 32.709711, 32.707498, 32.703658, 32.700743, 32.699823, 32.698396, 32.698725, 32.6973, 32.696513, 32.696302, 32.696444, 32.698783, 32.699284, 32.701065, 32.701335, 32.699357, 32.698721, 32.699983, 32.699967, 32.697273, 32.697918, 32.696688, 32.695416, 32.69298, 32.681071, 32.680645, 32.677701, 32.67671, 32.674915, 32.674059, 32.66472, 32.663932, 32.66008, 32.658395, 32.655225, 32.65737, 32.66212, 32.663454, 32.664271)))"
481130192022,0.8795232936078007,0.832687338501292,"list(list(c(-96.757418, -96.750629, -96.749435, -96.75043, -96.751937, -96.757402, -96.757418, 32.947685, 32.947302, 32.946911, 32.942904, 32.939974, 32.939979, 32.947685)))"
481130164071,0.8678764897074757,0.8430232558139534,"list(list(c(-96.994186, -96.994177, -96.991801, -96.987355, -96.985674, -96.985473, -96.994206, -96.994186, 32.704089, 32.709521, 32.70886, 32.705944, 32.705677, 32.698822, 32.698846, 32.704089)))"
481130199001,0.9284398699891657,0.8895348837209303,"list(list(c(-96.898412, -96.893773, -96.893388, -96.880972, -96.878594, -96.87963, -96.879683, -96.882592, -96.887676, -96.887746, -96.889942, -96.891457, -96.891458, -96.891449, -96.898463, -96.898412, 32.735173, 32.735017, 32.736967, 32.739921, 32.740543, 32.739266, 32.734952, 32.734969, 32.734985, 32.731724, 32.730627, 32.730632, 32.731234, 32.732757, 32.732827, 32.735173)))"
481130020011,0.540899241603467,0.46382428940568476,"list(list(c(-96.822934, -96.820447, -96.814393, -96.81252, -96.807124, -96.806479, -96.809402, -96.809695, -96.810255, -96.810293, -96.815627, -96.816767, -96.816767, -96.817526, -96.822895, -96.822934, 32.756332, 32.758578, 32.762895, 32.765287, 32.76331, 32.762944, 32.759326, 32.758768, 32.758777, 32.757295, 32.757257, 32.757246, 32.754796, 32.753784, 32.753777, 32.756332)))"
481130106021,0.9626760563380282,0.937984496124031,"list(list(c(-96.927378, -96.926119, -96.926704, -96.926095, -96.926416, -96.912712, -96.912008, -96.91196, -96.910561, -96.908812, -96.914396, -96.914633, -96.917657, -96.927327, -96.927377, -96.926976, -96.927378, 32.76702, 32.768665, 32.771206, 32.777524, 32.778694, 32.778469, 32.778564, 32.775861, 32.775159, 32.769297, 32.766454, 32.766453, 32.766428, 32.765634, 32.765629, 32.766634, 32.76702)))"
481130191011,0.4766522210184182,0.4270025839793282,"list(list(c(-96.739667, -96.737401, -96.734894, -96.73482, -96.734744, -96.729303, -96.727914, -96.724257, -96.728718, -96.729116, -96.72927, -96.729822, -96.731432, -96.733311, -96.733451, -96.73706, -96.745941, -96.739667, 32.944976, 32.947018, 32.950523, 32.950657, 32.950787, 32.95912, 32.960707, 32.960689, 32.953667, 32.95213, 32.949475, 32.948324, 32.945922, 32.940049, 32.939991, 32.939736, 32.939999, 32.944976)))"
481130178081,0.807421451787649,0.6976744186046512,"list(list(c(-96.612813, -96.611116, -96.610587, -96.602341, -96.600023, -96.595646, -96.595826, -96.595802, -96.595828, -96.59583, -96.595903, -96.597452, -96.59904, -96.603104, -96.611395, -96.611956, -96.612813, 32.833063, 32.83387, 32.834121, 32.83745, 32.838414, 32.840181, 32.834471, 32.834128, 32.833283, 32.833246, 32.828712, 32.828843, 32.830557, 32.832112, 32.831385, 32.831865, 32.833063)))"
481130010011,0.04745395449620804,0.051033591731266204,"list(list(c(-96.774721, -96.770154, -96.770155, -96.770189, -96.774706, -96.774721, -96.774721, 32.82349, 32.823484, 32.822943, 32.817366, 32.817239, 32.82023, 32.82349)))"
481130011011,0.21868905742145184,0.20284237726098187,"list(list(c(-96.770205, -96.766569, -96.766878, -96.770196, -96.770205, 32.813876, 32.813848, 32.807951, 32.807943, 32.813876)))"
481130178162,0.7472372697724811,0.6395348837209303,"list(list(c(-96.645629, -96.644318, -96.638019, -96.634179, -96.634057, -96.643312, -96.645573, -96.6497, -96.645629, 32.802149, 32.801052, 32.798023, 32.795167, 32.792304, 32.792298, 32.796127, 32.798786, 32.802149)))"
481130190361,0.14122426868905746,0.13953488372093026,"list(list(c(-96.69991, -96.695488, -96.692466, -96.688659, -96.688886, -96.691252, -96.692294, -96.699933, -96.69991, 32.975066, 32.974755, 32.973746, 32.973635, 32.972144, 32.97037, 32.967835, 32.967863, 32.975066)))"
481130181272,0.7701516793066089,0.702842377260982,"list(list(c(-96.648298, -96.645224, -96.638802, -96.637931, -96.632145, -96.632064, -96.634854, -96.6349, -96.636173, -96.642738, -96.645719, -96.648839, -96.648298, 32.856407, 32.859009, 32.85384, 32.851979, 32.846185, 32.846111, 32.843785, 32.843857, 32.845506, 32.851275, 32.853855, 32.855953, 32.856407)))"
481130145021,0.8651679306608884,0.7997416020671835,"list(list(c(-96.959734, -96.959719, -96.959148, -96.959281, -96.956719, -96.956045, -96.952701, -96.952444, -96.949511, -96.949601, -96.949933, -96.952364, -96.959782, -96.959734, 32.815506, 32.820323, 32.821416, 32.828508, 32.82696, 32.824863, 32.821846, 32.818258, 32.818058, 32.816282, 32.814931, 32.814921, 32.81521, 32.815506)))"
481130109041,0.9447995666305525,0.8992248062015504,"list(list(c(-96.882569, -96.882309, -96.880713, -96.857138, -96.857114, -96.857158, -96.862036, -96.8704, -96.871709, -96.878111, -96.879821, -96.882697, -96.882569, 32.687178, 32.688063, 32.691249, 32.691234, 32.6828, 32.676549, 32.671179, 32.67125, 32.671677, 32.675904, 32.676603, 32.676701, 32.687178)))"
481130096043,0.8053087757313109,0.7222222222222222,"list(list(c(-96.820753, -96.817715, -96.811322, -96.811125, -96.806423, -96.804735, -96.803568, -96.80358, -96.803578, -96.803569, -96.803552, -96.810643, -96.811249, -96.813455, -96.818827, -96.820753, 32.926067, 32.926043, 32.926054, 32.926049, 32.925984, 32.925793, 32.92564, 32.92542, 32.924999, 32.924228, 32.922545, 32.922497, 32.922589, 32.92257, 32.921478, 32.926067)))"
481130136063,0.48407367280606717,0.3927648578811369,"list(list(c(-96.804614, -96.804586, -96.804585, -96.79817, -96.795918, -96.796423, -96.797286, -96.797221, -96.797494, -96.799287, -96.799017, -96.799052, -96.798873, -96.800017, -96.803622, -96.803775, -96.804162, -96.804204, -96.804524, -96.804651, -96.804614, 32.95969, 32.962235, 32.962372, 32.962336, 32.962665, 32.958886, 32.957081, 32.956588, 32.954183, 32.952505, 32.950372, 32.950224, 32.949782, 32.94986, 32.949851, 32.952402, 32.953889, 32.954084, 32.95543, 32.956525, 32.95969)))"
481130065022,0.8587215601300109,0.8410852713178294,"list(list(c(-96.891657, -96.88255, -96.881996, -96.882072, -96.87768, -96.877597, -96.878897, -96.874248, -96.869722, -96.870114, -96.872947, -96.874279, -96.881095, -96.883979, -96.884723, -96.885968, -96.890825, -96.891553, -96.891556, -96.891657, 32.723377, 32.723405, 32.723363, 32.728344, 32.728298, 32.723442, 32.720425, 32.720405, 32.720391, 32.720256, 32.71913, 32.718821, 32.716669, 32.715739, 32.715739, 32.71614, 32.720436, 32.721133, 32.722344, 32.723377)))"
481130122102,0.31056338028169017,0.2906976744186046,"list(list(c(-96.697651, -96.696937, -96.692925, -96.689001, -96.689382, -96.692737, -96.691463, -96.691425, -96.695258, -96.695971, -96.701401, -96.697651, 32.813345, 32.81373, 32.813905, 32.811459, 32.810639, 32.810586, 32.809671, 32.806947, 32.807018, 32.807341, 32.811954, 32.813345)))"
481130176063,0.9210725893824485,0.877906976744186,"list(list(c(-96.644006, -96.629703, -96.629431, -96.631143, -96.63117, -96.629452, -96.629414, -96.631173, -96.639138, -96.639012, -96.640116, -96.643072, -96.643384, -96.644006, 32.762375, 32.766741, 32.765093, 32.761747, 32.752357, 32.752359, 32.748652, 32.748657, 32.748732, 32.755515, 32.756453, 32.759014, 32.759507, 32.762375)))"
481130181341,0.314409534127844,0.3023255813953488,"list(list(c(-96.539997, -96.536072, -96.531377, -96.531395, -96.518171, -96.518273, -96.531437, -96.536914, -96.535905, -96.534892, -96.534837, -96.53426, -96.535427, -96.537517, -96.538707, -96.539997, 32.907794, 32.90817, 32.91058, 32.900708, 32.899821, 32.891534, 32.891637, 32.891657, 32.895881, 32.89802, 32.901176, 32.903173, 32.90503, 32.905273, 32.907597, 32.907794)))"
481130138051,0.27112676056338025,0.2506459948320413,"list(list(c(-96.85593, -96.855778, -96.852657, -96.851304, -96.8502, -96.848609, -96.84697, -96.847518, -96.847543, -96.847569, -96.855762, -96.855929, -96.855937, -96.85593, 32.935809, 32.935867, 32.935833, 32.936407, 32.9367, 32.939953, 32.939883, 32.939885, 32.936191, 32.933377, 32.933532, 32.933543, 32.933678, 32.935809)))"
481130190393,0.8005417118093174,0.7080103359173127,"list(list(c(-96.717096, -96.699965, -96.699976, -96.699948, -96.708526, -96.710176, -96.714771, -96.715102, -96.716283, -96.717096, 32.960655, 32.960579, 32.953086, 32.945321, 32.945341, 32.945566, 32.945563, 32.948357, 32.95818, 32.960655)))"
481130108062,0.854875406283857,0.7713178294573644,"list(list(c(-96.874237, -96.874189, -96.873086, -96.870196, -96.865907, -96.860931, -96.857183, -96.85712, -96.857102, -96.87426, -96.874237, 32.704382, 32.70537, 32.704948, 32.704937, 32.704957, 32.704811, 32.70581, 32.703328, 32.698211, 32.698224, 32.704382)))"
481130173141,0.3972372697724811,0.37209302325581395,"list(list(c(-96.599018, -96.593349, -96.591749, -96.590982, -96.587345, -96.58438, -96.583292, -96.579277, -96.575884, -96.574111, -96.571811, -96.569568, -96.579815, -96.57983, -96.579927, -96.583419, -96.58544, -96.588626, -96.591793, -96.595194, -96.599129, -96.599018, 32.729766, 32.734447, 32.733399, 32.733074, 32.733302, 32.732286, 32.731347, 32.730288, 32.727908, 32.727463, 32.727525, 32.726363, 32.717783, 32.717771, 32.717731, 32.720659, 32.721555, 32.724169, 32.72455, 32.726334, 32.729678, 
32.729766)))"
481130112022,0.21359696641386783,0.19638242894056845,"list(list(c(-96.823126, -96.817154, -96.814534, -96.814809, -96.809162, -96.808693, -96.805918, -96.805898, -96.80581, -96.805799, -96.807096, -96.809024, -96.823122, -96.822609, -96.823192, -96.823126, 32.687101, 32.684086, 32.683874, 32.675086, 32.675072, 32.675005, 32.674985, 32.668703, 32.665036, 32.662351, 32.662404, 32.662401, 32.662327, 32.674838, 32.683268, 32.687101)))"
481130173112,0.5486457204767063,0.4651162790697675,"list(list(c(-96.583602, -96.577866, -96.569811, -96.569383, -96.569364, -96.569215, -96.575858, -96.577024, -96.583523, -96.583602, 32.760582, 32.760379, 32.760545, 32.759393, 32.75921, 32.756774, 32.756951, 32.756565, 32.75584, 32.760582)))"
481130110021,0.2664680390032502,0.2797157622739018,"list(list(c(-96.836218, -96.835218, -96.835746, -96.834437, -96.836254, -96.830661, -96.827253, -96.823126, -96.823192, -96.822609, -96.829133, -96.832966, -96.835892, -96.838364, -96.836218, 32.675507, 32.677673, 32.680062, 32.683315, 32.688156, 32.687642, 32.688239, 32.687101, 32.683268, 32.674838, 32.674898, 32.674497, 32.672962, 32.672852, 32.675507)))"
481130141512,0.5061213434452871,0.45736434108527135,"list(list(c(-96.993877, -96.992444, -96.988469, -96.988499, -96.985999, -96.983684, -96.983327, -96.981736, -96.980734, -96.978861, -96.974007, -96.971448, -96.967242, -96.96516, -96.958923, -96.959015, -96.962607, -96.981756, -96.983712, -96.990512, -96.99273, -96.99386, -96.993877, 32.911687, 32.911655, 32.91048, 32.909897, 32.90789, 32.90426, 32.903864, 32.903492, 32.902236, 32.901434, 32.901594, 32.900748, 32.896662, 32.895952, 32.895955, 32.895125, 32.890462, 32.900939, 32.901754, 32.904482, 
32.905816, 32.909549, 32.911687)))"
481130141442,0.3593716143011918,0.3281653746770026,"list(list(c(-96.954117, -96.95539, -96.955412, -96.952142, -96.951721, -96.948191, -96.943093, -96.940689, -96.940365, -96.941441, -96.94629, -96.948849, -96.951446, -96.955948, -96.954117, 32.889654, 32.892527, 32.895947, 32.895957, 32.893925, 32.890687, 32.888708, 32.886055, 32.881211, 32.879094, 32.881278, 32.882555, 32.884318, 32.886805, 32.889654)))"
481130181263,0.7617009750812568,0.6789405684754521,"list(list(c(-96.636607, -96.633375, -96.629947, -96.627939, -96.624403, -96.627997, -96.628153, -96.62838, -96.630404, -96.630457, -96.630595, -96.633474, -96.634213, -96.636607, 32.85613, 32.858815, 32.856136, 32.85582, 32.852586, 32.849499, 32.849376, 32.849198, 32.847532, 32.847585, 32.847468, 32.850218, 32.853796, 32.85613)))"
481130093032,0.8016251354279523,0.7635658914728682,"list(list(c(-96.734081, -96.733903, -96.729053, -96.728637, -96.726063, -96.724068, -96.723662, -96.721847, -96.721906, -96.723771, -96.72351, -96.722463, -96.721235, -96.720471, -96.717525, -96.715149, -96.713968, -96.712935, -96.711661, -96.710333, -96.709038, -96.70029, -96.700312, -96.700313, -96.700313, -96.705526, -96.709007, -96.709003, -96.71769, -96.717763, -96.71727, -96.717334, -96.722122, -96.73568, -96.736104, -96.733262, -96.731869, -96.732225, -96.734043, -96.736397, -96.734081, 32.72784, 
32.726631, 32.728233, 32.726955, 32.727542, 32.729227, 32.73067, 32.731516, 32.732373, 32.732529, 32.734346, 32.736141, 32.737007, 32.736444, 32.738214, 32.736089, 32.73502, 32.733888, 32.734411, 32.734433, 32.731554, 32.726869, 32.723965, 32.722335, 32.719774, 32.719749, 32.719724, 32.727065, 32.727088, 32.719792, 32.717842, 32.712696, 32.712429, 32.707498, 32.709711, 32.714851, 32.718713, 32.721812, 32.723626, 32.72655, 32.72784)))"
481130125012,0.5903575297941495,0.547157622739018,"list(list(c(-96.6681, -96.661633, -96.658864, -96.658729, -96.65859, -96.658604, -96.659294, -96.661683, -96.66218, -96.662325, -96.663602, -96.668072, -96.6681, 32.826834, 32.826703, 32.82778, 32.827216, 32.821506, 32.821392, 32.821361, 32.821391, 32.821394, 32.821396, 32.821373, 32.821427, 32.826834)))"
481130144071,0.788569880823402,0.6854005167958657,"list(list(c(-97.004168, -97.003452, -97.001437, -97.000917, -96.99689, -96.996619, -96.997575, -96.99775, -97.004088, -97.004385, -97.004168, 32.830703, 32.830253, 32.82958, 32.829472, 32.828654, 32.824122, 32.822577, 32.821849, 32.821708, 32.82754, 32.830703)))"
481130162032,0.9991874322860238,0.9987080103359173,"list(list(c(-97.012161, -97.007357, -97.002453, -97.002443, -97.00594, -97.007426, -97.012176, -97.012161, 32.713396, 32.713365, 32.713348, 32.709559, 32.709576, 32.709595, 32.70963, 32.713396)))"
481130019022,0.2600758396533045,0.2551679586563308,"list(list(c(-96.814858, -96.813248, -96.809796, -96.807608, -96.809525, -96.808675, -96.808675, -96.808951, -96.808966, -96.808965, -96.808883, -96.81024, -96.814072, -96.815024, -96.814858, 32.7984, 32.797379, 32.794243, 32.792299, 32.790738, 32.7872, 32.786749, 32.784644, 32.784391, 32.784231, 32.783307, 32.782648, 32.794883, 32.797107, 32.7984)))"
481130166214,0.07822318526543881,0.1195090439276486,"list(list(c(-96.856929, -96.850023, -96.850325, -96.849937, -96.848072, -96.845037, -96.841803, -96.839667, -96.839665, -96.856878, -96.856878, -96.856929, 32.575238, 32.575204, 32.570611, 32.56986, 32.568322, 32.568061, 32.566332, 32.566122, 32.565054, 32.565013, 32.565962, 32.575238)))"
481130165242,0.11852654387865658,0.14534883720930236,"list(list(c(-96.992746, -96.992095, -96.992165, -96.99331, -96.988076, -96.983303, -96.980925, -96.974223, -96.971656, -96.968477, -96.96186, -96.958554, -96.946403, -96.95231, -96.959729, -96.96434, -96.966665, -96.975872, -96.975763, -96.978451, -96.978772, -96.980496, -96.983846, -96.988689, -96.992839, -96.99271, -96.994817, -96.992746, 32.581086, 32.581988, 32.586216, 32.588174, 32.589682, 32.590691, 32.590331, 32.591397, 32.591336, 32.590412, 32.589892, 32.589883, 32.589932, 32.583583, 32.576773, 
32.572822, 32.569201, 32.569364, 32.573633, 32.573845, 32.575597, 32.575259, 32.573276, 32.572981, 32.573501, 32.575764, 32.580413, 32.581086)))"
481130137273,0.40455037919826653,0.2771317829457365,"list(list(c(-96.842743, -96.840067, -96.838871, -96.830244, -96.830354, -96.830043, -96.829865, -96.829869, -96.829837, -96.829907, -96.838967, -96.838636, -96.838633, -96.838632, -96.838623, -96.838601, -96.841936, -96.842328, -96.843119, -96.842743, 32.983111, 32.982967, 32.983353, 32.983303, 32.969406, 32.96857, 32.96777, 32.962714, 32.957791, 32.954014, 32.954265, 32.956179, 32.956428, 32.956553, 32.95959, 32.964292, 32.968902, 32.969425, 32.971227, 32.983111)))"
481130144091,0.9585590465872156,0.9405684754521964,"list(list(c(-97.034226, -97.033904, -97.033862, -97.03386, -97.033857, -97.022123, -97.01669, -97.016697, -97.01736, -97.017756, -97.018066, -97.025666, -97.034233, -97.034226, 32.816958, 32.83429, 32.836508, 32.83695, 32.837134, 32.837136, 32.837108, 32.829826, 32.823972, 32.820609, 32.816316, 32.816455, 32.816662, 32.816958)))"
481130016021,0.10444203683640307,0.10142118863049099,"list(list(c(-96.789133, -96.783802, -96.781069, -96.787552, -96.790323, -96.789133, 32.795428, 32.799889, 32.797561, 32.792163, 32.794441, 32.795428)))"
481130007052,0.1709642470205851,0.1640826873385013,"list(list(c(-96.792992, -96.79269, -96.79117, -96.78895, -96.792491, -96.795399, -96.792992, 32.822173, 32.82266, 32.824084, 32.823191, 32.816552, 32.817678, 32.822173)))"
481130050001,0.7099674972914409,0.6124031007751938,"list(list(c(-96.83752, -96.837522, -96.832146, -96.832157, -96.824627, -96.823862, -96.824337, -96.828734, -96.832162, -96.834304, -96.837628, -96.83752, 32.736863, 32.736961, 32.737263, 32.738577, 32.738275, 32.734453, 32.732815, 32.733168, 32.734313, 32.734009, 32.73328, 32.736863)))"
481130181442,0.08748645720476711,0.09819121447028423,"list(list(c(-96.529666, -96.523098, -96.521639, -96.521379, -96.521243, -96.521193, -96.521205, -96.521323, -96.526393, -96.526522, -96.52556, -96.519999, -96.51938, -96.517195, -96.517174, -96.51732, -96.517339, -96.517351, -96.51747, -96.51747, -96.517792, -96.522926, -96.524665, -96.529666, 32.932823, 32.938174, 32.939465, 32.939825, 32.940188, 32.940626, 32.940803, 32.941251, 32.946013, 32.94634, 32.94681, 32.951427, 32.951923, 32.953735, 32.953754, 32.945925, 32.945112, 32.944274, 32.938298, 
32.938273, 32.922867, 32.927214, 32.928454, 32.932823)))"
481130169021,0.9503791982665222,0.9198966408268734,"list(list(c(-96.744648, -96.742121, -96.73987, -96.731839, -96.729756, -96.728835, -96.721138, -96.723748, -96.726036, -96.729795, -96.730336, -96.722678, -96.721083, -96.719859, -96.715607, -96.710292, -96.709309, -96.709033, -96.707689, -96.704191, -96.703444, -96.703265, -96.702921, -96.702501, -96.70204, -96.700275, -96.699313, -96.699038, -96.696524, -96.693966, -96.694406, -96.69599, -96.699916, -96.704129, -96.709076, -96.706099, -96.706908, -96.715818, -96.718716, -96.718712, -96.720403, 
-96.724298, -96.735705, -96.736064, -96.745437, -96.744648, 32.623461, 32.62476, 32.625823, 32.629604, 32.635083, 32.636667, 32.646735, 32.650451, 32.653773, 32.659224, 32.66008, 32.663932, 32.66472, 32.662636, 32.655282, 32.652798, 32.652007, 32.651709, 32.65016, 32.643016, 32.641529, 32.64116, 32.640461, 32.639632, 32.638679, 32.635143, 32.633207, 32.632655, 32.62759, 32.622413, 32.622207, 32.621273, 32.619385, 32.629801, 32.627532, 32.623145, 32.622554, 32.618209, 32.618336, 32.617731, 32.618338, 
32.618491, 32.618567, 32.618561, 32.618574, 32.623461)))"
481130132023,0.10227518959913329,0.09108527131782951,"list(list(c(-96.775988, -96.769319, -96.768789, -96.768972, -96.769032, -96.771796, -96.773748, -96.775153, -96.775988, 32.913552, 32.913552, 32.911781, 32.910708, 32.909347, 32.909402, 32.909714, 32.910849, 32.913552)))"
481130143142,0.3318526543878657,0.289405684754522,"list(list(c(-96.97719, -96.975582, -96.972051, -96.971091, -96.970928, -96.970921, -96.968234, -96.968234, -96.967754, -96.966835, -96.96318, -96.96298, -96.959137, -96.958908, -96.959901, -96.960221, -96.959774, -96.963494, -96.963505, -96.96645, -96.971251, -96.972857, -96.972972, -96.977297, -96.97719, 32.866391, 32.866529, 32.868394, 32.869584, 32.874451, 32.875326, 32.8752, 32.877896, 32.878287, 32.877406, 32.877034, 32.87595, 32.87276, 32.870123, 32.86842, 32.862153, 32.861171, 32.860269, 32.859034, 
32.858148, 32.858894, 32.860568, 32.862831, 32.863624, 32.866391)))"
481130141392,0.6346153846153846,0.5626614987080103,"list(list(c(-97.005136, -97.003589, -96.999284, -96.99629, -96.996418, -97.001607, -97.004932, -97.004972, -97.005136, 32.859713, 32.860157, 32.859941, 32.860531, 32.856914, 32.856921, 32.856957, 32.85922, 32.859713)))"
481130141431,0.47242686890574215,0.4160206718346253,"list(list(c(-96.958858, -96.953172, -96.947985, -96.946789, -96.945212, -96.945035, -96.942406, -96.941174, -96.939771, -96.938138, -96.952142, -96.955412, -96.958923, -96.958858, 32.905012, 32.908723, 32.911014, 32.91123, 32.911136, 32.90858, 32.905656, 32.902867, 32.899601, 32.895871, 32.895957, 32.895947, 32.895955, 32.905012)))"
481130154052,0.735807150595883,0.6750645994832041,"list(list(c(-97.009967, -97.009029, -97.00739, -97.005403, -97.004886, -97.004477, -97.003627, -96.99505, -96.995031, -97.006854, -97.012336, -97.009967, 32.76239, 32.766087, 32.76644, 32.765237, 32.763722, 32.763288, 32.76298, 32.762924, 32.758753, 32.759612, 32.759641, 32.76239)))"
481130007051,0.24312026002166842,0.21188630490956073,"list(list(c(-96.792491, -96.78895, -96.78609, -96.78961, -96.792491, 32.816552, 32.823191, 32.822077, 32.81559, 32.816552)))"
481130100015,0.9071505958829903,0.8158914728682171,"list(list(c(-96.866211, -96.862898, -96.855257, -96.85141, -96.84698, -96.846998, -96.847669, -96.847351, -96.8483, -96.84966, -96.853033, -96.861499, -96.864803, -96.866211, 32.814921, 32.815224, 32.817551, 32.817615, 32.817597, 32.815709, 32.81419, 32.813822, 32.813102, 32.81113, 32.811842, 32.812162, 32.813267, 32.814921)))"
481130006111,0.5588299024918744,0.4760981912144703,"list(list(c(-96.826351, -96.822427, -96.821754, -96.821646, -96.819634, -96.819731, -96.821254, -96.822382, -96.825537, -96.826351, 32.8221, 32.825315, 32.825738, 32.825825, 32.824036, 32.823954, 32.822637, 32.820679, 32.821499, 32.8221)))"
481130160012,0.8725352112676057,0.8682170542635659,"list(list(c(-97.014609, -97.014364, -97.014438, -97.013718, -97.009024, -97.009094, -97.014734, -97.014609, 32.736396, 32.737969, 32.739249, 32.736511, 32.736461, 32.728685, 32.728733, 32.736396)))"
481130166381,0.090032502708559,0.0794573643410853,"list(list(c(-96.887055, -96.884473, -96.883976, -96.879912, -96.878418, -96.878437, -96.878458, -96.878461, -96.877164, -96.874352, -96.874026, -96.865684, -96.865635, -96.874186, -96.882783, -96.882983, -96.882982, -96.884146, -96.883004, -96.883189, -96.883798, -96.883649, -96.885706, -96.884924, -96.885782, -96.887055, 32.645072, 32.647512, 32.647509, 32.647483, 32.647458, 32.646502, 32.642901, 32.632945, 32.632806, 32.632894, 32.633075, 32.633083, 32.618586, 32.618615, 32.618875, 32.61898, 32.622476, 
32.624048, 32.624921, 32.625578, 32.636692, 32.644303, 32.645886, 32.646603, 32.646051, 32.645072)))"
481130192102,0.2996749729144096,0.30361757105943155,"list(list(c(-96.745184, -96.743561, -96.73798, -96.729385, -96.732929, -96.73421, -96.735534, -96.739716, -96.744656, -96.745184, 32.981222, 32.986123, 32.986045, 32.975533, 32.975554, 32.975667, 32.975827, 32.97818, 32.978265, 32.981222)))"
481130173081,0.3513001083423619,0.34496124031007747,"list(list(c(-96.564709, -96.559858, -96.561523, -96.564124, -96.562755, -96.56092, -96.559948, -96.558484, -96.553761, -96.55549, -96.559162, -96.563005, -96.564709, 32.739373, 32.743261, 32.745447, 32.748559, 32.748708, 32.749533, 32.748116, 32.746738, 32.74273, 32.73818, 32.734893, 32.737586, 32.739373)))"
481130179001,0.8819068255687974,0.8333333333333334,"list(list(c(-96.668291, -96.668106, -96.66577, -96.665699, -96.665257, -96.665386, -96.665388, -96.665254, -96.662264, -96.662321, -96.662325, -96.66218, -96.661683, -96.659294, -96.658604, -96.658052, -96.653426, -96.653428, -96.652372, -96.654987, -96.668245, -96.668474, -96.668291, 32.80687, 32.807018, 32.807035, 32.810003, 32.810951, 32.811311, 32.814168, 32.815537, 32.815541, 32.819025, 32.821396, 32.821394, 32.821391, 32.821361, 32.821392, 32.821396, 32.821489, 32.813036, 32.811273, 32.810052, 
32.803867, 32.804963, 32.80687)))"
481130019013,0.0590465872156013,0.060723514211886265,"list(list(c(-96.812642, -96.810724, -96.809435, -96.805629, -96.805091, -96.803348, -96.80283, -96.804601, -96.805313, -96.807684, -96.807608, -96.809796, -96.813248, -96.812642, 32.798172, 32.797342, 32.796174, 32.793059, 32.793041, 32.793142, 32.792989, 32.787415, 32.786817, 32.790107, 32.792299, 32.794243, 32.797379, 32.798172)))"
481130182033,0.64534127843987,0.5516795865633075,"list(list(c(-96.615764, -96.613755, -96.611906, -96.602656, -96.593059, -96.593134, -96.593432, -96.592758, -96.592367, -96.600476, -96.602214, -96.60069, -96.600579, -96.603656, -96.608362, -96.610702, -96.610236, -96.611917, -96.613948, -96.614625, -96.617551, -96.615764, 32.910065, 32.91078, 32.910779, 32.910598, 32.909419, 32.908878, 32.908274, 32.907018, 32.894002, 32.893943, 32.894013, 32.895545, 32.898833, 32.898289, 32.899963, 32.900226, 32.903615, 32.906776, 32.90643, 32.907715, 32.908527, 
32.910065)))"
481130100012,0.8847237269772481,0.8307493540051679,"list(list(c(-96.884192, -96.883687, -96.883217, -96.882885, -96.882274, -96.881544, -96.88092, -96.880691, -96.878309, -96.877361, -96.876825, -96.875839, -96.874635, -96.860426, -96.856218, -96.854914, -96.850862, -96.850749, -96.849746, -96.851367, -96.85141, -96.855257, -96.862898, -96.866211, -96.868003, -96.869155, -96.873752, -96.874544, -96.875452, -96.879113, -96.880924, -96.885245, -96.884192, 32.855227, 32.85598, 32.856858, 32.85719, 32.857588, 32.857914, 32.858005, 32.85804, 32.852621, 
32.849345, 32.848039, 32.84652, 32.845153, 32.833112, 32.827482, 32.82616, 32.822879, 32.822799, 32.822067, 32.821281, 32.817615, 32.817551, 32.815224, 32.814921, 32.816729, 32.818968, 32.830228, 32.832934, 32.839336, 32.847919, 32.850068, 32.85409, 32.855227)))"
481130137283,0.935157096424702,0.9121447028423773,"list(list(c(-96.890438, -96.890418, -96.881724, -96.871899, -96.872642, -96.872991, -96.873106, -96.873193, -96.876559, -96.88085, -96.883327, -96.883328, -96.890454, -96.890438, 32.944135, 32.946374, 32.94633, 32.94635, 32.945132, 32.944077, 32.943711, 32.9422, 32.943043, 32.943024, 32.942278, 32.943092, 32.943196, 32.944135)))"
481130153052,0.8765438786565547,0.8217054263565892,"list(list(c(-96.993928, -96.993885, -96.981711, -96.981686, -96.984482, -96.984835, -96.994098, -96.993928, 32.810454, 32.815837, 32.815627, 32.810603, 32.809043, 32.808898, 32.809154, 32.810454)))"
481130091051,0.9199891657638136,0.8882428940568475,"list(list(c(-96.691827, -96.690685, -96.682831, -96.682818, -96.682807, -96.688416, -96.68845, -96.691289, -96.691827, 32.742252, 32.742695, 32.742702, 32.741484, 32.73435, 32.73438, 32.736433, 32.740237, 32.742252)))"
481130164121,0.17237269772481045,0.17118863049095612,"list(list(c(-97.007142, -97.003902, -97.003038, -97.0026, -96.988034, -96.981648, -96.978815, -96.980255, -96.980988, -96.983175, -96.984725, -96.987252, -96.988086, -96.990085, -96.990375, -96.996799, -97.002236, -97.006397, -97.007012, -97.007507, -97.007142, 32.655304, 32.658648, 32.660012, 32.662466, 32.665545, 32.666979, 32.667612, 32.666494, 32.664203, 32.660407, 32.655991, 32.655644, 32.653456, 32.652057, 32.651976, 32.650091, 32.647492, 32.64615, 32.647534, 32.6537, 32.655304)))"
481130130121,0.01955579631635973,0.02777777777777779,"list(list(c(-96.717963, -96.708459, -96.708612, -96.709047, -96.715801, -96.717975, -96.717963, 32.878861, 32.878932, 32.872362, 32.87166, 32.871696, 32.870514, 32.878861)))"
481130212003,0.8388407367280607,0.8036175710594315,"list(list(c(-96.959847, -96.960095, -96.96002, -96.958632, -96.956322, -96.956867, -96.956087, -96.955036, -96.951513, -96.950484, -96.95355, -96.953082, -96.948142, -96.947204, -96.945343, -96.943076, -96.942151, -96.941211, -96.940135, -96.926077, -96.926241, -96.926416, -96.926095, -96.926704, -96.926119, -96.927378, -96.926976, -96.927377, -96.927729, -96.92794, -96.926691, -96.92472, -96.92402, -96.925146, -96.926161, -96.926257, -96.926325, -96.927337, -96.92753, -96.927742, -96.928221, -96.92824, 
-96.92973, -96.930432, -96.931089, -96.932451, -96.933087, -96.936662, -96.937691, -96.939901, -96.941374, -96.943763, -96.950715, -96.952553, -96.958533, -96.960105, -96.959959, -96.959609, -96.958127, -96.952987, -96.955089, -96.960401, -96.959847, 32.758491, 32.763001, 32.773416, 32.772012, 32.772971, 32.77447, 32.776948, 32.778264, 32.779241, 32.778281, 32.776288, 32.774644, 32.775418, 32.776539, 32.776807, 32.776746, 32.777476, 32.777895, 32.778104, 32.782076, 32.781405, 32.778694, 32.777524, 
32.771206, 32.768665, 32.76702, 32.766634, 32.765629, 32.765058, 32.764824, 32.762464, 32.76225, 32.760999, 32.758943, 32.749636, 32.747824, 32.747692, 32.746102, 32.745586, 32.745407, 32.745103, 32.744474, 32.744406, 32.743442, 32.742589, 32.741764, 32.739736, 32.738968, 32.737223, 32.736096, 32.73397, 32.732522, 32.737215, 32.737698, 32.737775, 32.738919, 32.745444, 32.746428, 32.747383, 32.748175, 32.749172, 32.749405, 32.758491)))"
481130144101,0.862080173347779,0.7790697674418605,"list(list(c(-97.017756, -97.01736, -97.013244, -97.012999, -97.009559, -97.00956, -97.010113, -97.010227, -97.010514, -97.011338, -97.010792, -97.008772, -97.008157, -97.00797, -97.01442, -97.018066, -97.017756, 32.820609, 32.823972, 32.824512, 32.836191, 32.836022, 32.833126, 32.831618, 32.828707, 32.824427, 32.821845, 32.820695, 32.818815, 32.817256, 32.816105, 32.81622, 32.816316, 32.820609)))"
481130150021,0.7335319609967497,0.6614987080103358,"list(list(c(-96.959993, -96.959705, -96.934784, -96.934118, -96.934616, -96.934618, -96.929882, -96.926321, -96.925694, -96.924477, -96.921824, -96.921687, -96.92066, -96.919102, -96.918902, -96.925101, -96.926077, -96.940135, -96.941211, -96.942151, -96.943076, -96.945343, -96.947204, -96.948142, -96.953082, -96.95355, -96.950484, -96.951513, -96.955036, -96.956087, -96.956867, -96.956322, -96.958632, -96.96002, -96.959976, -96.960053, -96.959993, 32.783062, 32.78669, 32.786657, 32.786527, 32.793908, 
32.800977, 32.800958, 32.800942, 32.801024, 32.801205, 32.801214, 32.798927, 32.793917, 32.786668, 32.785719, 32.782682, 32.782076, 32.778104, 32.777895, 32.777476, 32.776746, 32.776807, 32.776539, 32.775418, 32.774644, 32.776288, 32.778281, 32.779241, 32.778264, 32.776948, 32.77447, 32.772971, 32.772012, 32.773416, 32.77839, 32.780143, 32.783062)))"
481130165311,0.4708559046587215,0.4218346253229974,"list(list(c(-96.916463, -96.915236, -96.909282, -96.908437, -96.908398, -96.908401, -96.908358, -96.910031, -96.912582, -96.912801, -96.915612, -96.915398, -96.916463, 32.644855, 32.646012, 32.651745, 32.651725, 32.645999, 32.64043, 32.633879, 32.633891, 32.638874, 32.640105, 32.641162, 32.642834, 32.644855)))"
481130166322,0.5669014084507042,0.5071059431524547,"list(list(c(-96.874089, -96.862994, -96.862917, -96.862438, -96.862873, -96.861907, -96.861885, -96.857066, -96.856929, -96.874056, -96.874089, 32.58254, 32.58242, 32.584705, 32.584674, 32.58645, 32.587452, 32.58972, 32.589716, 32.575238, 32.575305, 32.58254)))"
481130118013,0.7813651137594799,0.7390180878552972,"list(list(c(-96.648515, -96.648103, -96.644806, -96.642204, -96.641366, -96.639745, -96.639088, -96.639182, -96.639207, -96.639211, -96.642635, -96.644142, -96.648486, -96.648515, 32.720582, 32.720822, 32.72692, 32.728257, 32.734242, 32.73424, 32.73424, 32.726499, 32.723103, 32.719512, 32.719523, 32.719585, 32.71956, 32.720582)))"
481130153041,0.5724268689057421,0.48578811369509045,"list(list(c(-97.002406, -96.994569, -96.993885, -96.993928, -96.994098, -96.994268, -96.994935, -96.994962, -96.997458, -96.998871, -96.998658, -97.002536, -97.002406, 32.815994, 32.815855, 32.815837, 32.810454, 32.809154, 32.807806, 32.807989, 32.807995, 32.80886, 32.808323, 32.810353, 32.810797, 32.815994)))"
481130161005,NA,NA,"list(list(c(-97.03584, -97.035752, -97.034186, -97.027611, -97.025248, -97.022706, -97.021767, -97.020311, -97.020953, -97.023185, -97.024647, -97.025221, -97.035996, -97.03584, 32.720598, 32.725956, 32.727041, 32.729093, 32.728516, 32.729338, 32.72967, 32.728237, 32.726028, 32.721129, 32.71725, 32.710015, 32.711097, 32.720598)))"
481130181502,0.3226977248104008,0.3288113695090439,"list(list(c(-96.550098, -96.544777, -96.538344, -96.536584, -96.536402, -96.535208, -96.53524, -96.531343, -96.531377, -96.536072, -96.539997, -96.541047, -96.542991, -96.542983, -96.542962, -96.544564, -96.54626, -96.549124, -96.551542, -96.550098, 32.925044, 32.929347, 32.934587, 32.931974, 32.926084, 32.923989, 32.919082, 32.916612, 32.91058, 32.90817, 32.907794, 32.9078, 32.907807, 32.90807, 32.917247, 32.918295, 32.919849, 32.923719, 32.924822, 32.925044)))"
481130190461,0.6176056338028169,0.5335917312661499,"list(list(c(-96.683171, -96.674406, -96.674385, -96.678697, -96.682066, -96.683081, -96.683171, 32.923491, 32.923406, 32.916553, 32.916552, 32.917106, 32.917167, 32.923491)))"
481130184011,0.5620260021668473,0.4418604651162791,"list(list(c(-96.667925, -96.665536, -96.665458, -96.662866, -96.661938, -96.662313, -96.656831, -96.656801, -96.653145, -96.652142, -96.652161, -96.653576, -96.661581, -96.665491, -96.665625, -96.668053, -96.667925, 32.868293, 32.87155, 32.871651, 32.875293, 32.87455, 32.869818, 32.869873, 32.871558, 32.871562, 32.871168, 32.868929, 32.864016, 32.864036, 32.866538, 32.866614, 32.868126, 32.868293)))"
481130173152,0.8419826652221019,0.7822997416020672,"list(list(c(-96.605419, -96.605419, -96.597868, -96.594709, -96.593264, -96.589994, -96.586286, -96.586255, -96.584931, -96.579297, -96.575821, -96.583329, -96.58644, -96.605178, -96.605494, -96.605419, 32.708382, 32.709314, 32.709103, 32.710335, 32.707492, 32.707454, 32.707445, 32.712443, 32.71176, 32.707098, 32.703978, 32.704427, 32.704186, 32.702375, 32.703248, 32.708382)))"
481130181582,0.2840736728060672,0.2667958656330749,"list(list(c(-96.59591, -96.593787, -96.593212, -96.592789, -96.579606, -96.578509, -96.570076, -96.565913, -96.561234, -96.561161, -96.555935, -96.554232, -96.549462, -96.539638, -96.538195, -96.519304, -96.519349, -96.519794, -96.545987, -96.56154, -96.570349, -96.570446, -96.57261, -96.57357, -96.572399, -96.57395, -96.570494, -96.570308, -96.567341, -96.563161, -96.562695, -96.568424, -96.579705, -96.579769, -96.592843, -96.595897, -96.59591, 32.797638, 32.797328, 32.796657, 32.796252, 32.796035, 
32.796025, 32.796053, 32.793563, 32.793532, 32.794522, 32.794408, 32.793715, 32.792611, 32.792406, 32.792744, 32.792648, 32.789626, 32.754534, 32.762349, 32.763902, 32.764744, 32.764753, 32.764955, 32.765501, 32.769653, 32.77132, 32.774809, 32.774997, 32.77814, 32.783273, 32.784683, 32.785879, 32.787792, 32.787802, 32.78994, 32.790419, 32.797638)))"
481130178152,0.34631635969664143,0.313953488372093,"list(list(c(-96.645629, -96.642604, -96.638313, -96.634645, -96.633511, -96.634271, -96.634179, -96.638019, -96.644318, -96.645629, 32.802149, 32.804304, 32.808241, 32.811162, 32.804691, 32.797083, 32.795167, 32.798023, 32.801052, 32.802149)))"
481130202001,0.7443661971830986,0.6266149870801034,"list(list(c(-96.762785, -96.75061, -96.748079, -96.748363, -96.746426, -96.747943, -96.749161, -96.751081, -96.75732, -96.760191, -96.762962, -96.762785, 32.672816, 32.678773, 32.676492, 32.675033, 32.672542, 32.671633, 32.667645, 32.667366, 32.664271, 32.668494, 32.672741, 32.672816)))"
481130165292,0.5356446370530877,0.49289405684754517,"list(list(c(-96.97584, -96.971624, -96.958999, -96.956839, -96.957627, -96.953738, -96.953742, -96.954387, -96.956268, -96.956353, -96.957436, -96.957637, -96.956696, -96.952733, -96.952556, -96.952558, -96.957045, -96.956873, -96.957312, -96.956192, -96.95733, -96.968012, -96.970248, -96.97393, -96.975285, -96.975401, -96.97584, 32.622069, 32.624323, 32.630414, 32.631498, 32.632675, 32.632685, 32.63263, 32.631256, 32.630952, 32.630912, 32.629765, 32.626894, 32.626455, 32.620762, 32.619853, 32.617562, 
32.61757, 32.616728, 32.61281, 32.611973, 32.610489, 32.613778, 32.614897, 32.617613, 32.619697, 32.619957, 32.622069)))"
481130091052,0.8461538461538461,0.7680878552971576,"list(list(c(-96.700076, -96.69388, -96.691827, -96.691289, -96.68845, -96.688416, -96.695052, -96.700076, -96.700076, 32.741486, 32.741518, 32.742252, 32.740237, 32.736433, 32.73438, 32.734419, 32.734423, 32.741486)))"
481130210003,0.5001083423618635,0.43992248062015504,"list(list(c(-96.811983, -96.811358, -96.805423, -96.805492, -96.806617, -96.811437, -96.811432, -96.811721, -96.811983, 32.739113, 32.739134, 32.739116, 32.72775, 32.72777, 32.727701, 32.729526, 32.7386, 32.739113)))"
481130137251,0.4717226435536295,0.4076227390180879,"list(list(c(-96.853826, -96.853794, -96.850768, -96.849406, -96.848048, -96.848049, -96.841936, -96.838601, -96.838623, -96.838632, -96.846835, -96.849877, -96.853984, -96.853826, 32.958348, 32.960486, 32.961084, 32.963937, 32.963946, 32.968926, 32.968902, 32.964292, 32.95959, 32.956553, 32.956634, 32.95677, 32.957532, 32.958348)))"
481130192111,0.028114842903575243,0.02390180878552972,"list(list(c(-96.744656, -96.739716, -96.735534, -96.73421, -96.734281, -96.734293, -96.738045, -96.740291, -96.742709, -96.742683, -96.744681, -96.744656, 32.978265, 32.97818, 32.975827, 32.975667, 32.975515, 32.969427, 32.969777, 32.970813, 32.970731, 32.974735, 32.977052, 32.978265)))"
481130190501,0.05736728060671725,0.06589147286821706,"list(list(c(-96.641992, -96.64108, -96.641058, -96.638327, -96.6338, -96.631475, -96.628235, -96.624304, -96.622476, -96.630067, -96.634567, -96.642159, -96.641992, 32.96625, 32.969381, 32.970528, 32.970563, 32.969045, 32.969322, 32.965086, 32.964494, 32.963417, 32.957062, 32.959907, 32.965968, 32.96625)))"
481130166371,0.7480498374864573,0.6834625322997416,"list(list(c(-96.891491, -96.887055, -96.885782, -96.884924, -96.885706, -96.883649, -96.883798, -96.883189, -96.883004, -96.884146, -96.882982, -96.882983, -96.882783, -96.884238, -96.885168, -96.888938, -96.891305, -96.891384, -96.891211, -96.891287, -96.890136, -96.89133, -96.891491, 32.640915, 32.645072, 32.646051, 32.646603, 32.645886, 32.644303, 32.636692, 32.625578, 32.624921, 32.624048, 32.622476, 32.61898, 32.618875, 32.619535, 32.619387, 32.619281, 32.618761, 32.619715, 32.622214, 32.625584, 
32.629992, 32.632939, 32.640915)))"
481130137271,0.21208017334777896,0.20607235142118863,"list(list(c(-96.855673, -96.855493, -96.853984, -96.849877, -96.846835, -96.838632, -96.838633, -96.838636, -96.838967, -96.838997, -96.842553, -96.844863, -96.846535, -96.848733, -96.850044, -96.847791, -96.845846, -96.846786, -96.849513, -96.855623, -96.855801, -96.855673, 32.954707, 32.95516, 32.957532, 32.95677, 32.956634, 32.956553, 32.956428, 32.956179, 32.954265, 32.94592, 32.946063, 32.945366, 32.945473, 32.94634, 32.949306, 32.95122, 32.951222, 32.953908, 32.953106, 32.953086, 32.953083, 
32.954707)))"
481130078292,0.7575297941495125,0.646640826873385,"list(list(c(-96.768972, -96.768789, -96.766551, -96.764339, -96.764269, -96.759998, -96.757179, -96.760445, -96.761059, -96.761881, -96.759538, -96.76042, -96.757123, -96.759677, -96.760794, -96.769032, -96.768972, 32.910708, 32.911781, 32.918293, 32.923762, 32.923874, 32.92385, 32.923415, 32.923468, 32.91881, 32.916812, 32.916676, 32.914985, 32.912982, 32.910148, 32.909312, 32.909347, 32.910708)))"
481130179003,0.7711267605633803,0.704780361757106,"list(list(c(-96.658864, -96.658223, -96.658165, -96.655212, -96.654226, -96.646324, -96.649055, -96.653426, -96.658052, -96.658604, -96.65859, -96.658729, -96.658864, 32.82778, 32.82782, 32.830382, 32.829424, 32.830248, 32.823569, 32.821742, 32.821489, 32.821396, 32.821392, 32.821506, 32.827216, 32.82778)))"
481130009012,0.0503250270855905,0.043281653746770066,"list(list(c(-96.78961, -96.78609, -96.785714, -96.784665, -96.78181, -96.784133, -96.783659, -96.781123, -96.782121, -96.782168, -96.786457, -96.787065, -96.789068, -96.78961, 32.81559, 32.822077, 32.821806, 32.820211, 32.817735, 32.814898, 32.814318, 32.812159, 32.811203, 32.811242, 32.814977, 32.815118, 32.815438, 32.81559)))"
481130138082,0.22139761646803902,0.18992248062015504,"list(list(c(-96.872642, -96.871899, -96.871134, -96.871071, -96.869177, -96.866462, -96.862537, -96.860913, -96.858943, -96.855807, -96.855868, -96.855876, -96.85861, -96.860673, -96.865964, -96.868744, -96.872991, -96.872642, 32.945132, 32.94635, 32.948042, 32.948338, 32.94818, 32.9491, 32.947792, 32.948117, 32.949762, 32.949605, 32.943653, 32.94129, 32.941175, 32.942134, 32.941673, 32.943497, 32.944077, 32.945132)))"
481130014003,0.09523293607800654,0.1020671834625323,"list(list(c(-96.768883, -96.766894, -96.766878, -96.764856, -96.761145, -96.758889, -96.752808, -96.752192, -96.751766, -96.751694, -96.752857, -96.752932, -96.753153, -96.757248, -96.760073, -96.767211, -96.768883, 32.805635, 32.807356, 32.807951, 32.807943, 32.810998, 32.813829, 32.813845, 32.81443, 32.813899, 32.812711, 32.811445, 32.81096, 32.810997, 32.807658, 32.810111, 32.804172, 32.805635)))"
481130136152,0.9124593716143012,0.8869509043927648,"list(list(c(-96.813546, -96.812348, -96.809821, -96.808704, -96.803945, -96.803633, -96.803568, -96.804735, -96.806423, -96.811125, -96.811322, -96.811349, -96.812938, -96.813546, 32.934731, 32.934811, 32.934803, 32.934807, 32.934969, 32.932868, 32.92564, 32.925793, 32.925984, 32.926049, 32.926054, 32.930591, 32.93206, 32.934731)))"
481130108051,0.880715059588299,0.8068475452196382,"list(list(c(-96.881573, -96.876152, -96.876139, -96.874105, -96.874075, -96.874143, -96.874974, -96.880885, -96.880864, -96.881573, 32.71129, 32.711286, 32.715491, 32.715519, 32.708284, 32.707245, 32.705699, 32.705821, 32.708199, 32.71129)))"
481130181562,0.3677139761646804,0.34302325581395354,"list(list(c(-96.593104, -96.591617, -96.589971, -96.590145, -96.584652, -96.580011, -96.578727, -96.573577, -96.577468, -96.574413, -96.575802, -96.576917, -96.591957, -96.593059, -96.593097, -96.593104, 32.920127, 32.920177, 32.922297, 32.920022, 32.921445, 32.921439, 32.922248, 32.917757, 32.914164, 32.911095, 32.909925, 32.907593, 32.909339, 32.909419, 32.920028, 32.920127)))"
481130190342,0.5577464788732394,0.4670542635658915,"list(list(c(-96.735939, -96.732819, -96.729406, -96.724449, -96.723493, -96.72282, -96.722278, -96.722291, -96.730262, -96.730126, -96.735521, -96.735519, -96.735939, 32.92387, 32.925294, 32.925385, 32.925357, 32.925221, 32.924098, 32.924098, 32.916759, 32.916808, 32.919151, 32.919242, 32.923023, 32.92387)))"
481130210004,0.8969122426868905,0.8624031007751938,"list(list(c(-96.805423, -96.798996, -96.798622, -96.800131, -96.799828, -96.798975, -96.801563, -96.805492, -96.805423, 32.739116, 32.7391, 32.739061, 32.733257, 32.730745, 32.728771, 32.727642, 32.72775, 32.739116)))"
481130082003,0.10384615384615381,0.09431524547803616,"list(list(c(-96.706172, -96.704092, -96.704793, -96.702211, -96.699487, -96.697233, -96.696591, -96.690533, -96.69578, -96.697094, -96.698727, -96.702372, -96.704539, -96.706172, 32.838455, 32.841731, 32.844627, 32.843609, 32.841392, 32.839438, 32.838408, 32.833269, 32.823859, 32.825553, 32.830587, 32.833729, 32.835715, 32.838455)))"
481130165221,0.6819068255687974,0.5729974160206719,"list(list(c(-96.958868, -96.95763, -96.958367, -96.956638, -96.955277, -96.952098, -96.948293, -96.945608, -96.931381, -96.940116, -96.946403, -96.958554, -96.958742, -96.957988, -96.958868, 32.598393, 32.60295, 32.604287, 32.607942, 32.608967, 32.605921, 32.604281, 32.604431, 32.604425, 32.595824, 32.589932, 32.589883, 32.597023, 32.597166, 32.598393)))"
481130181322,0.7939328277356447,0.6912144702842378,"list(list(c(-96.595828, -96.595802, -96.595826, -96.595646, -96.586606, -96.583141, -96.581214, -96.58031, -96.57909, -96.578926, -96.578985, -96.579187, -96.582074, -96.585635, -96.587083, -96.587901, -96.59152, -96.59583, -96.595828, 32.833283, 32.834128, 32.834471, 32.840181, 32.843807, 32.842526, 32.841124, 32.838448, 32.837255, 32.833995, 32.833486, 32.832866, 32.831781, 32.832547, 32.831507, 32.832383, 32.833229, 32.833246, 32.833283)))"
481130192112,0.6772481040086673,0.5794573643410852,"list(list(c(-96.743546, -96.742709, -96.740291, -96.738045, -96.734293, -96.734303, -96.734312, -96.737037, -96.739677, -96.741901, -96.743496, -96.743546, 32.96766, 32.970731, 32.970813, 32.969777, 32.969427, 32.966262, 32.960879, 32.963139, 32.963164, 32.963164, 32.963106, 32.96766)))"
481130141522,0.6049837486457205,0.5465116279069768,"list(list(c(-96.971372, -96.969795, -96.965806, -96.964635, -96.961882, -96.958858, -96.958923, -96.96516, -96.967242, -96.971448, -96.971372, 32.900838, 32.90194, 32.90373, 32.904564, 32.903101, 32.905012, 32.895955, 32.895952, 32.896662, 32.900748, 32.900838)))"
481130190343,0.9552004333694475,0.9580103359173127,"list(list(c(-96.735527, -96.735521, -96.730126, -96.730262, -96.730726, -96.72963, -96.732129, -96.735542, -96.735527, 32.916767, 32.919242, 32.919151, 32.916808, 32.916006, 32.915152, 32.913893, 32.914119, 32.916767)))"
481130078272,0.8254604550379199,0.7344961240310077,"list(list(c(-96.735043, -96.734739, -96.733541, -96.731089, -96.730005, -96.730676, -96.730704, -96.733909, -96.735037, -96.735043, 32.878684, 32.881805, 32.885932, 32.886032, 32.88196, 32.878725, 32.878594, 32.878546, 32.878563, 32.878684)))"
481130141342,0.5136511375947996,0.43540051679586567,"list(list(c(-96.993402, -96.993423, -96.993401, -96.993111, -96.990214, -96.980069, -96.975615, -96.978266, -96.9784, -96.980446, -96.980428, -96.984999, -96.986427, -96.987365, -96.991456, -96.989514, -96.99103, -96.991045, -96.993591, -96.993402, 32.985798, 32.987169, 32.98932, 32.989319, 32.989287, 32.989203, 32.989118, 32.986092, 32.98475, 32.984651, 32.983724, 32.982371, 32.98265, 32.981785, 32.981702, 32.980524, 32.979895, 32.979078, 32.978309, 32.985798)))"
481130136201,0.464192849404117,0.415374677002584,"list(list(c(-96.82115, -96.819038, -96.815987, -96.812897, -96.810201, -96.811681, -96.811942, -96.811492, -96.808109, -96.808434, -96.818521, -96.822096, -96.82115, 32.959482, 32.959695, 32.96115, 32.961008, 32.960369, 32.958571, 32.956777, 32.955979, 32.953944, 32.953944, 32.953989, 32.95402, 32.959482)))"
481130178191,0.11549295774647883,0.1136950904392765,"list(list(c(-96.635714, -96.630802, -96.631222, -96.63357, -96.629821, -96.627843, -96.631159, -96.634521, -96.634946, -96.635714, 32.81476, 32.81662, 32.81824, 32.820947, 32.823126, 32.810378, 32.811568, 32.811324, 32.813786, 32.81476)))"
481130121021,0.7611592632719393,0.6957364341085271,"list(list(c(-96.669726, -96.656829, -96.656805, -96.657921, -96.669188, -96.668779, -96.669726, 32.768316, 32.7683, 32.76285, 32.763199, 32.763338, 32.763568, 32.768316)))"
481130156003,0.8627302275189599,0.7596899224806202,"list(list(c(-96.99505, -96.994929, -96.992338, -96.986713, -96.978945, -96.977438, -96.976175, -96.972265, -96.971074, -96.970069, -96.970789, -96.970701, -96.977025, -96.977955, -96.978781, -96.981292, -96.981261, -96.980845, -96.986013, -96.98874, -96.993443, -96.994875, -96.995031, -96.99505, 32.762924, 32.762923, 32.76279, 32.760802, 32.76012, 32.760362, 32.760626, 32.762599, 32.765147, 32.763022, 32.759492, 32.755664, 32.756003, 32.757626, 32.748635, 32.748666, 32.752997, 32.756297, 32.756329, 
32.756151, 32.75491, 32.754966, 32.758753, 32.762924)))"
481130141193,0.15845070422535212,0.12144702842377264,"list(list(c(-96.993591, -96.993599, -96.989827, -96.989151, -96.976692, -96.976718, -96.976677, -96.97913, -96.98257, -96.985781, -96.987163, -96.991662, -96.993615, -96.993591, 32.954503, 32.960307, 32.960203, 32.959946, 32.959921, 32.95501, 32.954782, 32.953873, 32.952522, 32.948863, 32.94803, 32.947708, 32.947716, 32.954503)))"
481130137202,0.24534127843986997,0.25193798449612403,"list(list(c(-96.897513, -96.89718, -96.890412, -96.890188, -96.889922, -96.897495, -96.897513, 32.981205, 32.984024, 32.984912, 32.983922, 32.975575, 32.975614, 32.981205)))"
481130099002,0.49561213434452867,0.4483204134366925,"list(list(c(-96.932036, -96.93114, -96.930221, -96.929939, -96.93081, -96.927653, -96.926946, -96.928376, -96.928373, -96.928452, -96.928068, -96.927307, -96.927448, -96.92753, -96.9268, -96.926608, -96.926655, -96.927099, -96.927566, -96.928127, -96.929015, -96.929949, -96.931514, -96.931813, -96.931075, -96.930244, -96.924523, -96.921205, -96.918633, -96.918753, -96.918817, -96.918933, -96.919697, -96.91977, -96.930824, -96.931073, -96.93079, -96.930006, -96.929676, -96.929296, -96.92941, -96.928271, 
-96.927822, -96.928164, -96.929026, -96.931281, -96.931443, -96.932036, 32.884251, 32.886088, 32.886803, 32.887772, 32.890681, 32.891215, 32.892342, 32.895688, 32.89604, 32.896043, 32.899545, 32.900104, 32.900551, 32.901287, 32.902628, 32.903054, 32.903603, 32.904546, 32.905114, 32.905507, 32.90584, 32.905997, 32.9069, 32.907334, 32.90943, 32.909249, 32.907992, 32.907774, 32.903942, 32.895636, 32.886018, 32.882758, 32.880432, 32.871178, 32.873664, 32.873728, 32.874111, 32.875116, 32.875687, 32.87757, 
32.880215, 32.881562, 32.882845, 32.883328, 32.88351, 32.883071, 32.883144, 32.884251)))"
481130136053,0.0475081256771398,0.05555555555555558,"list(list(c(-96.786147, -96.784204, -96.783335, -96.778511, -96.77853, -96.778619, -96.786473, -96.786147, 32.968153, 32.970779, 32.970526, 32.970397, 32.968677, 32.962091, 32.962172, 32.968153)))"
481130071025,0.04599133261105093,0.07235142118863047,"list(list(c(-96.82742, -96.821419, -96.821847, -96.822085, -96.825572, -96.827167, -96.82742, 32.844929, 32.844929, 32.837373, 32.83668, 32.836703, 32.838222, 32.844929)))"
481130152082,0.9159263271939329,0.9069767441860466,"list(list(c(-96.977177, -96.969576, -96.96918, -96.96341, -96.963314, -96.974068, -96.974462, -96.974471, -96.976921, -96.977177, 32.78669, 32.786727, 32.78539, 32.785291, 32.783017, 32.783068, 32.783002, 32.78307, 32.785795, 32.78669)))"
481130176042,0.7438244853737812,0.6673126614987079,"list(list(c(-96.622573, -96.621806, -96.616312, -96.615434, -96.61521, -96.617179, -96.613997, -96.612825, -96.612195, -96.612207, -96.613525, -96.622598, -96.622573, 32.740654, 32.740649, 32.740737, 32.741638, 32.745527, 32.748463, 32.748485, 32.745957, 32.742537, 32.735073, 32.734212, 32.734138, 32.740654)))"
481130017031,0.09707475622968575,0.11434108527131781,"list(list(c(-96.800999, -96.800232, -96.798357, -96.796169, -96.793256, -96.793174, -96.793466, -96.793822, -96.795456, -96.798966, -96.800874, -96.800828, -96.800999, 32.801716, 32.802994, 32.805853, 32.804071, 32.803436, 32.798872, 32.799136, 32.799445, 32.800879, 32.798101, 32.799712, 32.799995, 32.801716)))"
481130136191,0.36722643553629464,0.3236434108527132,"list(list(c(-96.791305, -96.788524, -96.789026, -96.788981, -96.78742, -96.785752, -96.785553, -96.784004, -96.784204, -96.786147, -96.786473, -96.789291, -96.790116, -96.791638, -96.791305, 32.969186, 32.972042, 32.97374, 32.97923, 32.979097, 32.979279, 32.977454, 32.97449, 32.970779, 32.968153, 32.962172, 32.962184, 32.96219, 32.962516, 32.969186)))"
481130117023,0.7621343445287108,0.687984496124031,"list(list(c(-96.665664, -96.657109, -96.648723, -96.648747, -96.648677, -96.646304, -96.639244, -96.638502, -96.635689, -96.631298, -96.631371, -96.627678, -96.627428, -96.628073, -96.632414, -96.63253, -96.633723, -96.63468, -96.63744, -96.643051, -96.645446, -96.659941, -96.660918, -96.665459, -96.665664, 32.703807, 32.701881, 32.699472, 32.69999, 32.704998, 32.705083, 32.705047, 32.705033, 32.705032, 32.705, 32.699509, 32.699475, 32.699475, 32.698723, 32.691513, 32.691321, 32.689535, 32.688663, 
32.690472, 32.694153, 32.695293, 32.699421, 32.699792, 32.703622, 32.703807)))"
481130181201,0.30736728060671725,0.3081395348837209,"list(list(c(-96.601604, -96.599162, -96.59359, -96.58959, -96.588205, -96.583553, -96.582958, -96.582364, -96.579703, -96.577913, -96.575355, -96.5817, -96.586069, -96.589971, -96.591617, -96.593104, -96.592451, -96.593094, -96.594496, -96.596331, -96.597181, -96.598148, -96.59801, -96.596764, -96.603022, -96.601604, 32.937984, 32.939802, 32.944556, 32.947082, 32.945207, 32.941516, 32.941828, 32.941634, 32.939441, 32.939704, 32.936463, 32.931357, 32.928607, 32.922297, 32.920177, 32.920127, 32.928818, 
32.928766, 32.927775, 32.924842, 32.924625, 32.926454, 32.929674, 32.931884, 32.937581, 32.937984)))"
481130179002,0.8707475622968581,0.7919896640826873,"list(list(c(-96.653426, -96.649055, -96.646324, -96.646201, -96.639152, -96.640935, -96.646563, -96.652372, -96.653428, -96.653426, 32.821489, 32.821742, 32.823569, 32.823656, 32.817642, 32.816639, 32.813996, 32.811273, 32.813036, 32.821489)))"
481130177043,0.7638136511375948,0.6718346253229974,"list(list(c(-96.614896, -96.6139, -96.61122, -96.608479, -96.605153, -96.60515, -96.61381, -96.618352, -96.614896, 32.778844, 32.780125, 32.782331, 32.779985, 32.77692, 32.775394, 32.77211, 32.775976, 32.778844)))"
481130078231,0.4770855904658722,0.41214470284237725,"list(list(c(-96.770285, -96.769912, -96.769314, -96.769282, -96.76924, -96.769197, -96.769158, -96.769109, -96.768543, -96.767695, -96.765971, -96.764459, -96.763326, -96.761455, -96.761767, -96.759069, -96.756688, -96.757306, -96.758116, -96.758375, -96.759271, -96.763118, -96.764901, -96.764813, -96.768868, -96.770045, -96.770285, 32.887769, 32.890306, 32.892637, 32.894257, 32.896368, 32.898713, 32.901775, 32.905496, 32.905347, 32.904981, 32.901566, 32.900779, 32.898511, 32.896492, 32.895417, 32.890478, 
32.889043, 32.88815, 32.886248, 32.885596, 32.883367, 32.883305, 32.882689, 32.887629, 32.887501, 32.887735, 32.887769)))"
481139800001,NA,NA,"list(list(c(-97.03384, -97.033088, -97.032625, -97.032334, -97.032147, -97.031906, -97.031817, -97.031707, -97.02217, -97.022259, -97.022285, -97.022247, -97.021488, -97.020294, -97.019735, -97.0197, -97.01978, -97.020007, -97.019823, -97.019894, -97.020148, -97.019991, -97.019466, -97.008025, -97.007904, -97.000936, -97.000924, -97.000282, -96.996765, -96.996636, -96.991487, -96.996735, -96.996699, -96.991122, -96.991141, -96.990969, -96.986602, -96.985239, -96.973682, -96.980659, -96.985055, -96.987426, 
-96.988292, -96.991498, -96.994767, -96.994865, -96.998209, -97.003813, -97.004087, -97.004251, -97.004403, -97.004429, -97.004446, -97.004583, -97.002659, -97.004229, -97.005088, -97.013447, -97.01523, -97.019913, -97.020327, -97.020797, -97.021289, -97.021563, -97.021925, -97.021916, -97.022123, -97.033857, -97.03384, 32.838532, 32.87832, 32.904289, 32.920167, 32.930409, 32.943867, 32.94885, 32.955001, 32.954979, 32.948795, 32.945853, 32.943814, 32.942344, 32.94131, 32.940323, 32.940129, 32.937219, 
32.936442, 32.93648, 32.925348, 32.921326, 32.920039, 32.917823, 32.908755, 32.907798, 32.905243, 32.9014, 32.90083, 32.900819, 32.903691, 32.901816, 32.900171, 32.897286, 32.897139, 32.892725, 32.892587, 32.888694, 32.887541, 32.877699, 32.871948, 32.875647, 32.874792, 32.877836, 32.880876, 32.882411, 32.884157, 32.887423, 32.881009, 32.880567, 32.880094, 32.87935, 32.877921, 32.875062, 32.873939, 32.873928, 32.870016, 32.866276, 32.866855, 32.867274, 32.861543, 32.860862, 32.859706, 32.856918, 
32.853191, 32.847698, 32.838971, 32.837136, 32.837134, 32.838532)))"
481130130112,0.724377031419285,0.627906976744186,"list(list(c(-96.690329, -96.687995, -96.686459, -96.683178, -96.683199, -96.685383, -96.689502, -96.690329, 32.87392, 32.876574, 32.876875, 32.873959, 32.871498, 32.871518, 32.873125, 32.87392)))"
481130207003,0.09187432286023833,0.08591731266149871,"list(list(c(-96.864089, -96.860027, -96.856523, -96.85553, -96.853724, -96.853736, -96.853794, -96.853826, -96.853984, -96.854155, -96.855627, -96.856017, -96.864058, -96.86418, -96.864089, 32.96231, 32.961374, 32.962798, 32.964151, 32.964646, 32.963284, 32.960486, 32.958348, 32.957532, 32.957564, 32.957843, 32.957917, 32.959443, 32.959619, 32.96231)))"
481130141381,0.28011917659804986,0.27454780361757103,"list(list(c(-96.939771, -96.937746, -96.935115, -96.935666, -96.933446, -96.9314, -96.928531, -96.928376, -96.926946, -96.927653, -96.93081, -96.929939, -96.930221, -96.93114, -96.932036, -96.931443, -96.931281, -96.929026, -96.928164, -96.927822, -96.928271, -96.92941, -96.929296, -96.929676, -96.930006, -96.93079, -96.931073, -96.932729, -96.931217, -96.931225, -96.933656, -96.938138, -96.939771, 32.899601, 32.899977, 32.900362, 32.895809, 32.895792, 32.895767, 32.895693, 32.895688, 32.892342, 
32.891215, 32.890681, 32.887772, 32.886803, 32.886088, 32.884251, 32.883144, 32.883071, 32.88351, 32.883328, 32.882845, 32.881562, 32.880215, 32.87757, 32.875687, 32.875116, 32.874111, 32.873728, 32.874194, 32.876075, 32.880724, 32.885252, 32.895871, 32.899601)))"
481130186002,0.6660346695557964,0.5671834625322998,"list(list(c(-96.66568, -96.659154, -96.656796, -96.655, -96.652653, -96.648781, -96.648824, -96.649102, -96.649143, -96.665665, -96.66568, 32.898674, 32.898552, 32.897526, 32.897306, 32.897239, 32.898773, 32.895516, 32.894472, 32.89438, 32.894381, 32.898674)))"
481130117011,0.7743228602383532,0.7105943152454781,"list(list(c(-96.665418, -96.661525, -96.657037, -96.648486, -96.648634, -96.657038, -96.658633, -96.660568, -96.66551, -96.665418, 32.719662, 32.719588, 32.719623, 32.71956, 32.708674, 32.708736, 32.708833, 32.709666, 32.714795, 32.719662)))"
481130012023,0.21825568797399786,0.19509043927648584,"list(list(c(-96.745049, -96.739974, -96.737847, -96.7357, -96.733307, -96.734154, -96.738348, -96.741549, -96.745049, 32.807996, 32.809736, 32.809699, 32.808692, 32.8065, 32.805391, 32.80202, 32.803384, 32.807996)))"
481130078251,0.2393824485373781,0.20090439276485783,"list(list(c(-96.739457, -96.738351, -96.735781, -96.732689, -96.727747, -96.727231, -96.729128, -96.728986, -96.73012, -96.73313, -96.738402, -96.740882, -96.739457, 32.896186, 32.900415, 32.901625, 32.901764, 32.901134, 32.900275, 32.898344, 32.895342, 32.8945, 32.894523, 32.892644, 32.893166, 32.896186)))"
481130190241,0.1470747562296858,0.16925064599483208,"list(list(c(-96.700009, -96.700005, -96.700005, -96.69988, -96.682947, -96.682707, -96.682763, -96.683007, -96.683019, -96.683068, -96.69206, -96.700013, -96.700009, 32.931336, 32.931413, 32.931433, 32.938581, 32.938418, 32.938422, 32.931278, 32.931278, 32.931235, 32.931078, 32.931189, 32.931269, 32.931336)))"
481130166202,0.1520585048754063,0.16925064599483208,"list(list(c(-96.849132, -96.848218, -96.848748, -96.847021, -96.846431, -96.845063, -96.845095, -96.843572, -96.843309, -96.842795, -96.84148, -96.840603, -96.840676, -96.840426, -96.837673, -96.837602, -96.838606, -96.838671, -96.84838, -96.849132, 32.589713, 32.591267, 32.593307, 32.594732, 32.598616, 32.599787, 32.601427, 32.603116, 32.604367, 32.60437, 32.604267, 32.604263, 32.603621, 32.602782, 32.599364, 32.596754, 32.593714, 32.589714, 32.589724, 32.589713)))"
481130164092,0.19777898158179852,0.21124031007751942,"list(list(c(-97.008806, -97.004679, -97.003614, -97.003116, -97.003109, -96.999664, -96.997062, -96.993574, -96.992288, -96.990593, -96.990369, -96.989266, -96.989156, -96.988133, -96.989282, -96.991241, -96.992568, -96.991609, -96.994847, -96.994112, -96.995583, -96.998805, -96.99958, -97.002139, -97.005097, -97.006984, -97.007083, -97.008069, -97.00943, -97.008806, 32.684717, 32.685315, 32.686191, 32.689242, 32.690904, 32.687725, 32.687979, 32.686154, 32.684916, 32.686047, 32.68754, 32.687672, 
32.687549, 32.687546, 32.684627, 32.683808, 32.682383, 32.681243, 32.679941, 32.679059, 32.679018, 32.677239, 32.67812, 32.67799, 32.676506, 32.676389, 32.681607, 32.683199, 32.684103, 32.684717)))"
481130181112,0.8204767063921994,0.7377260981912145,"list(list(c(-96.62026, -96.614225, -96.611433, -96.610121, -96.60571, -96.606324, -96.615985, -96.61914, -96.62026, 32.860825, 32.865911, 32.868158, 32.868786, 32.864922, 32.864258, 32.856598, 32.860376, 32.860825)))"
481130138042,0.7031960996749729,0.5846253229974161,"list(list(c(-96.873311, -96.871745, -96.868385, -96.864909, -96.864502, -96.855989, -96.856049, -96.859084, -96.861966, -96.8733, -96.873301, -96.873302, -96.873311, 32.924418, 32.9244, 32.924332, 32.924369, 32.924346, 32.924231, 32.918138, 32.916941, 32.91635, 32.913074, 32.913726, 32.923513, 32.924418)))"
481130139022,0.47015167930660884,0.39405684754521964,"list(list(c(-96.881625, -96.878319, -96.876312, -96.873225, -96.873256, -96.873311, -96.881548, -96.881713, -96.881625, 32.928007, 32.9307, 32.933605, 32.934109, 32.931334, 32.924418, 32.924517, 32.924518, 32.928007)))"
481130171023,0.6824485373781148,0.6511627906976745,"list(list(c(-96.695154, -96.690842, -96.67628, -96.672859, -96.671171, -96.671684, -96.672225, -96.672461, -96.67195, -96.669059, -96.667684, -96.666825, -96.662734, -96.652446, -96.653891, -96.657267, -96.641105, -96.640186, -96.6401, -96.640129, -96.63468, -96.633723, -96.63253, -96.632414, -96.630423, -96.629662, -96.628416, -96.628451, -96.623642, -96.621849, -96.612513, -96.614177, -96.617864, -96.61833, -96.617264, -96.61782, -96.619267, -96.618525, -96.613554, -96.613405, -96.613562, -96.617768, 
-96.622198, -96.623461, -96.629954, -96.630509, -96.629118, -96.628638, -96.628191, -96.627949, -96.628791, -96.628177, -96.628209, -96.628617, -96.632661, -96.644737, -96.644893, -96.64546, -96.649047, -96.651298, -96.654576, -96.656934, -96.660959, -96.663102, -96.664774, -96.666201, -96.668913, -96.677039, -96.677654, -96.680711, -96.6832, -96.682713, -96.680042, -96.678948, -96.677773, -96.676733, -96.678228, -96.677366, -96.674937, -96.67499, -96.677913, -96.679082, -96.679247, -96.676841, -96.676931, 
-96.677989, -96.680165, -96.684235, -96.68948, -96.691873, -96.693019, -96.694601, -96.695154, 32.67671, 32.677571, 32.678973, 32.675868, 32.67069, 32.668992, 32.667636, 32.667002, 32.666646, 32.664153, 32.662991, 32.663153, 32.659665, 32.668475, 32.672816, 32.676088, 32.675962, 32.678269, 32.680774, 32.686726, 32.688663, 32.689535, 32.691321, 32.691513, 32.690431, 32.689951, 32.689283, 32.688098, 32.681722, 32.679652, 32.667644, 32.664561, 32.660725, 32.655744, 32.651662, 32.649884, 32.64517, 32.642719, 
32.631256, 32.627166, 32.625988, 32.62127, 32.617727, 32.618785, 32.62026, 32.621137, 32.622753, 32.623947, 32.624616, 32.62537, 32.627315, 32.62863, 32.629112, 32.629561, 32.631376, 32.63618, 32.636272, 32.636566, 32.638578, 32.639226, 32.63657, 32.637464, 32.639605, 32.640223, 32.640506, 32.64023, 32.640873, 32.647458, 32.647727, 32.647675, 32.649608, 32.651389, 32.653956, 32.655558, 32.659889, 32.661763, 32.663204, 32.664412, 32.665322, 32.666525, 32.667581, 32.669091, 32.670755, 32.673775, 32.675773, 
32.676356, 32.676043, 32.673631, 32.671836, 32.672028, 32.674487, 32.675906, 32.67671)))"
481130059011,0.5482123510292525,0.4819121447028424,"list(list(c(-96.814581, -96.80817, -96.807046, -96.807036, -96.808718, -96.807513, -96.809558, -96.814642, -96.814581, 32.707524, 32.707517, 32.705638, 32.703541, 32.702668, 32.700736, 32.699865, 32.700744, 32.707524)))"
481130078352,0.5726977248104008,0.45155038759689925,"list(list(c(-96.727249, -96.726451, -96.725063, -96.719108, -96.7179, -96.717887, -96.720929, -96.721868, -96.724448, -96.728503, -96.727249, 32.898907, 32.897116, 32.898061, 32.898622, 32.896907, 32.896138, 32.895072, 32.894548, 32.894588, 32.894568, 32.898907)))"
481130119012,0.8556338028169014,0.8171834625322998,"list(list(c(-96.656908, -96.649321, -96.648399, -96.648401, -96.648468, -96.656928, -96.656908, 32.74876, 32.74877, 32.748842, 32.742677, 32.734171, 32.734225, 32.74876)))"
481130165321,0.3427410617551463,0.34366925064599485,"list(list(c(-96.925502, -96.923867, -96.922953, -96.919984, -96.915737, -96.912691, -96.908349, -96.908406, -96.915137, -96.915595, -96.91689, -96.925382, -96.925455, -96.925479, -96.925502, 32.624482, 32.62527, 32.627101, 32.628808, 32.628796, 32.63103, 32.628715, 32.625258, 32.618868, 32.618886, 32.618886, 32.619039, 32.623251, 32.623869, 32.624482)))"
481130188011,0.7176598049837486,0.6492248062015504,"list(list(c(-96.639742, -96.639603, -96.639614, -96.638448, -96.630798, -96.630783, -96.626319, -96.623094, -96.624698, -96.625747, -96.626679, -96.628028, -96.628436, -96.630887, -96.639937, -96.639742, 32.916713, 32.92407, 32.930858, 32.930746, 32.930936, 32.93345, 32.936933, 32.939439, 32.934426, 32.931098, 32.92814, 32.92364, 32.916616, 32.916994, 32.916167, 32.916713)))"
481130169033,0.7078548212351029,0.6195090439276486,"list(list(c(-96.753881, -96.74958, -96.753208, -96.753483, -96.753451, -96.745437, -96.736064, -96.735705, -96.724298, -96.720403, -96.718712, -96.718716, -96.715818, -96.706908, -96.706099, -96.709076, -96.704129, -96.699916, -96.69599, -96.694406, -96.688431, -96.697926, -96.70245, -96.704843, -96.704899, -96.704867, -96.703813, -96.701998, -96.699028, -96.696332, -96.695513, -96.695002, -96.693, -96.692627, -96.690879, -96.681543, -96.679227, -96.674584, -96.668374, -96.665836, -96.663825, -96.66369, 
-96.659476, -96.665867, -96.682116, -96.693441, -96.701651, -96.709074, -96.722616, -96.726071, -96.727618, -96.728698, -96.730105, -96.735159, -96.736761, -96.736989, -96.737068, -96.739357, -96.740525, -96.74195, -96.745293, -96.746153, -96.751177, -96.753881, 32.590077, 32.60394, 32.603928, 32.605112, 32.618564, 32.618574, 32.618561, 32.618567, 32.618491, 32.618338, 32.617731, 32.618336, 32.618209, 32.622554, 32.623145, 32.627532, 32.629801, 32.619385, 32.621273, 32.622207, 32.609162, 32.604553, 
32.603788, 32.603825, 32.595614, 32.587314, 32.587457, 32.587461, 32.587451, 32.587638, 32.587559, 32.587416, 32.586642, 32.586471, 32.586324, 32.59066, 32.591298, 32.581778, 32.568947, 32.563543, 32.558047, 32.557698, 32.546168, 32.546205, 32.546313, 32.546397, 32.546441, 32.546483, 32.546557, 32.551597, 32.553852, 32.555474, 32.556259, 32.556122, 32.556126, 32.557826, 32.567755, 32.571271, 32.57114, 32.571348, 32.57622, 32.577283, 32.585096, 32.590077)))"
481130190231,0.320964247020585,0.28100775193798455,"list(list(c(-96.69117, -96.691231, -96.683631, -96.682528, -96.682613, -96.682846, -96.691338, -96.69117, 32.954161, 32.960527, 32.960635, 32.960687, 32.953087, 32.953083, 32.953071, 32.954161)))"
481130181294,0.5352112676056338,0.46188630490956073,"list(list(c(-96.622609, -96.62085, -96.620253, -96.618689, -96.616751, -96.61566, -96.606547, -96.605839, -96.606953, -96.605896, -96.605383, -96.605354, -96.609263, -96.609655, -96.610015, -96.610403, -96.611314, -96.611909, -96.612364, -96.612368, -96.612224, -96.612873, -96.612629, -96.613686, -96.612206, -96.610596, -96.610131, -96.607868, -96.604243, -96.601168, -96.602104, -96.601863, -96.600023, -96.602341, -96.610587, -96.611116, -96.612813, -96.614976, -96.617557, -96.621693, -96.622609, 
32.839596, 32.84087, 32.841034, 32.840881, 32.839231, 32.840174, 32.84019, 32.841589, 32.843307, 32.844318, 32.844131, 32.84648, 32.847003, 32.846843, 32.847198, 32.847029, 32.848018, 32.847636, 32.84771, 32.848096, 32.849252, 32.84953, 32.849748, 32.850613, 32.850871, 32.851056, 32.851311, 32.849407, 32.848124, 32.845419, 32.844361, 32.84176, 32.838414, 32.83745, 32.834121, 32.83387, 32.833063, 32.835113, 32.83594, 32.838361, 32.839596)))"
481130165211,0.7532502708559047,0.6227390180878554,"list(list(c(-96.947119, -96.937702, -96.933919, -96.928875, -96.925634, -96.925824, -96.925987, -96.932839, -96.943226, -96.943594, -96.946509, -96.947112, -96.947119, 32.670939, 32.670202, 32.670107, 32.670294, 32.669731, 32.66234, 32.66236, 32.66238, 32.662227, 32.665355, 32.667793, 32.668926, 32.670939)))"
481130190181,0.4293066088840737,0.40633074935400515,"list(list(c(-96.712981, -96.705904, -96.705849, -96.705879, -96.70588, -96.70693, -96.711487, -96.71153, -96.712146, -96.712366, -96.712981, 32.931238, 32.931232, 32.921613, 32.916708, 32.916604, 32.916761, 32.919327, 32.9195, 32.924022, 32.925932, 32.931238)))"
481130180021,0.6192849404117009,0.5264857881136951,"list(list(c(-96.638533, -96.634068, -96.631791, -96.629821, -96.63357, -96.637042, -96.639361, -96.638533, 32.830036, 32.833843, 32.831991, 32.823126, 32.820947, 32.82453, 32.829331, 32.830036)))"
481130004102,0.8775189599133261,0.8275193798449613,"list(list(c(-96.860426, -96.855788, -96.852621, -96.853905, -96.850115, -96.854914, -96.856218, -96.860426, 32.833112, 32.836762, 32.834923, 32.833193, 32.829966, 32.82616, 32.827482, 32.833112)))"
481130165134,0.018418201516793076,0.01679586563307489,"list(list(c(-96.942812, -96.942661, -96.941969, -96.940423, -96.939877, -96.938183, -96.938082, -96.937743, -96.937587, -96.937194, -96.936979, -96.936726, -96.936591, -96.936193, -96.936145, -96.930803, -96.927798, -96.926756, -96.925405, -96.930476, -96.931633, -96.933182, -96.933344, -96.937724, -96.939868, -96.943672, -96.942812, 32.61984, 32.62413, 32.624254, 32.625064, 32.625169, 32.624214, 32.624088, 32.624207, 32.624316, 32.624482, 32.624515, 32.624479, 32.624515, 32.624834, 32.624884, 32.627902, 
32.630104, 32.632734, 32.632765, 32.626181, 32.624704, 32.622608, 32.622363, 32.615781, 32.616473, 32.618153, 32.61984)))"
481130166161,0.44252437703141934,0.4095607235142119,"list(list(c(-96.975811, -96.975018, -96.970178, -96.968732, -96.966665, -96.96434, -96.959729, -96.959475, -96.959442, -96.942411, -96.942402, -96.949158, -96.950528, -96.952393, -96.954491, -96.956818, -96.959213, -96.959471, -96.95891, -96.956649, -96.955978, -96.956008, -96.976487, -96.975811, 32.550843, 32.552531, 32.561268, 32.565264, 32.569201, 32.572822, 32.576773, 32.576497, 32.575449, 32.575363, 32.571669, 32.571529, 32.56919, 32.570697, 32.570437, 32.568604, 32.567559, 32.553665, 32.552838, 
32.552773, 32.552236, 32.547778, 32.548014, 32.550843)))"
481130078283,0.5335861321776815,0.45219638242894056,"list(list(c(-96.750833, -96.750295, -96.744955, -96.743481, -96.744001, -96.745096, -96.747891, -96.749267, -96.750461, -96.752649, -96.750833, 32.919755, 32.920557, 32.917701, 32.916742, 32.915852, 32.91368, 32.913688, 32.91467, 32.916325, 32.917827, 32.919755)))"
481130081021,0.018472372697724837,0.020025839793281652,"list(list(c(-96.706861, -96.702372, -96.698727, -96.697094, -96.69578, -96.697027, -96.698707, -96.703768, -96.703433, -96.708617, -96.706861, 32.829979, 32.833729, 32.830587, 32.825553, 32.823859, 32.821483, 32.81956, 32.823848, 32.824126, 32.828491, 32.829979)))"
481130005022,0.1119176598049837,0.12403100775193798,"list(list(c(-96.816763, -96.815046, -96.814136, -96.81182, -96.810867, -96.808628, -96.80679, -96.806491, -96.80574, -96.80762, -96.808566, -96.811848, -96.812589, -96.809692, -96.812642, -96.813248, -96.814858, -96.815612, -96.817675, -96.816763, 32.806538, 32.805097, 32.805856, 32.80778, 32.80704, 32.809036, 32.807533, 32.80731, 32.80672, 32.805185, 32.80603, 32.803286, 32.802661, 32.800018, 32.798172, 32.797379, 32.7984, 32.798788, 32.807373, 32.806538)))"
481130154031,0.8674972914409534,0.8094315245478036,"list(list(c(-97.022543, -97.022191, -97.02223, -97.021606, -97.021525, -97.01994, -97.017039, -97.017435, -97.022427, -97.022543, 32.749907, 32.751199, 32.75295, 32.754279, 32.758383, 32.758376, 32.752885, 32.748799, 32.748804, 32.749907)))"
481130173072,0.40812567713976167,0.3643410852713178,"list(list(c(-96.561873, -96.556287, -96.555876, -96.555496, -96.55455, -96.558484, -96.559948, -96.56092, -96.561487, -96.561873, 32.758412, 32.758308, 32.751629, 32.751001, 32.750117, 32.746738, 32.748116, 32.749533, 32.751036, 32.758412)))"
481130177062,0.4704767063921993,0.4321705426356589,"list(list(c(-96.596908, -96.595992, -96.595884, -96.595897, -96.592843, -96.592849, -96.591653, -96.589056, -96.585917, -96.583104, -96.582646, -96.581721, -96.579535, -96.58168, -96.579688, -96.579919, -96.576089, -96.57395, -96.572399, -96.57357, -96.57261, -96.580317, -96.578863, -96.574605, -96.577837, -96.585295, -96.585229, -96.582749, -96.582885, -96.585709, -96.585695, -96.593956, -96.594027, -96.596222, -96.596908, 32.779758, 32.781968, 32.788337, 32.790419, 32.78994, 32.789751, 32.787017, 
32.786315, 32.783623, 32.782756, 32.779832, 32.778332, 32.777758, 32.776704, 32.776035, 32.775017, 32.774383, 32.77132, 32.769653, 32.765501, 32.764955, 32.765706, 32.766412, 32.770668, 32.770367, 32.770325, 32.773912, 32.774381, 32.774884, 32.774974, 32.77816, 32.777822, 32.780248, 32.779499, 32.779758)))"
481130020012,0.35,0.32687338501291985,"list(list(c(-96.822924, -96.822845, -96.817685, -96.81546, -96.81252, -96.814393, -96.820447, -96.822934, -96.822924, 32.758893, 32.769205, 32.770207, 32.766939, 32.765287, 32.762895, 32.758578, 32.756332, 32.758893)))"
481130079061,0.3959913326110509,0.33333333333333337,"list(list(c(-96.783065, -96.778256, -96.776542, -96.776714, -96.776693, -96.778196, -96.780267, -96.780298, -96.782991, -96.783068, -96.783065, 32.865583, 32.865568, 32.865564, 32.864562, 32.857577, 32.857588, 32.857608, 32.859896, 32.859912, 32.865375, 32.865583)))"
481130139012,0.8359154929577465,0.7370801033591732,"list(list(c(-96.90265, -96.900705, -96.897766, -96.897668, -96.896401, -96.890014, -96.890565, -96.890901, -96.896878, -96.900125, -96.901021, -96.902636, -96.90265, 32.938617, 32.938712, 32.938708, 32.936011, 32.932122, 32.931503, 32.929841, 32.924025, 32.923941, 32.922838, 32.926178, 32.938509, 32.938617)))"
481130185012,0.6787648970747562,0.5910852713178294,"list(list(c(-96.68318, -96.683157, -96.683041, -96.672713, -96.665482, -96.66568, -96.665665, -96.665632, -96.661633, -96.660692, -96.6582, -96.660254, -96.662866, -96.665458, -96.665536, -96.667925, -96.668053, -96.672563, -96.676654, -96.67944, -96.683177, -96.683176, -96.68318, -96.68318, 32.878904, 32.885936, 32.90916, 32.909106, 32.908965, 32.898674, 32.894381, 32.886787, 32.885942, 32.882852, 32.881766, 32.878906, 32.875293, 32.871651, 32.87155, 32.868293, 32.868126, 32.870182, 32.871056, 32.872049, 
32.874664, 32.874938, 32.878801, 32.878904)))"
481130079142,0.698104008667389,0.6156330749354005,"list(list(c(-96.779207, -96.777521, -96.775915, -96.77429, -96.771052, -96.772086, -96.765276, -96.763855, -96.76302, -96.761399, -96.761399, -96.765309, -96.765156, -96.769994, -96.769639, -96.770083, -96.772847, -96.776459, -96.778643, -96.779207, 32.836593, 32.838687, 32.841969, 32.843787, 32.843749, 32.845568, 32.845684, 32.846379, 32.846509, 32.846536, 32.844344, 32.843958, 32.842965, 32.84312, 32.839916, 32.839785, 32.839036, 32.836588, 32.836585, 32.836593)))"
481130130051,0.3751895991332611,0.31524547803617575,"list(list(c(-96.709163, -96.704322, -96.703333, -96.701264, -96.700461, -96.700556, -96.700552, -96.700546, -96.708459, -96.709061, -96.709163, 32.886142, 32.886194, 32.885799, 32.884641, 32.884529, 32.881155, 32.878957, 32.878858, 32.878932, 32.880267, 32.886142)))"
481130182034,0.6550920910075839,0.603359173126615,"list(list(c(-96.620998, -96.618466, -96.617551, -96.614625, -96.613948, -96.611917, -96.610236, -96.610702, -96.612387, -96.617075, -96.617897, -96.622201, -96.620998, 32.908114, 32.908171, 32.908527, 32.907715, 32.90643, 32.906776, 32.903615, 32.900226, 32.900725, 32.901108, 32.901445, 32.901882, 32.908114)))"
481130141282,0.5668472372697725,0.4767441860465116,"list(list(c(-96.962664, -96.96151, -96.957156, -96.955624, -96.954189, -96.952151, -96.952198, -96.952211, -96.961384, -96.962753, -96.962664, 32.937503, 32.938654, 32.939118, 32.940058, 32.940515, 32.94052, 32.934972, 32.932952, 32.932985, 32.935873, 32.937503)))"
481130171012,0.9535752979414951,0.9431524547803618,"list(list(c(-96.590813, -96.590203, -96.58668, -96.586446, -96.58644, -96.583329, -96.575821, -96.575115, -96.574203, -96.573618, -96.572439, -96.579447, -96.581717, -96.582859, -96.588607, -96.598008, -96.590813, 32.701706, 32.702189, 32.702956, 32.703499, 32.704186, 32.704427, 32.703978, 32.703314, 32.702405, 32.701918, 32.700873, 32.695146, 32.693264, 32.692703, 32.687701, 32.695876, 32.701706)))"
481130190234,0.188136511375948,0.1763565891472868,"list(list(c(-96.691338, -96.682846, -96.682613, -96.682631, -96.682666, -96.682905, -96.682905, -96.691297, -96.691338, 32.953071, 32.953083, 32.953087, 32.951468, 32.945345, 32.945316, 32.945192, 32.945268, 32.953071)))"
481130166182,0.13201516793066093,0.1421188630490956,"list(list(c(-96.874816, -96.874152, -96.872343, -96.871229, -96.868326, -96.865455, -96.862288, -96.860957, -96.857982, -96.857223, -96.857212, -96.873907, -96.874151, -96.874261, -96.874781, -96.874816, 32.615133, 32.61645, 32.614345, 32.611533, 32.61104, 32.608174, 32.608866, 32.60839, 32.606327, 32.606578, 32.604228, 32.604291, 32.604211, 32.605832, 32.607469, 32.615133)))"
481130181491,0.0703141928494041,0.07751937984496127,"list(list(c(-96.531622, -96.528169, -96.527348, -96.522926, -96.517792, -96.517912, -96.520799, -96.523896, -96.531649, -96.531622, 32.924005, 32.924055, 32.923998, 32.927214, 32.922867, 32.91723, 32.915789, 32.921213, 32.921494, 32.924005)))"
481130121012,0.902546045503792,0.8397932816537468,"list(list(c(-96.656829, -96.656724, -96.650101, -96.652059, -96.652701, -96.652703, -96.655565, -96.656805, -96.656829, 32.7683, 32.77394, 32.768282, 32.768287, 32.764609, 32.762214, 32.762355, 32.76285, 32.7683)))"
481130185063,0.690249187432286,0.6027131782945736,"list(list(c(-96.717137, -96.716659, -96.715424, -96.713148, -96.712114, -96.71186, -96.709846, -96.708645, -96.708094, -96.705763, -96.705168, -96.704119, -96.700544, -96.692253, -96.683041, -96.683157, -96.68318, -96.68318, -96.683176, -96.683177, -96.683178, -96.686459, -96.687091, -96.689481, -96.687922, -96.6881, -96.691663, -96.70047, -96.705312, -96.708434, -96.71159, -96.71293, -96.713715, -96.71601, -96.717717, -96.717137, 32.902192, 32.902834, 32.901058, 32.900042, 32.900506, 32.901928, 
32.901985, 32.907804, 32.908103, 32.908737, 32.908847, 32.909002, 32.909025, 32.909014, 32.90916, 32.885936, 32.878904, 32.878801, 32.874938, 32.874664, 32.873959, 32.876875, 32.87738, 32.878681, 32.878689, 32.878805, 32.880956, 32.885888, 32.888328, 32.890645, 32.894615, 32.896576, 32.897427, 32.899473, 32.900582, 32.902192)))"
481130143092,0.9624052004333694,0.9483204134366925,"list(list(c(-96.992078, -96.990441, -96.987397, -96.985497, -96.986723, -96.991988, -96.992199, -96.992078, 32.856872, 32.856788, 32.855562, 32.855888, 32.850848, 32.850879, 32.850897, 32.856872)))"
481130006051,0.2199349945828819,0.22351421188630494,"list(list(c(-96.813495, -96.809979, -96.805615, -96.80552, -96.808386, -96.808628, -96.813199, -96.813495, 32.8128, 32.815785, 32.812016, 32.811929, 32.809517, 32.809036, 32.812556, 32.8128)))"
481130101012,0.6845612134344529,0.6188630490956073,"list(list(c(-96.85648, -96.856419, -96.855821, -96.854805, -96.852655, -96.851216, -96.848132, -96.843424, -96.835093, -96.835697, -96.835819, -96.841315, -96.844067, -96.847884, -96.848126, -96.855032, -96.856517, -96.85648, 32.787125, 32.791882, 32.794322, 32.798026, 32.797916, 32.797645, 32.796386, 32.793633, 32.78965, 32.786636, 32.785891, 32.788497, 32.788828, 32.790552, 32.781806, 32.781833, 32.782162, 32.787125)))"
481130134001,0.0652221018418202,0.061369509043927684,"list(list(c(-96.8185, -96.818365, -96.814644, -96.810532, -96.803972, -96.804153, -96.803977, -96.80391, -96.809402, -96.819817, -96.8185, 32.900291, 32.909615, 32.909585, 32.90956, 32.909529, 32.907737, 32.902209, 32.894917, 32.894928, 32.894948, 32.900291)))"
481130171021,0.8424702058504876,0.7751937984496124,"list(list(c(-96.628416, -96.619971, -96.602337, -96.612513, -96.621849, -96.623642, -96.628451, -96.628416, 32.689283, 32.684607, 32.676346, 32.667644, 32.679652, 32.681722, 32.688098, 32.689283)))"
481130181212,0.7854821235102926,0.6744186046511628,"list(list(c(-96.613736, -96.609178, -96.60555, -96.593097, -96.593059, -96.602656, -96.611906, -96.612187, -96.613094, -96.613476, -96.613736, 32.922106, 32.921997, 32.919428, 32.920028, 32.909419, 32.910598, 32.910779, 32.911319, 32.912534, 32.913063, 32.922106)))"
481130128021,0.031906825568797426,0.03746770025839796,"list(list(c(-96.700396, -96.699763, -96.691405, -96.687295, -96.685801, -96.683186, -96.683161, -96.683179, -96.685929, -96.691352, -96.693645, -96.695697, -96.699437, -96.701257, -96.700396, 32.857635, 32.857453, 32.857675, 32.85803, 32.858528, 32.860024, 32.855686, 32.849362, 32.847108, 32.851844, 32.850734, 32.851391, 32.850817, 32.852424, 32.857635)))"
481130147043,0.9305525460455037,0.9050387596899225,"list(list(c(-96.935437, -96.933605, -96.931467, -96.930306, -96.926251, -96.926121, -96.925852, -96.932515, -96.934242, -96.935462, -96.935437, 32.829611, 32.829639, 32.829659, 32.829634, 32.829721, 32.823771, 32.823026, 32.823054, 32.823068, 32.823076, 32.829611)))"
481130141492,0.4201516793066089,0.38953488372093026,"list(list(c(-96.965789, -96.963427, -96.962216, -96.959596, -96.958066, -96.957406, -96.955677, -96.9585, -96.958682, -96.964149, -96.965789, 32.925651, 32.927108, 32.927263, 32.927367, 32.927318, 32.924621, 32.923561, 32.921143, 32.919083, 32.922337, 32.925651)))"
481130190481,0.23743228602383537,0.19573643410852715,"list(list(c(-96.665233, -96.659843, -96.657102, -96.657199, -96.657204, -96.658734, -96.664883, -96.665164, -96.665233, 32.938823, 32.938743, 32.938245, 32.937348, 32.93077, 32.9305, 32.930881, 32.932043, 32.938823)))"
481130181532,0.18206933911159262,0.1750645994832042,"list(list(c(-96.601433, -96.601105, -96.601003, -96.595767, -96.593286, -96.591644, -96.591674, -96.593014, -96.599824, -96.603151, -96.601433, 32.966507, 32.966951, 32.972835, 32.976211, 32.973536, 32.973295, 32.96867, 32.964793, 32.96306, 32.965964, 32.966507)))"
481130168061,0.37849404117009755,0.35594315245478036,"list(list(c(-96.788367, -96.782538, -96.781999, -96.780227, -96.778252, -96.777387, -96.77782, -96.777411, -96.774861, -96.774775, -96.775666, -96.787555, -96.788242, -96.788367, 32.604306, 32.604672, 32.602649, 32.603127, 32.602122, 32.599944, 32.598537, 32.597659, 32.597209, 32.591903, 32.59212, 32.592208, 32.593296, 32.604306)))"
481130169031,0.2212892741061755,0.22286821705426352,"list(list(c(-96.693966, -96.692409, -96.691566, -96.66844, -96.671838, -96.669172, -96.668913, -96.666201, -96.664774, -96.663102, -96.660959, -96.656934, -96.654576, -96.651298, -96.649047, -96.64546, -96.644893, -96.644737, -96.632661, -96.628617, -96.628209, -96.628177, -96.628791, -96.627949, -96.628191, -96.628638, -96.629118, -96.630509, -96.629954, -96.623461, -96.622198, -96.621316, -96.618949, -96.617194, -96.615157, -96.611641, -96.609618, -96.607501, -96.606591, -96.606066, -96.603023, 
-96.60153, -96.599034, -96.598279, -96.595307, -96.59457, -96.594327, -96.595652, -96.597569, -96.599509, -96.598641, -96.596673, -96.595161, -96.589519, -96.588703, -96.586708, -96.586336, -96.586401, -96.588123, -96.587952, -96.588033, -96.587988, -96.58778, -96.587601, -96.587445, -96.587375, -96.586906, -96.586984, -96.586836, -96.586623, -96.586588, -96.58638, -96.586289, -96.58601, -96.586049, -96.585732, -96.584737, -96.584641, -96.584504, -96.584458, -96.584272, -96.584067, -96.583785, -96.583759, 
-96.583624, -96.583607, -96.583403, -96.583138, -96.582899, -96.582821, -96.582847, -96.58298, -96.584001, -96.583286, -96.581816, -96.581054, -96.580749, -96.580613, -96.580737, -96.581942, -96.581409, -96.580342, -96.579615, -96.577693, -96.576995, -96.57582, -96.575199, -96.574241, -96.573586, -96.572897, -96.573514, -96.574344, -96.574543, -96.575116, -96.575674, -96.575177, -96.574434, -96.568392, -96.566701, -96.565495, -96.565039, -96.562818, -96.561564, -96.55645, -96.554599, -96.550988, 
-96.549977, -96.547956, -96.543937, -96.541441, -96.538524, -96.533733, -96.530957, -96.529412, -96.578106, -96.642454, -96.658357, -96.65921, -96.659476, -96.66369, -96.663825, -96.665836, -96.668374, -96.674584, -96.679227, -96.685602, -96.688431, -96.694406, -96.693966, 32.622413, 32.622969, 32.623477, 32.634568, 32.639401, 32.640734, 32.640873, 32.64023, 32.640506, 32.640223, 32.639605, 32.637464, 32.63657, 32.639226, 32.638578, 32.636566, 32.636272, 32.63618, 32.631376, 32.629561, 32.629112, 
32.62863, 32.627315, 32.62537, 32.624616, 32.623947, 32.622753, 32.621137, 32.62026, 32.618785, 32.617727, 32.616572, 32.613706, 32.612239, 32.612037, 32.612544, 32.61231, 32.612778, 32.611955, 32.610192, 32.608681, 32.608608, 32.611052, 32.611441, 32.611314, 32.610545, 32.60971, 32.609105, 32.609172, 32.6075, 32.60512, 32.605137, 32.606368, 32.606347, 32.605939, 32.601663, 32.600523, 32.600218, 32.597271, 32.597009, 32.596868, 32.596541, 32.596471, 32.595973, 32.595864, 32.595512, 32.594851, 32.59462, 
32.594053, 32.593654, 32.5933, 32.592937, 32.592433, 32.591895, 32.591704, 32.5912, 32.587783, 32.587546, 32.587339, 32.587122, 32.586765, 32.586638, 32.586207, 32.586053, 32.585889, 32.585746, 32.585545, 32.585347, 32.585079, 32.584791, 32.584652, 32.584468, 32.583325, 32.581626, 32.581553, 32.581193, 32.580923, 32.580634, 32.580015, 32.579009, 32.577587, 32.577039, 32.576994, 32.576425, 32.576498, 32.577596, 32.577911, 32.578086, 32.577931, 32.577329, 32.575048, 32.573655, 32.572754, 32.572356, 
32.570856, 32.569513, 32.568873, 32.5676, 32.566381, 32.564344, 32.562579, 32.559044, 32.555571, 32.551778, 32.551892, 32.554442, 32.554195, 32.55124, 32.547573, 32.54589, 32.546129, 32.545887, 32.545986, 32.545277, 32.545607, 32.546043, 32.546156, 32.546165, 32.546168, 32.557698, 32.558047, 32.563543, 32.568947, 32.581778, 32.591298, 32.603063, 32.609162, 32.622207, 32.622413)))"
481130212002,0.8144637053087758,0.7332041343669251,"list(list(c(-96.960084, -96.956148, -96.943763, -96.941374, -96.939901, -96.937691, -96.936662, -96.933087, -96.932451, -96.931089, -96.930432, -96.92973, -96.92824, -96.928221, -96.927742, -96.92753, -96.927337, -96.926325, -96.926257, -96.923499, -96.927308, -96.927585, -96.929507, -96.92713, -96.919659, -96.919852, -96.91832, -96.915994, -96.916644, -96.918111, -96.92146, -96.923811, -96.932343, -96.938746, -96.941571, -96.94859, -96.949843, -96.951318, -96.951548, -96.95245, -96.952975, -96.954977, 
-96.966132, -96.960084, 32.713932, 32.718421, 32.732522, 32.73397, 32.736096, 32.737223, 32.738968, 32.739736, 32.741764, 32.742589, 32.743442, 32.744406, 32.744474, 32.745103, 32.745407, 32.745586, 32.746102, 32.747692, 32.747824, 32.748036, 32.742383, 32.741937, 32.73769, 32.736511, 32.736326, 32.730029, 32.723982, 32.720523, 32.720523, 32.720516, 32.720857, 32.720529, 32.720571, 32.720557, 32.720515, 32.717319, 32.716079, 32.714511, 32.709811, 32.707118, 32.707478, 32.708024, 32.706977, 32.713932
)))"
481130138083,0.0692307692307692,0.06718346253229979,"list(list(c(-96.873193, -96.873106, -96.872991, -96.868744, -96.865964, -96.860673, -96.85861, -96.855876, -96.855895, -96.85593, -96.855937, -96.859067, -96.862962, -96.866178, -96.868056, -96.871182, -96.873193, -96.873193, 32.9422, 32.943711, 32.944077, 32.943497, 32.941673, 32.942134, 32.941175, 32.94129, 32.940004, 32.935809, 32.933678, 32.933844, 32.932159, 32.932519, 32.935809, 32.939118, 32.938906, 32.9422)))"
481130170081,0.3683640303358613,0.3423772609819121,"list(list(c(-96.575821, -96.569355, -96.550396, -96.547296, -96.533324, -96.531536, -96.520831, -96.520969, -96.521067, -96.520745, -96.521035, -96.52139, -96.524134, -96.527345, -96.527859, -96.526174, -96.528024, -96.529351, -96.530822, -96.531407, -96.532667, -96.532205, -96.534937, -96.535487, -96.53696, -96.540159, -96.540691, -96.544773, -96.547621, -96.556085, -96.556618, -96.558512, -96.564794, -96.572439, -96.573618, -96.574203, -96.575115, -96.575821, 32.703978, 32.703564, 32.702384, 32.702045, 
32.6999, 32.699793, 32.70017, 32.693765, 32.688456, 32.677822, 32.667729, 32.667354, 32.665093, 32.670175, 32.67277, 32.673778, 32.675497, 32.677866, 32.67808, 32.678787, 32.678145, 32.677005, 32.67591, 32.676702, 32.676629, 32.675572, 32.676347, 32.67721, 32.679788, 32.687002, 32.687452, 32.689058, 32.694419, 32.700873, 32.701918, 32.702405, 32.703314, 32.703978)))"
481130163013,0.6349404117009751,0.5652454780361758,"list(list(c(-96.985841, -96.977225, -96.977246, -96.977918, -96.980881, -96.981179, -96.98558, -96.986024, -96.985841, 32.720509, 32.720429, 32.717225, 32.715944, 32.714165, 32.710428, 32.71044, 32.712244, 32.720509)))"
