ST,STATE,ST_ABBR,STCNTY,COUNTY,FIPS,LOCATION,AREA_SQMI,E_TOTPOP,M_TOTPOP,E_HU,M_HU,E_HH,M_HH,E_POV150,M_POV150,E_UNEMP,M_UNEMP,E_HBURD,M_HBURD,E_NOHSDP,M_NOHSDP,E_UNINSUR,M_UNINSUR,E_AGE65,M_AGE65,E_AGE17,M_AGE17,E_DISABL,M_DISABL,E_SNGPNT,M_SNGPNT,E_LIMENG,M_LIMENG,E_MINRTY,M_MINRTY,E_MUNIT,M_MUNIT,E_MOBILE,M_MOBILE,E_CROWD,M_CROWD,E_NOVEH,M_NOVEH,E_GROUPQ,M_GROUPQ,EP_POV150,MP_POV150,EP_UNEMP,MP_UNEMP,EP_HBURD,MP_HBURD,EP_NOHSDP,MP_NOHSDP,EP_UNINSUR,MP_UNINSUR,EP_AGE65,MP_AGE65,EP_AGE17,MP_AGE17,EP_DISABL,MP_DISABL,EP_SNGPNT,MP_SNGPNT,EP_LIMENG,MP_LIMENG,EP_MINRTY,MP_MINRTY,EP_MUNIT,MP_MUNIT,EP_MOBILE,MP_MOBILE,EP_CROWD,MP_CROWD,EP_NOVEH,MP_NOVEH,EP_GROUPQ,MP_GROUPQ,EPL_POV150,EPL_UNEMP,EPL_HBURD,EPL_NOHSDP,EPL_UNINSUR,SPL_THEME1,RPL_THEME1,EPL_AGE65,EPL_AGE17,EPL_DISABL,EPL_SNGPNT,EPL_LIMENG,SPL_THEME2,RPL_THEME2,EPL_MINRTY,SPL_THEME3,RPL_THEME3,EPL_MUNIT,EPL_MOBILE,EPL_CROWD,EPL_NOVEH,EPL_GROUPQ,SPL_THEME4,RPL_THEME4,SPL_THEMES,RPL_THEMES,F_POV150,F_UNEMP,F_HBURD,F_NOHSDP,F_UNINSUR,F_THEME1,F_AGE65,F_AGE17,F_DISABL,F_SNGPNT,F_LIMENG,F_THEME2,F_MINRTY,F_THEME3,F_MUNIT,F_MOBILE,F_CROWD,F_NOVEH,F_GROUPQ,F_THEME4,F_TOTAL,E_DAYPOP,E_NOINT,M_NOINT,E_AFAM,M_AFAM,E_HISP,M_HISP,E_ASIAN,M_ASIAN,E_AIAN,M_AIAN,E_NHPI,M_NHPI,E_TWOMORE,M_TWOMORE,E_OTHERRACE,M_OTHERRACE,EP_NOINT,MP_NOINT,EP_AFAM,MP_AFAM,EP_HISP,MP_HISP,EP_ASIAN,MP_ASIAN,EP_AIAN,MP_AIAN,EP_NHPI,MP_NHPI,EP_TWOMORE,MP_TWOMORE,EP_OTHERRACE,MP_OTHERRACE
48,Texas,TX,48001,Anderson County,48001,"Anderson County, Texas",1062.616344034354,58077,0,20287,71,16899,459,11707,1249,822,249,4150,688,6461,667,7910,885,8569,183,11032,39,7628,774,1317,305,1086,348,25142,383,711,238,3993,426,865,383,1105,369,12619,178,25.7,2.7,3.9,1.1,24.6,4.0,15.2,1.5,17.4,1.9,14.8,0.3,19.0,0.1,16.8,1.7,7.8,1.8,2.0,0.6,43.3,0.7,3.5,1.2,19.7,2.1,5.1,2.3,6.5,2.2,21.7,0.3,0.5099,0.3597,0.7708,0.4941,0.5613,2.6958,0.585,0.2885,0.0988,0.6324,0.7194,0.2885,2.0276,0.1897,0.5059,0.5059,0.5059,0.6601,0.7787,0.7549,0.7787,0.9723,3.9447,0.9881,9.174,0.7075,0,0,0,0,0,0,0,0,0,0,0,0,0,0,0,0,0,0,1,1,1,55632,3011,393,10836,540,10644,0,385,102,415,292,33,52,2704,564,125,101,17.8,2.3,18.7,0.9,18.3,0.0,0.7,0.2,0.7,0.5,0.1,0.1,4.7,1.0,0.2,0.2
48,Texas,TX,48003,Andrews County,48003,"Andrews County, Texas",1500.720658314316,18362,0,6976,18,6603,171,4099,937,259,139,1497,358,2890,443,4533,694,1754,80,5623,46,2173,436,357,163,1389,345,11305,14,172,126,1376,264,365,141,108,81,136,13,22.5,5.1,2.7,1.4,22.7,5.4,26.2,4.0,24.9,3.8,9.6,0.4,30.6,0.3,11.9,2.4,5.4,2.5,8.2,2.0,61.6,0.1,2.5,1.8,19.7,3.8,5.5,2.1,1.6,1.2,0.7,0.1,0.3636,0.1858,0.6206,0.8735,0.9209,2.9644,0.7036,0.0237,0.9368,0.1858,0.3913,0.8656,2.4032,0.4625,0.7787,0.7787,0.7787,0.5692,0.7787,0.7984,0.0514,0.1107,2.3084,0.3953,8.4547,0.6087,0,0,0,0,1,1,0,1,0,0,0,1,0,0,0,0,0,0,0,0,2,17159,610,211,417,114,10638,0,87,38,0,23,0,23,151,126,12,22,9.2,3.2,2.3,0.6,57.9,0.0,0.5,0.2,0.0,0.3,0.0,0.3,0.8,0.7,0.1,0.1
48,Texas,TX,48005,Angelina County,48005,"Angelina County, Texas",797.86465166262,86608,0,36619,54,31583,510,25864,1960,2365,431,7797,747,9080,683,15733,1227,14097,59,22010,109,16138,1030,2976,488,2940,531,35256,177,2246,408,6679,753,1258,263,1756,336,3146,40,30.8,2.3,6.0,1.1,24.7,2.3,16.0,1.2,18.6,1.4,16.3,0.1,25.4,0.1,19.1,1.2,9.4,1.5,3.6,0.7,40.7,0.2,6.1,1.1,18.2,2.1,4.0,0.8,5.6,1.1,3.6,0.0,0.7589,0.7549,0.7787,0.5652,0.6364,3.4941,0.8498,0.4111,0.6838,0.7787,0.8538,0.5968,3.3242,0.9249,0.4625,0.4625,0.4625,0.8142,0.7154,0.5968,0.6601,0.6877,3.4742,0.9249,10.755,0.9289,0,0,0,0,0,0,0,0,0,0,0,0,0,0,0,0,0,0,0,0,0,90047,3549,506,10924,737,19893,0,809,127,368,326,0,35,3101,738,161,169,11.2,1.6,12.6,0.9,23.0,0.0,0.9,0.1,0.4,0.4,0.0,0.1,3.6,0.9,0.2,0.2
48,Texas,TX,48007,Aransas County,48007,"Aransas County, Texas",252.068582213698,24048,0,15600,26,11412,504,6251,964,423,249,3083,604,2167,537,3671,767,6646,260,4187,102,4005,668,456,229,171,173,8208,28,821,259,2454,440,582,278,580,280,334,10,26.3,4.1,4.4,2.6,27.0,5.2,11.4,2.8,15.5,3.2,27.6,1.1,17.4,0.4,16.9,2.8,4.0,2.0,0.7,0.8,34.1,0.1,5.3,1.7,15.7,2.8,5.1,2.4,5.1,2.5,1.4,0.0,0.5534,0.4704,0.8854,0.2213,0.3399,2.4704,0.502,0.9209,0.0435,0.6482,0.1976,0.0632,1.8734,0.1304,0.3281,0.3281,0.3281,0.7905,0.6206,0.7549,0.581,0.3874,3.1344,0.8142,7.8063,0.4783,0,0,0,0,0,0,1,0,0,0,0,1,0,0,0,0,0,0,0,0,1,20570,1207,308,202,170,6951,0,419,309,118,79,0,28,518,265,0,28,10.6,2.6,0.8,0.7,28.9,0.0,1.7,1.3,0.5,0.3,0.0,0.2,2.2,1.1,0.0,0.2
48,Texas,TX,48009,Archer County,48009,"Archer County, Texas",903.288791561482,8649,0,3910,26,3367,121,1618,270,129,58,694,135,533,117,1423,242,1783,39,1962,24,1512,134,154,53,102,80,1110,22,11,24,402,92,56,34,85,40,66,7,18.9,3.1,3.1,1.4,20.6,3.9,8.8,2.0,16.6,2.8,20.6,0.5,22.7,0.3,17.6,1.6,4.6,1.6,1.2,1.0,12.8,0.3,0.3,0.6,10.3,2.4,1.7,1.0,2.5,1.2,0.8,0.1,0.2095,0.249,0.4348,0.087,0.4625,1.4428,0.1502,0.6917,0.3715,0.6877,0.2688,0.1186,2.1383,0.2688,0.0079,0.0079,0.0079,0.1462,0.332,0.1542,0.1265,0.1462,0.9051,0.0198,4.4941,0.0395,0,0,0,0,0,0,0,0,0,0,0,0,0,0,0,0,0,0,0,0,0,6470,565,102,46,38,745,0,16,21,32,21,0,21,270,56,1,3,16.8,3.0,0.5,0.4,8.6,0.0,0.2,0.2,0.4,0.2,0.0,0.6,3.1,0.6,0.0,0.1
48,Texas,TX,48011,Armstrong County,48011,"Armstrong County, Texas",909.12255880367,1912,145,884,50,725,69,271,115,2,3,121,49,96,57,134,48,549,62,425,68,217,64,35,24,17,61,249,191,0,21,68,31,7,19,0,15,59,7,14.7,6.1,0.2,0.4,16.7,6.6,7.2,4.2,7.3,2.6,28.7,3.2,22.2,2.7,11.7,3.3,4.8,3.3,0.9,3.4,13.0,9.9,0.0,2.4,7.7,3.5,1.0,2.6,0.0,6.7,3.1,0.3,0.0909,0.0277,0.2016,0.0474,0.0158,0.3834,0.0158,0.9447,0.3083,0.1739,0.2925,0.087,1.8064,0.1186,0.0119,0.0119,0.0119,0.0,0.1976,0.087,0.0,0.664,0.9486,0.0237,3.1503,0.0079,0,0,0,0,0,0,1,0,0,0,0,1,0,0,0,0,0,0,0,0,1,1276,84,46,16,31,180,70,2,3,21,19,0,15,30,18,0,15,11.6,6.4,0.8,1.7,9.4,3.3,0.1,0.2,1.1,1.0,0.0,2.6,1.6,1.0,0.0,2.6
48,Texas,TX,48013,Atascosa County,48013,"Atascosa County, Texas",1219.54166329991,49403,0,18858,46,15920,452,11523,1357,1408,353,3143,478,6130,545,10474,1015,7323,85,13298,101,5760,733,1269,323,2718,643,33940,224,277,182,6383,657,1288,334,882,298,460,14,23.7,2.8,6.4,1.6,19.7,2.9,19.4,1.7,21.4,2.1,14.8,0.2,26.9,0.2,11.8,1.5,7.9,2.0,5.9,1.4,68.7,0.5,1.4,1.0,33.8,3.5,8.1,2.1,5.5,1.8,0.9,0.0,0.4269,0.7826,0.3636,0.7036,0.8103,3.087,0.7312,0.2885,0.7984,0.1818,0.7352,0.7905,2.7944,0.7312,0.8379,0.8379,0.8379,0.3794,0.9802,0.9289,0.6324,0.1818,3.1027,0.8063,9.822,0.8063,0,0,0,0,0,0,0,0,0,0,0,0,0,0,0,1,1,0,0,2,2,39531,2429,484,472,148,32436,0,255,23,20,24,0,31,720,238,37,54,15.3,3.0,1.0,0.3,65.7,0.0,0.5,0.1,0.0,0.1,0.0,0.1,1.5,0.5,0.1,0.1
48,Texas,TX,48015,Austin County,48015,"Austin County, Texas",646.495319713658,30406,0,13870,37,11913,331,6684,1110,576,185,2689,413,2540,395,4217,680,6070,113,7171,92,3915,587,808,282,995,319,12124,134,223,132,3065,439,677,263,419,142,301,13,22.2,3.7,3.8,1.2,22.6,3.4,12.1,1.9,14.0,2.3,20.0,0.4,23.6,0.3,13.0,1.9,6.8,2.4,3.5,1.1,39.9,0.4,1.6,1.0,22.1,3.2,5.7,2.2,3.5,1.2,1.0,0.0,0.3518,0.3399,0.6047,0.2609,0.2411,1.7984,0.2372,0.6364,0.4822,0.2806,0.581,0.5771,2.5573,0.5613,0.4427,0.4427,0.4427,0.4229,0.8419,0.8103,0.336,0.2213,2.6324,0.5455,7.4308,0.4111,0,0,0,0,0,0,0,0,0,0,0,0,0,0,0,0,0,0,0,0,0,31645,2308,302,2625,159,8572,0,147,104,29,39,0,31,640,232,111,104,19.4,2.3,8.6,0.5,28.2,0.0,0.5,0.3,0.1,0.1,0.0,0.2,2.1,0.8,0.4,0.3
48,Texas,TX,48017,Bailey County,48017,"Bailey County, Texas",826.971482595074,6902,0,2456,143,1933,229,1275,439,65,65,288,123,1162,288,2154,625,855,196,1858,131,876,229,240,133,1171,441,4961,197,6,23,232,141,105,91,255,142,184,8,19.1,6.6,2.1,2.1,14.9,6.1,26.8,5.9,32.1,9.3,12.4,2.8,26.9,1.9,13.0,3.4,12.4,6.7,18.5,6.9,71.9,2.9,0.2,0.9,9.4,5.7,5.4,4.7,13.2,7.2,2.7,0.1,0.2253,0.1107,0.1186,0.8854,0.9921,2.3321,0.4466,0.1265,0.7984,0.2806,0.9486,0.9763,3.1304,0.8735,0.8735,0.8735,0.8735,0.1265,0.2885,0.7866,0.9881,0.6285,2.8182,0.6443,9.1542,0.7036,0,0,0,0,1,1,0,0,0,1,1,2,0,0,0,0,0,1,0,1,4,7380,373,139,16,27,4688,191,92,58,70,60,0,21,95,95,0,21,19.3,6.8,0.2,0.4,67.9,2.8,1.3,0.8,1.0,0.9,0.0,0.7,1.4,1.4,0.0,0.7
48,Texas,TX,48019,Bandera County,48019,"Bandera County, Texas",790.993224098474,21182,0,11463,29,8532,301,4471,725,656,235,1727,304,1307,233,2914,454,5919,46,3550,92,3958,476,289,172,480,248,5492,203,22,38,2983,406,335,153,130,71,472,39,21.5,3.5,6.7,2.3,20.2,3.5,8.0,1.4,13.9,2.2,27.9,0.2,16.8,0.4,18.8,2.3,3.4,2.0,2.3,1.2,25.9,1.0,0.2,0.3,26.0,3.5,3.9,1.8,1.5,0.8,2.2,0.2,0.3083,0.8142,0.4032,0.0672,0.2372,1.8301,0.253,0.9249,0.0316,0.7391,0.1225,0.3478,2.1659,0.2846,0.1779,0.1779,0.1779,0.1265,0.9328,0.581,0.0474,0.5692,2.2569,0.3755,6.4308,0.2292,0,0,0,0,0,0,1,0,0,0,0,1,0,0,0,1,0,0,0,1,2,13038,1029,248,197,79,4342,0,100,45,114,82,0,28,606,223,133,115,12.1,2.9,0.9,0.4,20.5,0.0,0.5,0.2,0.5,0.4,0.0,0.2,2.9,1.1,0.6,0.5
48,Texas,TX,48021,Bastrop County,48021,"Bastrop County, Texas",888.227670691202,98435,0,36875,56,33259,671,19619,2391,2064,455,7548,910,10931,1103,18434,2049,15129,80,25138,150,11624,1068,1639,402,4442,811,50928,873,805,356,8983,731,1364,386,973,273,2455,94,20.5,2.5,4.4,0.9,22.7,2.7,16.9,1.7,19.2,2.1,15.4,0.1,25.5,0.2,12.1,1.1,4.9,1.2,4.8,0.9,51.7,0.9,2.2,1.0,24.4,2.0,4.1,1.2,2.9,0.8,2.5,0.1,0.2569,0.4704,0.6206,0.6008,0.6996,2.6483,0.5692,0.3518,0.6917,0.2016,0.3162,0.7075,2.2688,0.3557,0.664,0.664,0.664,0.5296,0.8972,0.6364,0.1976,0.6008,2.8616,0.668,8.4427,0.6047,0,0,0,0,0,0,0,0,0,0,0,0,0,0,0,0,0,0,0,0,0,72456,5199,720,6132,455,40570,0,662,164,110,90,0,35,3164,899,290,248,15.6,2.1,6.2,0.5,41.2,0.0,0.7,0.2,0.1,0.1,0.0,0.1,3.2,0.9,0.3,0.3
48,Texas,TX,48023,Baylor County,48023,"Baylor County, Texas",867.48030172818,3475,0,2203,89,1477,97,641,186,17,20,366,129,321,119,554,200,829,90,817,93,800,144,20,30,0,60,687,183,12,24,175,90,53,47,46,39,79,4,18.9,5.5,1.1,1.3,24.8,8.6,13.0,4.7,16.3,5.9,23.9,2.6,23.5,2.7,23.6,4.2,1.4,2.0,0.0,1.8,19.8,5.3,0.5,1.1,7.9,4.0,3.6,3.2,3.1,2.6,2.3,0.1,0.2095,0.0435,0.7866,0.3241,0.415,1.7787,0.2292,0.8419,0.4704,0.9407,0.0316,0.0,2.2846,0.3715,0.083,0.083,0.083,0.1897,0.2095,0.5336,0.2292,0.5771,1.7391,0.1818,5.8854,0.1462,0,0,0,0,0,0,0,0,1,0,0,1,0,0,0,0,0,0,0,0,1,3242,267,101,51,29,390,125,0,15,7,8,38,41,201,127,0,15,18.1,6.4,1.5,0.8,11.2,3.6,0.0,1.4,0.2,0.2,1.1,1.2,5.8,3.7,0.0,1.4
48,Texas,TX,48025,Bee County,48025,"Bee County, Texas",880.23900370798,30977,0,10591,88,8563,288,7262,1016,710,266,2042,351,4269,440,4094,668,3895,69,6266,121,3623,414,554,222,942,257,21757,102,320,252,1667,326,317,148,431,144,7338,211,30.8,4.3,6.4,2.4,23.8,4.0,19.8,2.0,17.2,2.8,12.6,0.2,20.2,0.4,15.2,1.7,6.5,2.6,3.2,0.9,70.2,0.3,3.0,2.4,15.7,3.1,3.7,1.7,5.0,1.7,23.7,0.7,0.7589,0.7826,0.7115,0.7233,0.5138,3.4901,0.8419,0.1423,0.1739,0.4545,0.5375,0.502,1.8102,0.1225,0.8577,0.8577,0.8577,0.6166,0.6206,0.5455,0.5692,0.9763,3.3282,0.8814,9.4862,0.7747,0,0,0,0,0,0,0,0,0,0,0,0,0,0,0,0,0,0,1,1,1,31022,2090,322,1939,217,18526,0,196,37,79,83,0,31,953,214,64,96,24.4,3.7,6.3,0.7,59.8,0.0,0.6,0.1,0.3,0.3,0.0,0.2,3.1,0.7,0.2,0.3
48,Texas,TX,48027,Bell County,48027,"Bell County, Texas",1053.83016367893,372821,0,148787,182,134495,1042,94197,4449,12681,1117,41316,1687,20915,1385,50538,2733,42044,81,102628,0,51891,2054,14223,1035,7815,927,211867,590,14964,1142,9516,902,5445,728,7846,739,10725,451,26.1,1.2,7.7,0.7,30.7,1.2,9.2,0.6,14.5,0.8,11.3,0.1,27.5,0.0,14.8,0.6,10.5,0.8,2.3,0.3,56.8,0.2,10.1,0.8,6.4,0.6,4.0,0.5,5.8,0.5,2.9,0.1,0.5296,0.8972,0.9526,0.0949,0.2648,2.7391,0.6047,0.087,0.8458,0.4269,0.8972,0.3478,2.6047,0.6008,0.6996,0.6996,0.6996,0.8854,0.1225,0.5968,0.6996,0.6403,2.9446,0.7273,8.988,0.6877,0,0,1,0,0,1,0,0,0,0,0,0,0,0,0,0,0,0,0,0,1,373804,14295,1054,80818,1257,97612,0,10534,654,644,169,2410,432,18765,1528,1084,415,10.6,0.8,21.7,0.3,26.2,0.0,2.8,0.2,0.2,0.1,0.6,0.1,5.0,0.4,0.3,0.1
48,Texas,TX,48029,Bexar County,48029,"Bexar County, Texas",1240.3243930285,2014059,0,792583,311,730119,2597,494714,9171,56116,2514,223157,4536,183190,3873,316763,7614,248631,111,505065,0,282499,5137,61259,2344,104694,3935,1488287,1514,138735,3076,21553,1267,33226,1990,46369,1818,34312,492,25.0,0.5,5.5,0.2,30.6,0.6,14.1,0.3,16.0,0.4,12.3,0.1,25.1,0.0,14.3,0.3,8.4,0.3,5.6,0.2,73.9,0.1,17.6,0.4,2.7,0.2,4.5,0.3,6.4,0.2,1.7,0.0,0.4822,0.6561,0.9486,0.4071,0.3874,2.8814,0.664,0.1225,0.6522,0.3794,0.7787,0.7747,2.7075,0.6601,0.8893,0.8893,0.8893,0.9723,0.0198,0.668,0.7668,0.4704,2.8973,0.6957,9.3755,0.7589,0,0,1,0,0,1,0,0,0,0,0,0,0,0,1,0,0,0,0,1,2,2105712,83803,2749,141156,2067,1229072,0,59390,1314,2676,465,1995,278,47116,2793,6882,1655,11.5,0.4,7.0,0.1,61.0,0.0,2.9,0.1,0.1,0.1,0.1,0.1,2.3,0.1,0.3,0.1
48,Texas,TX,48031,Blanco County,48031,"Blanco County, Texas",709.251510218766,11608,0,6061,22,4836,230,1775,421,224,94,1008,233,856,196,1745,375,2822,76,2055,71,1670,277,145,89,151,149,2961,142,41,39,695,161,91,55,86,64,123,44,15.5,3.7,3.9,1.7,20.8,4.7,9.7,2.2,15.2,3.3,24.3,0.7,17.7,0.6,14.5,2.4,3.0,1.8,1.4,1.3,25.5,1.2,0.6,0.6,11.5,2.7,1.9,1.1,1.8,1.3,1.1,0.4,0.1067,0.3597,0.4545,0.1107,0.3162,1.3478,0.1225,0.8656,0.0593,0.4071,0.087,0.1621,1.5811,0.0553,0.1739,0.1739,0.1739,0.2213,0.3715,0.1818,0.0672,0.2688,1.1106,0.0395,4.2134,0.0277,0,0,0,0,0,0,0,0,0,0,0,0,0,0,0,0,0,0,0,0,0,8589,620,196,23,23,2322,0,89,34,21,19,63,66,443,153,0,23,12.8,4.0,0.2,0.2,20.0,0.0,0.8,0.3,0.2,0.2,0.5,0.6,3.8,1.3,0.0,0.4
48,Texas,TX,48033,Borden County,48033,"Borden County, Texas",897.442389131344,686,132,341,45,215,39,18,14,5,6,6,22,24,12,16,14,126,35,235,79,72,25,0,21,3,58,123,177,0,21,43,19,20,15,3,5,0,15,2.6,2.0,1.8,2.1,2.8,10.2,5.5,2.8,2.3,2.0,18.4,6.7,34.3,6.5,10.5,4.3,0.0,9.8,0.5,9.3,17.9,25.6,0.0,6.2,12.6,5.6,9.3,6.8,1.4,2.3,0.0,2.2,0.0,0.087,0.0079,0.004,0.004,0.1029,0.004,0.5534,0.9921,0.1067,0.0,0.0514,1.7036,0.0751,0.0672,0.0672,0.0672,0.0,0.4348,0.9486,0.0435,0.0,1.4269,0.0988,3.3006,0.0119,0,0,0,0,0,0,0,1,0,0,0,1,0,0,0,0,1,0,0,1,2,626,26,22,10,15,52,59,0,15,0,15,0,15,61,58,0,15,12.1,9.2,1.5,2.2,7.6,8.1,0.0,7.0,0.0,7.0,0.0,7.0,8.9,8.1,0.0,7.0
48,Texas,TX,48035,Bosque County,48035,"Bosque County, Texas",982.97084818321,18404,0,9317,47,7277,219,4028,532,315,92,1220,197,1635,242,3280,357,4580,62,3849,16,3478,313,257,116,383,140,4503,74,127,72,1761,206,225,85,213,79,351,18,22.3,2.9,3.9,1.1,16.8,2.7,12.3,1.8,18.2,2.0,24.9,0.3,20.9,0.1,19.3,1.7,3.5,1.6,2.2,0.8,24.5,0.4,1.3,0.8,18.9,2.2,3.1,1.2,2.9,1.1,1.9,0.1,0.3597,0.3597,0.2055,0.2688,0.6166,1.8103,0.2411,0.8735,0.2095,0.7984,0.1344,0.3281,2.3439,0.4269,0.1502,0.1502,0.1502,0.3518,0.7589,0.4229,0.1976,0.5178,2.249,0.3597,6.5534,0.249,0,0,0,0,0,0,0,0,0,0,0,0,0,0,0,0,0,0,0,0,0,13738,1449,181,343,58,3613,0,123,8,27,20,0,23,390,99,7,9,19.9,2.3,1.9,0.3,19.6,0.0,0.7,0.1,0.1,0.1,0.0,0.3,2.1,0.5,0.0,0.1
48,Texas,TX,48037,Bowie County,48037,"Bowie County, Texas",884.93884188604,92747,0,39659,83,34486,459,23346,1827,1577,331,9385,782,6283,515,13476,1186,15839,149,21942,0,10961,690,3273,483,932,270,35053,132,2341,408,5389,461,1258,269,2135,299,5789,59,26.8,2.1,4.0,0.8,27.2,2.2,10.0,0.8,15.5,1.4,17.1,0.2,23.7,0.0,12.6,0.8,9.5,1.4,1.1,0.3,37.8,0.1,5.9,1.0,13.6,1.2,3.7,0.8,6.2,0.9,6.2,0.1,0.585,0.4032,0.8893,0.1304,0.3399,2.3478,0.4506,0.4743,0.502,0.2451,0.8617,0.1146,2.1977,0.3281,0.3913,0.3913,0.3913,0.8063,0.4862,0.5455,0.747,0.7905,3.3755,0.8933,8.3123,0.5929,0,0,0,0,0,0,0,0,0,0,0,0,0,0,0,0,0,0,0,0,0,102948,7982,595,23294,495,7521,0,1250,118,439,147,104,137,2355,553,90,75,23.1,1.6,25.1,0.5,8.1,0.0,1.3,0.1,0.5,0.2,0.1,0.1,2.5,0.6,0.1,0.1
48,Texas,TX,48039,Brazoria County,48039,"Brazoria County, Texas",1363.273720468054,374600,0,142985,164,127264,1090,51413,3517,8482,1165,26553,1621,27519,1942,48384,2686,45825,11,97090,56,35236,1435,8509,984,12784,1189,211374,562,16734,1263,13353,1076,3881,627,3436,534,12414,267,14.2,1.0,4.6,0.6,20.9,1.3,11.2,0.8,13.4,0.7,12.2,0.1,25.9,0.1,9.7,0.4,6.7,0.8,3.6,0.3,56.4,0.2,11.7,0.9,9.3,0.8,3.0,0.5,2.7,0.4,3.3,0.1,0.083,0.5059,0.4625,0.2055,0.1739,1.4308,0.1423,0.1186,0.7431,0.0672,0.5652,0.5968,2.0909,0.2332,0.6957,0.6957,0.6957,0.9289,0.2806,0.3834,0.1621,0.6798,2.4348,0.4585,6.6522,0.2727,0,0,0,0,0,0,0,0,0,0,0,0,0,0,1,0,0,0,0,1,1,331887,10542,1066,56112,626,119553,0,26256,597,766,221,46,57,7956,990,685,300,8.3,0.8,15.0,0.2,31.9,0.0,7.0,0.2,0.2,0.1,0.0,0.1,2.1,0.3,0.2,0.1
48,Texas,TX,48041,Brazos County,48041,"Brazos County, Texas",586.137945799268,234548,0,97310,119,86289,1012,69232,2825,5455,661,32539,1544,13201,984,28022,1777,22329,70,46789,4,21988,1251,5870,536,7121,849,106851,549,17882,1258,5654,609,2725,442,4765,574,17884,246,31.9,1.3,4.6,0.5,37.7,1.7,10.7,0.8,12.2,0.8,9.5,0.1,19.9,0.1,9.6,0.5,6.8,0.6,3.2,0.4,45.6,0.2,18.3,1.3,5.8,0.6,3.2,0.5,5.5,0.7,7.6,0.1,0.7945,0.5059,1.0,0.1621,0.1225,2.585,0.5336,0.0119,0.1542,0.0632,0.581,0.502,1.3123,0.004,0.5771,0.5771,0.5771,0.9842,0.1146,0.4545,0.6324,0.8419,3.0276,0.7628,7.502,0.4269,0,0,1,0,0,1,0,0,0,0,0,0,0,0,1,0,0,0,0,1,2,266210,13703,882,24459,425,61695,0,13702,442,172,70,184,39,5944,759,695,441,15.9,1.0,10.4,0.2,26.3,0.0,5.8,0.2,0.1,0.1,0.1,0.1,2.5,0.3,0.3,0.2
48,Texas,TX,48043,Brewster County,48043,"Brewster County, Texas",6183.760499748296,9454,0,5923,51,4958,221,2153,466,150,90,1155,280,792,213,1113,389,2260,0,1724,0,1141,230,247,161,189,169,4545,163,299,171,1078,278,63,49,304,126,253,19,23.3,5.0,3.0,1.8,23.3,5.6,11.1,2.9,11.9,4.1,23.9,0.0,18.2,0.0,12.2,2.5,5.0,3.2,2.1,1.9,48.1,1.7,5.1,2.9,18.2,4.7,1.3,1.0,6.1,2.5,2.7,0.2,0.3992,0.2253,0.6798,0.1937,0.1067,1.6047,0.1779,0.8419,0.0672,0.2174,0.332,0.3123,1.7708,0.1107,0.6206,0.6206,0.6206,0.7668,0.7154,0.1225,0.7273,0.6285,2.9605,0.7431,6.9566,0.3281,0,0,0,0,0,0,0,0,0,0,0,0,0,0,0,0,0,0,0,0,0,10528,1002,253,32,33,4304,0,135,153,19,30,0,21,55,53,0,21,20.2,5.0,0.3,0.3,45.5,0.0,1.4,1.6,0.2,0.3,0.0,0.5,0.6,0.6,0.0,0.5
48,Texas,TX,48045,Briscoe County,48045,"Briscoe County, Texas",900.000315267446,1290,167,925,72,581,74,613,179,17,20,139,53,151,74,270,96,388,71,248,116,272,82,5,5,60,72,556,199,1,15,88,35,2,15,23,19,0,15,48.0,12.6,3.3,3.8,23.9,8.6,15.4,7.4,20.9,6.1,30.1,6.6,19.2,7.5,21.1,6.9,0.8,0.9,4.9,5.8,43.1,14.4,0.1,1.6,9.5,3.8,0.3,2.6,4.0,3.1,0.0,1.2,0.9763,0.2648,0.7233,0.502,0.7984,3.2648,0.7708,0.9565,0.1107,0.8814,0.0198,0.7233,2.6917,0.6443,0.502,0.502,0.502,0.1107,0.3043,0.0395,0.3953,0.0,0.8498,0.0158,7.3083,0.3913,1,0,0,0,0,1,1,0,0,0,0,1,0,0,0,0,0,0,0,0,2,1437,194,63,54,49,454,169,0,15,0,15,0,15,37,40,11,18,33.4,8.8,4.2,3.8,35.2,10.4,0.0,3.8,0.0,3.8,0.0,3.8,2.9,3.1,0.9,1.4
48,Texas,TX,48047,Brooks County,48047,"Brooks County, Texas",943.354141659428,7059,0,3665,282,2652,259,2742,660,63,65,680,238,1467,420,1610,484,1395,223,1577,277,1564,316,45,60,482,184,6474,227,47,66,367,137,46,52,411,159,510,120,41.9,10.0,2.1,2.1,25.6,8.6,29.9,8.4,24.6,7.4,19.8,3.2,22.3,3.9,23.9,4.8,1.7,2.3,7.0,2.7,91.7,3.2,1.3,1.8,10.0,3.7,1.7,2.0,15.5,6.0,7.2,1.7,0.9526,0.1107,0.83,0.9368,0.913,3.7431,0.917,0.6245,0.3241,0.9486,0.0395,0.8379,2.7746,0.7154,0.9723,0.9723,0.9723,0.3518,0.3241,0.1542,1.0,0.8261,2.6562,0.5573,10.1462,0.8577,1,0,0,1,1,3,0,0,1,0,0,1,1,1,0,0,0,1,0,1,6,7451,657,214,44,62,6314,238,0,21,0,21,10,16,106,115,0,21,24.8,7.7,0.6,0.9,89.4,3.4,0.0,0.7,0.0,0.7,0.1,0.2,1.5,1.6,0.0,0.7
48,Texas,TX,48049,Brown County,48049,"Brown County, Texas",944.451919993296,38159,0,18946,39,14977,386,8969,996,680,157,3793,443,3347,439,6388,686,7663,77,7956,54,7868,568,1254,245,720,241,11549,149,876,232,2785,311,504,170,858,221,1809,58,24.7,2.7,3.8,0.9,25.3,2.9,12.6,1.6,17.3,1.9,20.1,0.2,20.8,0.1,21.3,1.5,8.3,1.6,2.0,0.7,30.3,0.4,4.6,1.2,14.7,1.6,3.4,1.1,5.7,1.4,4.7,0.2,0.4625,0.3399,0.8063,0.3004,0.5375,2.4466,0.4901,0.6482,0.2016,0.8893,0.7628,0.2885,2.7904,0.7233,0.2767,0.2767,0.2767,0.7431,0.5731,0.4941,0.6917,0.747,3.249,0.8617,8.7627,0.6443,0,0,0,0,0,0,0,0,0,0,0,0,0,0,0,0,0,0,0,0,0,40578,2109,267,1265,161,8885,0,155,94,49,35,4,8,988,200,203,146,14.1,1.8,3.3,0.4,23.3,0.0,0.4,0.2,0.1,0.1,0.0,0.1,2.6,0.5,0.5,0.4
48,Texas,TX,48051,Burleson County,48051,"Burleson County, Texas",659.082064990126,17958,0,9375,41,7586,243,3203,688,306,149,956,207,2097,355,2455,534,3891,110,3923,31,2427,352,230,105,878,283,6576,104,199,147,2803,351,216,102,261,110,219,48,18.1,3.9,3.8,1.8,12.6,2.7,16.3,2.7,13.8,3.0,21.7,0.6,21.8,0.2,13.7,2.0,3.1,1.4,5.2,1.7,36.6,0.6,2.1,1.6,29.9,3.8,2.8,1.3,3.4,1.4,1.2,0.3,0.1858,0.3399,0.0751,0.585,0.2174,1.4032,0.1344,0.7312,0.2846,0.3281,0.0949,0.751,2.1898,0.3083,0.3676,0.3676,0.3676,0.5059,0.9605,0.3162,0.3043,0.3162,2.4031,0.4308,6.3637,0.2055,0,0,0,0,0,0,0,0,0,0,0,0,0,0,0,1,0,0,0,1,1,12899,1459,239,2171,72,3880,0,58,45,25,36,0,23,426,137,16,22,19.2,3.2,12.1,0.4,21.6,0.0,0.3,0.2,0.1,0.2,0.0,0.3,2.4,0.8,0.1,0.1
48,Texas,TX,48053,Burnet County,48053,"Burnet County, Texas",994.7996319902539,49684,0,23802,41,18629,549,9273,1220,809,263,3935,545,4114,572,8511,944,11477,103,10186,84,7776,780,815,246,1305,422,13978,289,529,166,3989,511,664,205,618,226,836,32,19.1,2.5,3.4,1.1,21.1,2.9,11.6,1.6,17.4,1.9,23.1,0.2,20.5,0.2,15.9,1.6,4.4,1.3,2.8,0.9,28.1,0.6,2.2,0.7,16.8,2.2,3.5,1.1,3.3,1.2,1.7,0.1,0.2253,0.2727,0.4783,0.2332,0.5613,1.7708,0.2213,0.8103,0.1818,0.5375,0.2372,0.4269,2.1937,0.3123,0.2332,0.2332,0.2332,0.5296,0.6798,0.5099,0.2727,0.4704,2.4624,0.4783,6.6601,0.2767,0,0,0,0,0,0,0,0,0,0,0,0,0,0,0,0,0,0,0,0,0,43245,2001,326,655,240,11300,0,230,153,75,50,65,72,1544,383,109,97,10.7,1.7,1.3,0.5,22.7,0.0,0.5,0.3,0.2,0.1,0.1,0.1,3.1,0.8,0.2,0.2
48,Texas,TX,48055,Caldwell County,48055,"Caldwell County, Texas",544.540945283606,46141,0,16517,66,15087,302,11504,1317,511,156,3304,471,6024,613,10776,1113,7020,167,10651,85,7074,761,860,214,2525,581,29201,229,588,196,4177,441,1192,300,678,240,3796,152,26.2,3.0,2.4,0.7,21.9,3.1,19.7,2.0,24.5,2.5,15.2,0.4,23.1,0.2,16.1,1.7,5.7,1.4,5.8,1.3,63.3,0.5,3.6,1.2,25.3,2.7,7.9,2.0,4.5,1.6,8.2,0.3,0.5415,0.1462,0.5296,0.7194,0.9051,2.8418,0.6364,0.332,0.4111,0.5494,0.4308,0.7826,2.5059,0.5217,0.8063,0.8063,0.8063,0.6719,0.917,0.9209,0.4862,0.8577,3.8537,0.9763,10.0077,0.8261,0,0,0,0,1,1,0,0,0,0,0,0,0,0,0,1,1,0,0,2,3,36497,2200,326,2014,382,25412,0,319,67,77,39,16,29,1318,420,45,61,14.6,2.1,4.4,0.8,55.1,0.0,0.7,0.1,0.2,0.1,0.0,0.1,2.9,0.9,0.1,0.1
48,Texas,TX,48057,Calhoun County,48057,"Calhoun County, Texas",506.930899271182,20127,0,10696,30,8045,377,3674,724,340,137,1440,367,2133,421,1890,443,3703,64,4738,87,3740,459,540,211,837,339,11931,109,465,229,1437,284,234,119,331,178,345,10,18.5,3.6,3.4,1.4,17.9,4.5,15.7,3.1,9.5,2.2,18.4,0.3,23.5,0.4,18.8,2.3,6.7,2.6,4.4,1.8,59.3,0.5,4.4,2.1,13.4,2.6,2.9,1.5,4.1,2.2,1.7,0.0,0.2055,0.2727,0.249,0.5455,0.0237,1.2964,0.0988,0.5534,0.4704,0.7391,0.5652,0.6798,3.0079,0.83,0.747,0.747,0.747,0.7233,0.4704,0.3399,0.4111,0.4704,2.4151,0.4387,7.4664,0.4229,0,0,0,0,0,0,0,0,0,0,0,0,0,0,0,0,0,0,0,0,0,21655,1579,339,458,120,10071,0,800,91,47,42,0,28,555,205,0,28,19.6,4.1,2.3,0.6,50.0,0.0,4.0,0.5,0.2,0.2,0.0,0.2,2.8,1.0,0.0,0.2
48,Texas,TX,48059,Callahan County,48059,"Callahan County, Texas",899.371806076582,13869,0,6508,23,5270,205,2684,461,313,96,956,190,770,172,2373,316,2853,67,2971,4,2898,321,168,66,103,109,2337,141,14,14,1169,164,99,36,181,70,90,12,19.6,3.4,4.8,1.4,18.1,3.5,7.9,1.8,17.2,2.3,20.6,0.5,21.4,0.1,21.1,2.3,3.2,1.2,0.8,0.8,16.9,1.0,0.2,0.2,18.0,2.5,1.8,0.7,3.4,1.3,0.6,0.1,0.2372,0.5494,0.2609,0.0632,0.5138,1.6245,0.1897,0.6917,0.249,0.8814,0.1067,0.0791,2.0079,0.1779,0.0474,0.0474,0.0474,0.1265,0.7075,0.1739,0.3043,0.087,1.3992,0.0909,5.079,0.0791,0,0,0,0,0,0,0,0,0,0,0,0,0,0,0,0,0,0,0,0,0,9912,636,133,165,127,1481,0,120,137,6,10,23,38,484,170,58,74,12.1,2.5,1.2,0.9,10.7,0.0,0.9,1.0,0.0,0.1,0.2,0.3,3.5,1.2,0.4,0.5
48,Texas,TX,48061,Cameron County,48061,"Cameron County, Texas",891.716392223804,421854,0,155572,81,132538,978,167464,5080,10208,870,36969,1669,72894,2357,115509,3776,57772,105,124250,38,51336,2015,16267,1136,60238,2479,386522,243,16229,1091,16871,1049,13217,1058,9069,767,3212,74,40.0,1.2,5.7,0.5,27.9,1.2,29.1,0.9,27.5,0.9,13.7,0.1,29.5,0.1,12.2,0.5,12.3,0.9,15.4,0.6,91.6,0.1,10.4,0.7,10.8,0.7,9.9,0.8,6.8,0.6,0.8,0.0,0.9249,0.6917,0.9012,0.9249,0.9605,4.4032,0.9684,0.2253,0.9091,0.2174,0.9447,0.9605,3.257,0.9012,0.9684,0.9684,0.9684,0.8893,0.3399,0.9605,0.8142,0.1462,3.1501,0.8221,11.7787,0.9723,1,0,1,1,1,4,0,1,0,1,1,3,1,1,0,0,1,0,0,1,9,425366,34781,1253,1692,291,379591,0,2952,202,376,79,126,98,1504,374,281,200,26.2,0.9,0.4,0.1,90.0,0.0,0.7,0.1,0.1,0.1,0.0,0.1,0.4,0.1,0.1,0.1
48,Texas,TX,48063,Camp County,48063,"Camp County, Texas",195.847291225128,12543,0,5792,26,4443,268,4331,574,298,136,1092,232,1047,263,2780,537,2279,91,3309,17,2176,350,413,144,398,184,5835,108,106,87,845,238,230,97,220,94,68,4,34.7,4.6,5.4,2.4,24.6,5.0,12.8,3.2,22.3,4.3,18.2,0.7,26.4,0.1,17.4,2.8,9.3,3.2,3.4,1.6,46.5,0.9,1.8,1.5,14.6,4.1,5.2,2.2,5.0,2.0,0.5,0.0,0.8735,0.6403,0.7708,0.3123,0.8577,3.4546,0.8261,0.5296,0.7787,0.664,0.8419,0.5494,3.3636,0.9328,0.5929,0.5929,0.5929,0.4625,0.5652,0.7708,0.5692,0.0632,2.4309,0.4506,9.842,0.8103,0,0,0,0,0,0,0,0,0,0,0,0,0,0,0,0,0,0,0,0,0,11027,827,184,1794,219,3357,0,91,95,0,23,0,23,579,225,14,17,18.6,3.9,14.3,1.7,26.8,0.0,0.7,0.8,0.0,0.4,0.0,0.4,4.6,1.8,0.1,0.1
48,Texas,TX,48065,Carson County,48065,"Carson County, Texas",920.234436139154,5801,0,2779,26,2260,95,725,236,54,40,250,103,296,100,591,176,1218,63,1371,42,565,100,82,45,30,78,964,65,20,37,205,65,56,43,64,48,69,49,12.6,4.1,1.9,1.4,11.1,4.5,7.6,2.5,10.3,3.1,21.0,1.1,23.6,0.7,9.8,1.7,3.6,2.0,0.6,1.4,16.6,1.1,0.7,1.3,7.4,2.3,2.5,1.9,2.8,2.1,1.2,0.8,0.0632,0.0988,0.0474,0.0553,0.0474,0.3121,0.0079,0.7154,0.4822,0.0711,0.1502,0.0593,1.4782,0.0316,0.0395,0.0395,0.0395,0.249,0.1858,0.2648,0.1739,0.3162,1.1897,0.0553,3.0195,0.004,0,0,0,0,0,0,0,0,0,0,0,0,0,0,0,0,0,0,0,0,0,8992,473,107,69,65,617,0,8,16,148,81,29,36,61,70,32,37,20.9,4.7,1.2,1.1,10.6,0.0,0.1,0.3,2.6,1.4,0.5,0.6,1.1,1.2,0.6,0.6
48,Texas,TX,48067,Cass County,48067,"Cass County, Texas",936.9473492420819,28637,0,13944,26,11530,319,8077,908,842,225,2543,355,2475,411,3863,604,6349,62,6427,28,5937,643,895,207,185,132,7115,69,178,79,2601,301,332,119,702,193,372,6,28.6,3.2,7.2,1.9,22.1,3.0,12.4,2.0,13.7,2.1,22.2,0.2,22.4,0.1,21.0,2.3,7.8,1.8,0.7,0.5,24.8,0.2,1.3,0.6,18.7,2.2,2.9,1.0,6.1,1.6,1.3,0.0,0.668,0.8617,0.5455,0.2767,0.2095,2.5614,0.5217,0.7708,0.3399,0.8696,0.7194,0.0632,2.7629,0.7036,0.1581,0.1581,0.1581,0.3518,0.7549,0.3399,0.7273,0.3597,2.5336,0.5138,8.016,0.5217,0,0,0,0,0,0,0,0,0,0,0,0,0,0,0,0,0,0,0,0,0,25252,2470,335,4305,270,1506,0,735,273,38,46,0,28,443,95,88,67,21.4,2.9,15.0,0.9,5.3,0.0,2.6,1.0,0.1,0.2,0.0,0.2,1.5,0.3,0.3,0.2
48,Texas,TX,48069,Castro County,48069,"Castro County, Texas",894.444044938086,7381,0,3024,19,2384,155,1823,388,129,57,476,135,1118,176,1717,260,1211,11,2139,55,595,151,158,85,597,228,5123,25,150,113,500,140,92,42,77,61,82,6,25.0,5.3,3.6,1.6,20.0,5.5,24.8,4.0,23.5,3.6,16.4,0.2,29.0,0.7,8.2,2.1,6.6,3.5,8.8,3.3,69.4,0.3,5.0,3.7,16.5,4.6,3.9,1.7,3.2,2.5,1.1,0.1,0.4822,0.3123,0.3874,0.8538,0.8854,2.9211,0.6798,0.4229,0.8893,0.0277,0.5455,0.8893,2.7747,0.7194,0.8458,0.8458,0.8458,0.7589,0.6561,0.581,0.2451,0.2688,2.5099,0.498,9.0515,0.6917,0,0,0,0,0,0,0,0,0,0,0,0,0,0,0,0,0,0,0,0,0,6612,435,127,106,56,4824,0,55,55,36,17,0,21,100,66,2,6,18.2,4.9,1.4,0.8,65.4,0.0,0.7,0.8,0.5,0.2,0.0,0.7,1.4,0.9,0.0,0.1
48,Texas,TX,48071,Chambers County,48071,"Chambers County, Texas",597.095882336842,47037,0,17314,166,15744,439,8217,1436,1784,649,2759,580,3223,530,7429,1283,5674,237,12861,176,5067,770,918,285,1177,432,17091,169,302,175,2548,550,480,261,401,207,250,8,17.6,3.1,7.5,2.7,17.5,3.7,10.8,1.8,15.9,2.7,12.1,0.5,27.3,0.4,10.9,1.6,5.8,1.8,2.7,1.0,36.3,0.4,1.7,1.0,14.7,3.2,3.0,1.7,2.5,1.3,0.5,0.0,0.166,0.8814,0.2292,0.1779,0.3794,1.8339,0.2569,0.1146,0.83,0.1344,0.4506,0.4111,1.9407,0.1542,0.3557,0.3557,0.3557,0.4387,0.5731,0.3834,0.1265,0.0632,1.5849,0.1423,5.7152,0.1304,0,0,0,0,0,0,0,0,0,0,0,0,0,0,0,0,0,0,0,0,0,46225,1556,403,3322,182,11860,0,649,161,46,47,0,31,1214,284,0,31,9.9,2.5,7.1,0.4,25.2,0.0,1.4,0.3,0.1,0.1,0.0,0.1,2.6,0.6,0.0,0.1
48,Texas,TX,48073,Cherokee County,48073,"Cherokee County, Texas",1052.954476234788,50824,0,20909,66,18069,429,14484,1424,1231,262,4019,589,7049,568,9934,1202,8997,55,12893,30,6027,616,1634,333,2178,344,20879,256,456,163,4158,459,836,194,1106,224,3447,134,30.6,3.0,5.8,1.3,22.2,3.2,21.1,1.7,20.8,2.5,17.7,0.1,25.4,0.1,12.6,1.3,9.0,1.8,4.6,0.7,41.1,0.5,2.1,0.8,19.9,2.2,4.6,1.1,6.1,1.2,6.8,0.3,0.7549,0.7075,0.5613,0.7589,0.7905,3.5731,0.8696,0.5099,0.6838,0.2451,0.8261,0.6917,2.9566,0.8063,0.4743,0.4743,0.4743,0.5059,0.7984,0.6798,0.7273,0.8182,3.5296,0.9368,10.5336,0.9051,0,0,0,0,0,0,0,0,0,0,0,0,0,0,0,0,0,0,0,0,0,48981,3579,425,6644,302,12351,0,245,69,62,41,30,39,1471,362,76,83,19.8,2.4,13.1,0.6,24.3,0.0,0.5,0.1,0.1,0.1,0.1,0.1,2.9,0.7,0.1,0.2
48,Texas,TX,48075,Childress County,48075,"Childress County, Texas",696.510489007852,6781,0,2734,201,1892,229,1729,422,270,267,396,162,899,224,1083,453,940,163,1257,146,868,253,275,153,137,122,3337,352,21,35,257,110,7,28,40,59,1450,37,32.5,7.9,8.6,8.4,20.9,8.2,18.0,4.3,20.3,8.5,13.9,2.4,18.5,2.2,16.3,4.8,14.5,7.9,2.1,1.9,49.2,5.2,0.8,1.3,9.4,4.0,0.4,1.5,2.1,3.1,21.4,0.5,0.8103,0.9209,0.4625,0.6364,0.7708,3.6009,0.8735,0.2332,0.083,0.581,0.9842,0.3123,2.1937,0.3123,0.6285,0.6285,0.6285,0.2648,0.2885,0.0435,0.0949,0.9644,1.6561,0.1621,8.0792,0.5296,0,1,0,0,0,1,0,0,0,1,0,1,0,0,0,0,0,0,1,1,3,6856,431,158,478,98,2533,322,6,14,9,14,0,21,311,154,0,21,22.8,7.7,7.0,1.4,37.4,4.8,0.1,0.2,0.1,0.2,0.0,0.7,4.6,2.3,0.0,0.7
48,Texas,TX,48077,Clay County,48077,"Clay County, Texas",1088.758163345312,10290,0,5138,25,4204,166,1671,362,89,54,601,133,533,154,1605,243,2292,42,2075,46,2091,252,179,68,65,84,1267,34,13,28,748,124,89,61,137,65,87,50,16.4,3.6,1.8,1.1,14.3,3.1,7.1,2.0,15.8,2.4,22.3,0.4,20.2,0.5,20.5,2.4,4.3,1.6,0.7,0.9,12.3,0.3,0.3,0.5,14.6,2.4,2.1,1.4,3.3,1.5,0.8,0.5,0.1423,0.087,0.0988,0.0395,0.3676,0.7352,0.0277,0.7826,0.1739,0.8577,0.2292,0.0632,2.1066,0.253,0.004,0.004,0.004,0.1462,0.5652,0.2055,0.2727,0.1462,1.3358,0.0711,4.1816,0.0237,0,0,0,0,0,0,0,0,0,0,0,0,0,0,0,0,0,0,0,0,0,6253,692,128,27,29,731,0,95,16,121,68,0,23,290,82,3,6,16.5,3.1,0.3,0.3,7.1,0.0,0.9,0.2,1.2,0.7,0.0,0.5,2.8,0.8,0.0,0.1
48,Texas,TX,48079,Cochran County,48079,"Cochran County, Texas",775.08193867066,2529,0,1256,18,959,59,1069,171,82,38,152,50,517,70,478,85,425,32,681,14,450,70,42,20,248,93,1695,3,12,19,147,41,43,28,58,32,157,29,43.2,6.9,7.1,3.1,15.8,5.1,30.6,4.1,19.3,3.4,16.8,1.3,26.9,0.6,18.2,2.8,4.4,2.1,10.6,4.0,67.0,0.1,1.0,1.5,11.7,3.3,4.5,2.9,6.0,3.3,6.2,1.1,0.9644,0.8458,0.1542,0.9486,0.7036,3.6166,0.8775,0.4427,0.7984,0.7154,0.2372,0.913,3.1067,0.8696,0.8182,0.8182,0.8182,0.3123,0.3874,0.668,0.7115,0.7905,2.8697,0.6719,10.4112,0.8893,1,0,0,1,0,2,0,0,0,0,1,1,0,0,0,0,0,0,0,0,3,2327,222,53,133,26,1539,0,0,15,1,6,0,15,19,26,3,7,23.1,5.5,5.3,1.0,60.9,0.0,0.0,2.0,0.0,0.2,0.0,2.0,0.8,1.0,0.1,0.3
48,Texas,TX,48081,Coke County,48081,"Coke County, Texas",911.645972054196,3305,0,2156,34,1487,93,935,195,42,37,343,96,333,88,407,114,899,48,715,33,615,88,75,41,52,70,880,15,0,21,422,84,10,19,54,29,104,9,29.5,6.1,3.0,2.7,23.1,6.3,14.0,3.8,12.7,3.6,27.2,1.4,21.6,1.0,19.2,2.7,5.0,2.7,1.6,2.2,26.6,0.5,0.0,1.0,19.6,3.9,0.7,1.3,3.6,1.9,3.1,0.3,0.6957,0.2253,0.6561,0.3913,0.1462,2.1146,0.3676,0.917,0.2648,0.7905,0.332,0.1897,2.494,0.5138,0.1897,0.1897,0.1897,0.0,0.7747,0.0632,0.3399,0.664,1.8418,0.2095,6.6401,0.2648,0,0,0,0,0,0,1,0,0,0,0,1,0,0,0,0,0,0,0,0,1,2701,315,100,52,32,762,0,5,9,2,4,0,15,59,30,0,15,21.2,6.4,1.6,1.0,23.1,0.0,0.2,0.3,0.1,0.1,0.0,1.5,1.8,0.9,0.0,1.5
48,Texas,TX,48083,Coleman County,48083,"Coleman County, Texas",1262.913859652848,7808,0,4927,32,3210,206,1974,436,225,129,503,147,660,138,1939,284,1992,90,1697,94,1631,268,125,90,161,120,1910,21,100,56,705,136,28,23,218,91,63,5,25.6,5.6,6.3,3.6,15.7,4.5,11.8,2.5,25.0,3.6,25.5,1.1,21.7,1.2,21.0,3.4,3.9,2.8,2.2,1.6,24.5,0.3,2.0,1.1,14.3,2.7,0.8,0.7,6.8,2.8,0.8,0.1,0.498,0.7708,0.1462,0.2451,0.9249,2.585,0.5336,0.8814,0.2767,0.8696,0.1897,0.3281,2.5455,0.5573,0.1502,0.1502,0.1502,0.498,0.5257,0.0711,0.8142,0.1462,2.0552,0.2846,7.3359,0.3992,0,0,0,0,1,1,0,0,0,0,0,0,0,0,0,0,0,0,0,0,1,7258,536,138,253,144,1428,0,96,120,27,26,0,21,106,55,0,21,16.7,4.0,3.2,1.8,18.3,0.0,1.2,1.5,0.3,0.3,0.0,0.6,1.4,0.7,0.0,0.6
48,Texas,TX,48085,Collin County,48085,"Collin County, Texas",841.267580576452,1079153,0,406932,132,383675,1391,121034,5222,24991,1582,85005,2318,40176,2078,108353,4193,121023,71,271621,0,80779,2507,20502,1342,37631,2188,510743,1333,84718,2427,6639,737,11283,1011,11153,849,6173,147,11.3,0.5,4.2,0.3,22.2,0.6,5.6,0.3,10.1,0.4,11.2,0.1,25.2,0.0,7.5,0.2,5.3,0.3,3.7,0.2,47.3,0.1,20.8,0.6,1.6,0.2,2.9,0.3,2.9,0.2,0.6,0.0,0.0316,0.4308,0.5613,0.0079,0.0395,1.0711,0.0593,0.0672,0.6601,0.0158,0.3755,0.6324,1.751,0.1028,0.6087,0.6087,0.6087,0.9881,0.0,0.3399,0.1976,0.087,1.6126,0.1462,5.0434,0.0711,0,0,0,0,0,0,0,0,0,0,0,0,0,0,1,0,0,0,0,1,1,1040586,16418,1090,111174,1543,168844,0,182173,1476,2456,417,522,146,39422,2158,6152,1173,4.3,0.3,10.3,0.1,15.6,0.0,16.9,0.1,0.2,0.1,0.0,0.1,3.7,0.2,0.6,0.1
48,Texas,TX,48087,Collingsworth County,48087,"Collingsworth County, Texas",918.440104700656,2865,179,1516,89,1018,117,859,238,38,40,169,68,397,101,846,224,584,78,844,113,439,117,166,83,74,70,1122,236,31,26,101,48,51,35,41,27,71,28,30.8,8.3,2.8,3.0,16.6,6.4,22.2,5.2,30.3,7.7,20.4,2.9,29.5,3.2,15.7,4.0,16.3,7.9,2.8,2.6,39.2,7.9,2.1,1.7,6.7,3.2,5.0,3.4,4.0,2.6,2.5,1.0,0.7589,0.1937,0.1897,0.7984,0.9842,2.9249,0.6838,0.6719,0.9091,0.5217,0.9921,0.4269,3.5217,0.9684,0.4308,0.4308,0.4308,0.5059,0.1423,0.7391,0.3953,0.6008,2.3834,0.4229,9.2608,0.7312,0,0,0,0,1,1,0,1,0,1,0,2,0,0,0,0,0,0,0,0,3,2284,205,81,194,78,840,192,0,15,9,10,22,34,57,18,0,15,20.1,7.3,6.8,2.7,29.3,5.8,0.0,1.7,0.3,0.4,0.8,1.2,2.0,0.7,0.0,1.7
48,Texas,TX,48089,Colorado County,48089,"Colorado County, Texas",960.290775388624,20582,0,10064,36,7376,293,4442,726,538,174,1097,257,2184,268,3040,632,4584,0,4793,0,2879,404,192,90,537,208,9353,55,254,169,1978,329,366,170,416,173,357,7,22.2,3.6,5.7,1.8,14.9,3.4,15.6,1.9,15.0,3.1,22.3,0.0,23.3,0.0,14.2,2.0,2.6,1.2,2.8,100.0,45.4,0.3,2.5,1.7,19.7,3.3,5.0,2.3,5.6,2.3,1.7,0.0,0.3518,0.6917,0.1186,0.5336,0.2964,1.9921,0.3241,0.7826,0.4427,0.3636,0.0632,0.4269,2.079,0.2213,0.5731,0.5731,0.5731,0.5692,0.7787,0.7391,0.6601,0.4704,3.2175,0.8538,7.8617,0.498,0,0,0,0,0,0,0,0,0,0,0,0,0,0,0,0,0,0,0,0,0,17419,1592,317,2442,211,6463,0,70,72,27,31,0,28,309,195,42,54,21.6,4.1,11.9,1.0,31.4,0.0,0.3,0.3,0.1,0.1,0.0,0.2,1.5,0.9,0.2,0.3
48,Texas,TX,48091,Comal County,48091,"Comal County, Texas",559.527844994222,165201,0,70899,60,63957,737,20051,2184,2941,500,13661,1143,7388,880,18376,1894,30283,105,36744,0,23559,1611,2599,497,2772,641,58381,714,7774,932,5856,817,1203,297,1599,375,1200,19,12.2,1.3,3.7,0.6,21.4,1.8,6.4,0.8,11.2,1.2,18.3,0.1,22.2,0.0,14.4,1.0,4.1,0.8,1.8,0.4,35.3,0.4,11.0,1.3,8.3,1.2,1.8,0.5,2.5,0.6,0.7,0.0,0.0553,0.3281,0.5059,0.0277,0.0711,0.9881,0.0435,0.5375,0.3083,0.3953,0.2055,0.2609,1.7075,0.087,0.3399,0.3399,0.3399,0.9091,0.2332,0.1739,0.1265,0.1107,1.5534,0.1383,4.5889,0.0514,0,0,0,0,0,0,0,0,0,0,0,0,0,0,1,0,0,0,0,1,1,166840,3739,473,3656,386,47275,0,1850,221,127,80,80,104,4436,518,957,656,5.8,0.8,2.2,0.2,28.6,0.0,1.1,0.1,0.1,0.1,0.0,0.1,2.7,0.3,0.6,0.4
48,Texas,TX,48093,Comanche County,48093,"Comanche County, Texas",937.752539866452,13651,0,6957,40,5340,221,2958,534,489,150,1009,203,1478,252,2353,365,3214,23,3087,38,2579,271,141,75,476,173,4515,86,58,46,1009,181,140,85,232,105,185,4,22.0,4.0,7.3,2.3,18.9,3.7,15.4,2.6,17.5,2.7,23.5,0.2,22.6,0.3,19.1,2.0,2.6,1.4,3.7,1.3,33.1,0.6,0.8,0.7,14.5,2.6,2.6,1.6,4.3,2.0,1.4,0.0,0.3439,0.8696,0.3123,0.502,0.5692,2.597,0.5455,0.8221,0.3597,0.7787,0.0632,0.6324,2.6561,0.6285,0.3162,0.3162,0.3162,0.2648,0.5494,0.2806,0.4585,0.3874,1.9407,0.2451,7.51,0.4308,0,0,0,0,0,0,0,0,0,0,0,0,0,0,0,0,0,0,0,0,0,11938,920,176,59,51,3983,0,71,18,41,34,0,23,353,112,8,8,17.2,3.2,0.4,0.4,29.2,0.0,0.5,0.1,0.3,0.2,0.0,0.4,2.6,0.8,0.1,0.1
48,Texas,TX,48095,Concho County,48095,"Concho County, Texas",983.75469315851,3235,0,1424,40,816,74,528,149,23,22,124,54,621,192,241,119,794,65,591,86,522,123,60,37,455,251,1483,111,11,25,316,74,14,15,35,32,818,108,21.8,6.1,2.3,2.2,15.2,6.5,25.1,7.3,10.0,4.9,24.5,2.0,18.3,2.6,21.6,5.1,7.3,4.5,14.6,8.1,45.8,3.4,0.8,1.8,22.2,5.0,1.7,1.8,4.3,3.9,25.3,3.3,0.3281,0.1304,0.1265,0.8617,0.0356,1.4823,0.1581,0.8696,0.0711,0.9012,0.664,0.9526,3.4585,0.9565,0.581,0.581,0.581,0.2648,0.8458,0.1542,0.4585,0.9881,2.7114,0.5889,8.2332,0.5731,0,0,0,0,0,0,0,0,1,0,1,2,0,0,0,0,0,0,1,1,3,2817,123,39,136,105,1254,0,28,43,2,4,0,15,57,41,6,16,15.1,4.5,4.2,3.2,38.8,0.0,0.9,1.3,0.1,0.1,0.0,1.5,1.8,1.3,0.2,0.5
48,Texas,TX,48097,Cooke County,48097,"Cooke County, Texas",874.82600617827,41860,0,17698,49,16196,302,8333,790,814,212,3544,469,3199,441,6197,671,7928,165,9649,31,5675,487,1105,269,1393,340,11220,415,737,217,1982,296,603,186,772,244,621,20,20.3,1.9,3.9,1.0,21.9,2.9,11.2,1.5,15.0,1.6,18.9,0.4,23.1,0.1,13.7,1.2,6.9,1.7,3.6,0.9,26.8,1.0,4.1,1.2,11.2,1.7,3.7,1.1,4.8,1.5,1.5,0.0,0.253,0.3597,0.5296,0.2055,0.2964,1.6442,0.1937,0.585,0.4111,0.3281,0.6047,0.5968,2.5257,0.5415,0.1937,0.1937,0.1937,0.7036,0.3518,0.5455,0.5296,0.419,2.5495,0.5257,6.9131,0.3202,0,0,0,0,0,0,0,0,0,0,0,0,0,0,0,0,0,0,0,0,0,41088,3392,466,1333,198,7967,0,369,90,229,136,0,31,1266,454,56,69,20.9,2.9,3.2,0.5,19.0,0.0,0.9,0.2,0.5,0.3,0.0,0.1,3.0,1.1,0.1,0.2
48,Texas,TX,48099,Coryell County,48099,"Coryell County, Texas",1052.246652426676,82927,0,28808,144,25156,444,14330,1363,1928,323,6698,665,5236,644,7859,859,8885,36,18722,0,12273,809,1829,326,1053,284,36454,346,1284,299,1844,304,782,211,1066,241,15911,320,21.4,2.0,7.1,1.2,26.6,2.6,10.0,1.2,12.4,1.3,10.7,0.1,22.6,0.0,19.4,1.3,7.3,1.3,1.4,0.4,44.0,0.4,4.4,1.0,6.4,1.1,3.1,0.8,4.2,1.0,19.2,0.4,0.2964,0.8458,0.8735,0.1304,0.1383,2.2844,0.4387,0.0474,0.3597,0.8024,0.664,0.1621,2.0356,0.1937,0.5217,0.5217,0.5217,0.7233,0.1225,0.4229,0.4427,0.9605,2.6719,0.5692,7.5136,0.4348,0,0,0,0,0,0,0,0,0,0,0,0,0,0,0,0,0,0,1,1,1,88956,2985,395,10438,661,16252,0,1761,198,180,103,626,80,6953,796,244,179,11.9,1.6,12.6,0.8,19.6,0.0,2.1,0.2,0.2,0.1,0.8,0.1,8.4,1.0,0.3,0.2
48,Texas,TX,48101,Cottle County,48101,"Cottle County, Texas",900.563120322664,1647,328,1069,128,692,137,640,184,31,40,124,60,199,81,173,97,360,91,421,157,458,144,44,36,0,60,661,385,8,19,29,18,20,26,55,44,0,15,38.9,8.0,4.1,5.1,17.9,7.9,18.1,6.6,10.5,5.7,21.9,6.2,25.6,7.4,27.8,6.6,6.4,5.0,0.0,3.9,40.1,22.0,0.7,1.8,2.7,1.8,2.9,3.7,7.9,6.0,0.0,0.9,0.917,0.419,0.249,0.6443,0.0514,2.2807,0.4348,0.751,0.7036,0.9842,0.5178,0.0,2.9566,0.8063,0.4545,0.4545,0.4545,0.249,0.0198,0.3399,0.8854,0.0,1.4941,0.1186,7.1859,0.3557,1,0,0,0,0,1,0,0,1,0,0,1,0,0,0,0,0,0,0,0,2,1160,221,93,109,93,389,244,0,15,0,15,0,15,148,131,15,18,31.9,10.0,6.6,5.7,23.6,12.5,0.0,3.0,0.0,3.0,0.0,3.0,9.0,6.9,0.9,1.1
48,Texas,TX,48103,Crane County,48103,"Crane County, Texas",785.068797790074,4636,0,1817,19,1670,85,851,412,69,54,194,109,723,210,994,315,650,121,1198,100,259,96,79,78,448,211,3294,15,17,31,424,162,62,78,158,158,122,47,18.9,9.1,3.0,2.3,11.6,6.5,25.0,7.7,22.0,6.9,14.0,2.6,25.8,2.1,5.7,2.2,4.7,4.7,10.7,5.0,71.1,0.3,0.9,1.7,23.3,8.9,3.8,4.7,9.5,9.3,2.6,1.0,0.2095,0.2253,0.0553,0.8577,0.8458,2.1936,0.3913,0.2451,0.7273,0.004,0.2806,0.917,2.174,0.2964,0.8656,0.8656,0.8656,0.2964,0.8696,0.5731,0.9407,0.6166,3.2964,0.8775,8.5296,0.6285,0,0,0,0,0,0,0,0,0,0,1,1,0,0,0,0,0,1,0,1,2,4449,427,123,69,50,3055,0,114,71,11,14,6,13,39,44,0,15,25.6,7.3,1.5,1.1,65.9,0.0,2.5,1.5,0.2,0.3,0.1,0.3,0.8,1.0,0.0,1.1
48,Texas,TX,48105,Crockett County,48105,"Crockett County, Texas",2807.322568922222,2949,252,1855,146,1289,155,445,226,31,44,142,104,658,338,524,261,694,198,531,170,364,174,89,87,154,110,1741,363,40,55,226,117,0,21,0,15,61,5,15.4,7.7,2.0,2.8,11.0,8.0,28.1,13.1,18.1,9.2,23.5,6.5,18.0,5.9,12.6,6.0,6.9,6.7,5.4,3.8,59.0,11.2,2.2,3.0,12.2,6.3,0.0,1.6,0.0,3.8,2.1,0.2,0.0988,0.1067,0.0435,0.913,0.5968,1.7588,0.2174,0.8221,0.0632,0.2451,0.6047,0.7628,2.4979,0.5178,0.7391,0.7391,0.7391,0.5296,0.4071,0.0,0.0,0.5494,1.4861,0.1107,6.4819,0.2372,0,0,0,1,0,1,0,0,0,0,0,0,0,0,0,0,0,0,0,0,1,2677,382,167,11,24,1728,323,0,15,0,15,0,15,2,3,0,15,29.6,12.7,0.4,0.8,58.6,9.0,0.0,1.7,0.0,1.7,0.0,1.7,0.1,0.1,0.0,1.7
48,Texas,TX,48107,Crosby County,48107,"Crosby County, Texas",900.198142735288,5157,0,2671,22,1994,88,1710,271,121,49,376,79,757,120,1012,174,949,14,1313,19,1086,118,252,70,164,93,3200,12,30,28,299,83,112,47,122,60,90,35,33.8,5.4,4.9,2.0,18.9,3.9,22.2,3.7,20.0,3.4,18.4,0.3,25.5,0.4,21.4,2.3,12.6,3.5,3.4,1.9,62.1,0.2,1.1,1.0,11.2,3.1,5.6,2.3,6.1,3.0,1.7,0.7,0.8419,0.5692,0.3123,0.7984,0.747,3.2688,0.7787,0.5534,0.6917,0.8933,0.9526,0.5494,3.6404,0.9842,0.7866,0.7866,0.7866,0.3281,0.3518,0.8063,0.7273,0.4704,2.6839,0.5731,10.3797,0.8814,0,0,0,0,0,0,0,0,0,1,0,1,0,0,0,0,0,0,0,0,1,3900,303,75,135,47,2928,0,34,30,0,21,19,25,73,36,11,12,15.2,3.7,2.6,0.9,56.8,0.0,0.7,0.6,0.0,1.0,0.4,0.5,1.4,0.7,0.2,0.2
48,Texas,TX,48109,Culberson County,48109,"Culberson County, Texas",3812.15475906461,2181,0,942,225,629,230,621,279,104,154,60,57,399,183,313,142,473,213,332,222,518,243,28,38,138,99,1932,152,18,35,215,88,0,21,67,64,41,18,28.7,12.9,10.1,14.6,9.5,8.4,23.6,10.0,14.5,6.5,21.7,9.8,15.2,10.2,23.9,11.2,4.5,5.8,6.4,4.6,88.6,7.0,1.9,3.7,22.8,8.4,0.0,3.3,10.7,9.0,1.9,0.8,0.6719,0.9644,0.0316,0.8261,0.2648,2.7588,0.6126,0.7312,0.0158,0.9486,0.2569,0.8063,2.7588,0.6917,0.9407,0.9407,0.9407,0.4783,0.8617,0.0,0.9644,0.5178,2.8222,0.6482,9.2805,0.7391,0,1,0,0,0,1,0,0,1,0,0,1,1,1,0,0,0,1,0,1,4,2561,255,153,4,5,1774,172,22,32,132,125,0,15,0,15,0,15,40.5,16.1,0.2,0.2,81.3,7.9,1.0,1.5,6.1,5.7,0.0,2.3,0.0,2.3,0.0,2.3
48,Texas,TX,48111,Dallam County,48111,"Dallam County, Texas",1503.131798122568,7165,0,3040,12,2333,199,2088,585,101,100,394,191,981,300,1806,585,681,100,2269,54,750,189,50,85,767,399,3781,21,203,146,477,163,90,84,80,79,40,5,29.8,8.3,2.6,2.5,16.9,8.1,22.0,7.0,25.3,8.2,9.5,1.4,31.7,0.8,10.5,2.7,2.1,3.6,11.8,6.1,52.8,0.3,6.7,4.8,15.7,5.4,3.9,3.6,3.4,3.2,0.6,0.1,0.7154,0.1739,0.2174,0.7866,0.9289,2.8222,0.6245,0.0119,0.9565,0.1067,0.0514,0.9289,2.0554,0.2174,0.6759,0.6759,0.6759,0.83,0.6206,0.581,0.3043,0.087,2.4229,0.4427,7.9764,0.5138,0,0,0,0,1,1,0,1,0,0,1,2,0,0,0,0,0,0,0,0,3,7622,431,144,5,8,3432,0,0,21,0,21,0,21,237,120,107,120,18.5,6.4,0.1,0.1,47.9,0.0,0.0,0.7,0.0,0.7,0.0,0.7,3.3,1.7,1.5,1.7
48,Texas,TX,48113,Dallas County,48113,"Dallas County, Texas",873.142552037214,2604053,0,1040669,252,959184,2410,624674,11584,68708,3231,308519,5514,317338,4715,558521,8842,290461,55,665628,0,264190,5536,76266,2533,243704,5078,1890417,1098,305457,3879,16390,1051,58125,2111,64360,2061,31161,373,24.3,0.4,4.9,0.2,32.2,0.6,18.9,0.3,21.6,0.3,11.2,0.1,25.6,0.0,10.2,0.2,7.9,0.3,10.1,0.2,72.6,0.0,29.3,0.4,1.6,0.1,6.1,0.2,6.7,0.2,1.2,0.0,0.4506,0.5692,0.9842,0.6838,0.8261,3.5139,0.8577,0.0672,0.7036,0.0949,0.7352,0.9091,2.51,0.5296,0.8854,0.8854,0.8854,1.0,0.0,0.8419,0.7945,0.3162,2.9526,0.7391,9.8619,0.8142,0,0,1,0,0,1,0,0,0,0,1,1,0,0,1,0,0,0,0,1,3,3213745,112425,3142,577868,2561,1066429,0,173014,1275,4989,485,935,158,60006,3194,7176,1302,11.7,0.3,22.2,0.1,41.0,0.0,6.6,0.1,0.2,0.1,0.0,0.1,2.3,0.1,0.3,0.1
48,Texas,TX,48115,Dawson County,48115,"Dawson County, Texas",900.305524651324,12342,0,4892,33,4133,188,4233,622,450,157,1123,243,2340,290,2103,337,1746,0,3143,0,1733,286,348,135,363,133,8474,149,78,59,266,90,101,51,341,146,1787,65,40.0,5.9,9.5,3.4,27.2,5.7,29.8,3.7,19.9,3.2,14.1,0.0,25.5,0.0,16.4,2.7,8.4,3.2,3.2,100.0,68.7,1.2,1.6,1.2,5.4,1.8,2.4,1.2,8.3,3.5,14.5,0.5,0.9249,0.9526,0.8893,0.9328,0.7352,4.4348,0.9723,0.253,0.6917,0.5968,0.7787,0.502,2.8222,0.7549,0.8379,0.8379,0.8379,0.4229,0.0909,0.249,0.9051,0.9368,2.6047,0.5375,10.6996,0.9209,1,1,0,1,0,3,0,0,0,0,0,0,0,0,0,0,0,1,1,2,5,12283,668,140,944,146,7228,0,20,29,33,31,1,4,248,95,0,23,16.2,3.4,7.6,1.2,58.6,0.0,0.2,0.2,0.3,0.3,0.0,0.1,2.0,0.8,0.0,0.4
48,Texas,TX,48117,Deaf Smith County,48117,"Deaf Smith County, Texas",1496.82114857814,18585,0,6983,20,6022,201,5950,973,185,123,944,222,3014,331,4276,610,2390,61,5724,81,1506,230,624,201,1412,366,14453,23,241,120,623,173,305,117,205,109,199,8,32.5,5.3,2.1,1.4,15.7,3.6,27.8,3.0,23.2,3.3,12.9,0.3,30.8,0.4,8.2,1.3,10.4,3.3,8.3,2.2,77.8,0.1,3.4,1.7,8.9,2.5,5.1,1.9,3.4,1.8,1.1,0.0,0.8103,0.1107,0.1462,0.9012,0.8814,2.8498,0.6522,0.1739,0.9407,0.0277,0.8893,0.8854,2.917,0.7826,0.9091,0.9091,0.9091,0.6443,0.2648,0.7549,0.3043,0.2688,2.2371,0.3478,8.913,0.6798,0,0,0,1,0,1,0,1,0,0,0,1,1,1,0,0,0,0,0,0,3,18707,1194,229,252,93,14010,0,86,93,69,36,0,23,36,36,0,23,19.8,3.8,1.4,0.5,75.4,0.0,0.5,0.5,0.4,0.2,0.0,0.3,0.2,0.2,0.0,0.3
48,Texas,TX,48119,Delta County,48119,"Delta County, Texas",256.83224112184797,5278,0,2435,20,2106,118,1228,257,157,101,476,133,399,125,365,112,1072,52,1196,92,897,194,75,45,24,81,1169,37,9,26,174,72,47,42,70,35,63,3,23.5,4.9,6.4,3.9,22.6,6.2,10.8,3.4,7.0,2.2,20.3,1.0,22.7,1.7,17.2,3.7,3.5,2.1,0.5,1.7,22.1,0.7,0.4,1.1,7.1,3.0,2.3,2.0,3.3,1.6,1.2,0.1,0.415,0.7826,0.6047,0.1779,0.0119,1.9921,0.3241,0.6601,0.3715,0.6561,0.1344,0.0514,1.8735,0.1344,0.1067,0.1067,0.1067,0.17,0.1542,0.2332,0.2727,0.3162,1.1463,0.0435,5.1186,0.087,0,0,0,0,0,0,0,0,0,0,0,0,0,0,0,0,0,0,0,0,0,3977,451,129,462,40,499,0,19,22,0,21,0,21,166,25,23,35,21.4,6.0,8.8,0.8,9.5,0.0,0.4,0.4,0.0,0.9,0.0,0.9,3.1,0.5,0.4,0.7
48,Texas,TX,48121,Denton County,48121,"Denton County, Texas",878.694490302134,914870,0,351416,177,334504,1296,109339,4611,21048,1575,78331,2507,41098,2114,99367,4552,99654,29,218680,0,79821,2438,19648,1494,28133,1853,406528,1216,63738,2161,9999,935,8692,786,10458,1090,11471,245,12.1,0.5,4.0,0.3,23.4,0.7,6.7,0.3,10.9,0.5,10.9,0.1,23.9,0.0,8.8,0.3,5.9,0.4,3.3,0.2,44.4,0.1,18.1,0.6,2.8,0.3,2.6,0.2,3.1,0.3,1.3,0.0,0.0514,0.4032,0.6957,0.0356,0.0632,1.2491,0.0909,0.0553,0.5336,0.0395,0.4664,0.5336,1.6284,0.0632,0.5494,0.5494,0.5494,0.9763,0.0277,0.2806,0.2292,0.3597,1.8735,0.2134,5.3004,0.0949,0,0,0,0,0,0,0,0,0,0,0,0,0,0,1,0,0,0,0,1,1,744654,16255,1237,93656,1790,180694,0,89811,1077,1566,338,752,162,36759,2292,3290,724,4.9,0.4,10.2,0.2,19.8,0.0,9.8,0.1,0.2,0.1,0.1,0.1,4.0,0.3,0.4,0.1
48,Texas,TX,48123,DeWitt County,48123,"DeWitt County, Texas",908.97598676243,19826,0,9180,59,6586,246,4764,696,413,150,1347,229,2217,297,3103,549,3885,77,4431,163,2973,353,204,97,379,188,9263,100,127,86,1416,253,178,93,506,169,1927,55,26.6,3.9,5.2,1.9,20.5,3.4,15.9,2.2,17.3,3.1,19.6,0.4,22.3,0.8,16.6,2.0,3.1,1.5,2.0,1.0,46.7,0.5,1.4,0.9,15.4,2.8,2.7,1.4,7.7,2.5,9.7,0.3,0.5731,0.6008,0.4269,0.5613,0.5375,2.6996,0.5889,0.6087,0.3241,0.6166,0.0949,0.2885,1.9328,0.1502,0.6008,0.6008,0.6008,0.3794,0.6087,0.2964,0.8656,0.8854,3.0355,0.7708,8.2687,0.581,0,0,0,0,0,0,0,0,0,0,0,0,0,0,0,0,0,0,0,0,0,19658,1818,250,1536,181,7210,0,69,96,18,15,0,23,399,192,31,40,27.6,3.5,7.7,0.9,36.4,0.0,0.3,0.5,0.1,0.1,0.0,0.3,2.0,1.0,0.2,0.2
48,Texas,TX,48125,Dickens County,48125,"Dickens County, Texas",901.723721312952,1570,179,1082,75,638,69,409,131,63,41,126,45,170,49,222,79,376,55,309,70,303,72,44,23,23,60,643,221,0,21,71,30,4,4,34,23,75,19,27.4,8.2,9.7,6.1,19.7,6.7,14.5,3.8,14.8,4.5,23.9,3.8,19.7,3.1,20.2,4.6,6.9,3.5,1.6,4.1,41.0,13.3,0.0,1.9,6.6,2.6,0.6,0.6,5.3,3.4,4.8,1.1,0.6126,0.9565,0.3636,0.4427,0.2806,2.656,0.5731,0.8419,0.1423,0.8498,0.6047,0.1897,2.6284,0.6166,0.4704,0.4704,0.4704,0.0,0.1344,0.0474,0.6126,0.751,1.5454,0.1344,7.3002,0.3874,0,1,0,0,0,1,0,0,0,0,0,0,0,0,0,0,0,0,0,0,1,1603,109,39,30,50,599,159,7,10,0,15,5,6,2,4,0,15,17.1,5.7,1.9,3.1,38.2,7.9,0.4,0.7,0.0,3.1,0.3,0.4,0.1,0.3,0.0,3.1
48,Texas,TX,48127,Dimmit County,48127,"Dimmit County, Texas",1328.884281740106,8672,0,4018,13,2808,248,5205,817,117,98,880,303,1451,271,1478,422,1473,43,2411,168,1567,374,387,205,399,189,7833,21,80,65,1065,279,210,140,419,163,146,6,60.9,9.6,4.7,3.7,31.3,10.4,27.2,5.2,17.3,4.9,17.0,0.5,27.8,1.9,18.3,4.4,13.8,7.2,4.9,2.3,90.3,0.2,2.0,1.6,26.5,6.9,7.5,4.9,14.9,5.7,1.7,0.1,1.0,0.5217,0.9684,0.8893,0.5375,3.9169,0.9328,0.4585,0.8577,0.7194,0.9763,0.7233,3.7352,0.996,0.9605,0.9605,0.9605,0.498,0.9407,0.9091,0.996,0.4704,3.8142,0.9684,12.4268,0.996,1,0,1,0,0,2,0,0,0,1,0,1,1,1,0,1,1,1,0,3,7,7940,852,213,52,40,7628,0,82,68,23,36,0,21,38,56,10,14,30.3,7.2,0.6,0.5,88.0,0.0,0.9,0.8,0.3,0.4,0.0,0.6,0.4,0.6,0.1,0.2
48,Texas,TX,48129,Donley County,48129,"Donley County, Texas",927.03614719567,3298,0,1954,21,1198,100,607,155,0,15,247,79,335,91,551,130,786,48,637,89,298,90,62,35,4,58,747,15,12,13,272,63,19,16,44,28,353,25,20.6,5.2,0.0,3.5,20.6,6.4,15.5,4.1,17.2,4.1,23.8,1.5,19.3,2.7,9.3,2.8,5.2,2.9,0.1,1.8,22.7,0.5,0.6,0.7,13.9,3.2,1.6,1.3,3.7,2.3,10.7,0.8,0.2609,0.0,0.4348,0.5217,0.5138,1.7312,0.2016,0.8379,0.1225,0.0553,0.3676,0.0277,1.411,0.0198,0.1225,0.1225,0.1225,0.2213,0.4941,0.1462,0.3636,0.8933,2.1185,0.3162,5.3832,0.1146,0,0,0,0,0,0,0,0,0,0,0,0,0,0,0,0,0,0,0,0,0,3443,427,83,216,92,411,0,77,90,6,13,0,15,37,35,0,15,35.6,6.7,6.5,2.8,12.5,0.0,2.3,2.7,0.2,0.4,0.0,1.5,1.1,1.1,0.0,1.5
48,Texas,TX,48131,Duval County,48131,"Duval County, Texas",1793.476480484136,9960,0,4469,17,2892,185,3043,698,334,187,405,132,1696,297,1906,392,1578,81,2521,0,1954,358,219,124,392,176,8975,69,12,29,560,159,158,80,296,111,551,22,32.6,7.5,8.4,4.5,14.0,4.5,26.6,5.0,20.2,4.2,15.8,0.8,25.3,0.0,20.8,3.8,7.6,4.3,4.2,1.9,90.1,0.7,0.3,0.6,12.5,3.6,5.5,2.7,10.2,3.8,5.5,0.2,0.8182,0.913,0.087,0.8814,0.7628,3.4624,0.834,0.3755,0.6759,0.8656,0.6996,0.668,3.2846,0.917,0.9565,0.9565,0.9565,0.1462,0.4229,0.7984,0.9565,0.7708,3.0948,0.8024,10.7983,0.9407,0,1,0,0,0,1,0,0,0,0,0,0,1,1,0,0,0,1,0,1,3,9070,1017,171,85,44,8834,0,0,21,0,21,0,21,56,59,0,21,35.2,5.6,0.9,0.4,88.7,0.0,0.0,0.5,0.0,0.5,0.0,0.5,0.6,0.6,0.0,0.5
48,Texas,TX,48133,Eastland County,48133,"Eastland County, Texas",926.507653094682,17812,0,9414,29,7083,326,4458,615,395,140,1437,293,1774,341,2843,373,3851,96,3725,92,3370,341,434,162,279,159,4019,67,276,130,1220,256,193,116,445,178,981,22,26.4,3.6,4.9,1.8,20.3,4.0,14.6,2.8,16.2,2.1,21.6,0.5,20.9,0.5,19.2,1.9,6.2,2.3,1.7,0.9,22.6,0.4,2.9,1.4,13.0,2.7,2.7,1.6,6.3,2.5,5.5,0.1,0.5613,0.5692,0.4071,0.4466,0.3992,2.3834,0.4783,0.7233,0.2095,0.7905,0.502,0.2332,2.4585,0.4941,0.1186,0.1186,0.1186,0.6087,0.4585,0.2964,0.7549,0.7708,2.8893,0.6877,7.8498,0.4901,0,0,0,0,0,0,0,0,0,0,0,0,0,0,0,0,0,0,0,0,0,18699,1327,215,413,69,3088,0,73,51,75,84,0,23,337,134,33,52,18.7,3.0,2.3,0.4,17.3,0.0,0.4,0.3,0.4,0.5,0.0,0.3,1.9,0.8,0.2,0.3
48,Texas,TX,48135,Ector County,48135,"Ector County, Texas",897.883490202938,162300,0,66082,46,60676,631,39540,3590,4604,716,15539,1450,22446,1483,35130,3215,15397,80,49182,123,16359,1194,5503,715,9939,1204,115212,263,7832,1064,10913,998,3975,751,3173,543,1934,33,24.7,2.2,5.8,0.9,25.6,2.4,23.2,1.5,21.8,2.0,9.5,0.1,30.3,0.1,10.2,0.7,9.1,1.2,6.7,0.8,71.0,0.2,11.8,1.6,16.5,1.5,6.6,1.2,5.2,0.9,1.2,0.0,0.4625,0.7075,0.83,0.8182,0.834,3.6522,0.8933,0.0119,0.9249,0.0949,0.834,0.8261,2.6918,0.6522,0.8617,0.8617,0.8617,0.9368,0.6561,0.8775,0.5929,0.3162,3.3795,0.8972,10.5852,0.9091,0,0,0,0,0,0,0,1,0,0,0,1,0,0,1,0,0,0,0,1,2,164154,9539,965,7268,454,103201,0,1597,174,424,189,7,15,2518,626,197,172,15.7,1.6,4.5,0.3,63.6,0.0,1.0,0.1,0.3,0.1,0.0,0.1,1.6,0.4,0.1,0.1
48,Texas,TX,48137,Edwards County,48137,"Edwards County, Texas",2117.87109976844,1380,199,1004,111,526,113,551,235,0,15,125,69,215,98,348,175,303,101,270,125,192,93,34,57,65,71,701,279,0,21,217,69,0,21,16,23,34,45,40.9,16.3,0.0,6.6,23.8,12.1,25.6,9.8,25.9,11.8,22.0,7.8,19.6,7.6,14.3,7.1,6.5,10.7,4.9,5.3,50.8,18.8,0.0,2.1,21.6,6.7,0.0,4.0,3.0,4.3,2.5,3.2,0.9368,0.0,0.7115,0.8696,0.9447,3.4626,0.8379,0.7549,0.1304,0.3794,0.5375,0.7233,2.5255,0.5375,0.6561,0.6561,0.6561,0.0,0.8379,0.0,0.2213,0.6008,1.66,0.166,8.3042,0.5889,1,0,0,0,1,2,0,0,0,0,0,0,0,0,0,0,0,0,0,0,2,748,220,79,14,32,683,232,0,15,2,4,0,15,2,5,0,15,41.8,11.9,1.0,2.3,49.5,14.2,0.0,3.6,0.1,0.3,0.0,3.6,0.1,0.4,0.0,3.6
48,Texas,TX,48139,Ellis County,48139,"Ellis County, Texas",935.751443084914,195509,0,69624,76,65686,546,28495,2227,4081,578,14360,1037,14678,1038,31352,2011,25194,28,51493,0,23364,1198,5143,620,5809,899,85589,450,4488,625,5527,654,2241,330,1885,374,1812,28,14.7,1.2,3.9,0.6,21.9,1.6,11.7,0.8,16.1,1.0,12.9,0.1,26.3,0.0,12.0,0.6,7.8,0.9,3.2,0.5,43.8,0.2,6.4,0.9,7.9,0.9,3.4,0.5,2.9,0.6,0.9,0.0,0.0909,0.3597,0.5296,0.2372,0.3913,1.6087,0.1858,0.1739,0.7708,0.1937,0.7194,0.502,2.3598,0.4387,0.5138,0.5138,0.5138,0.8221,0.2095,0.4941,0.1976,0.1818,1.9051,0.2332,6.3874,0.2095,0,0,0,0,0,0,0,0,0,0,0,0,0,0,0,0,0,0,0,0,0,165869,5576,668,24426,614,53807,0,1420,160,294,117,38,44,4998,693,606,321,8.5,1.0,12.5,0.3,27.5,0.0,0.7,0.1,0.2,0.1,0.0,0.1,2.6,0.4,0.3,0.2
48,Texas,TX,48141,El Paso County,48141,"El Paso County, Texas",1013.233761554246,863832,0,317665,175,292580,1366,270389,8164,26909,1920,91748,2646,106896,3033,183261,5644,108308,57,229203,0,116288,2746,28455,1473,105561,3680,766838,429,33465,1639,18201,1311,15381,1412,18949,1217,13704,323,31.8,1.0,6.8,0.5,31.4,0.9,20.0,0.6,21.8,0.7,12.5,0.1,26.5,0.0,13.9,0.3,9.7,0.5,13.1,0.5,88.8,0.0,10.5,0.5,5.7,0.4,5.2,0.5,6.5,0.4,1.6,0.0,0.7905,0.8221,0.9763,0.7312,0.834,4.1541,0.9605,0.1383,0.7826,0.3518,0.8696,0.9447,3.087,0.8577,0.9447,0.9447,0.9447,0.8933,0.1107,0.7708,0.7787,0.4427,2.9962,0.747,11.182,0.9565,0,0,1,0,0,1,0,0,0,0,1,1,1,1,0,0,0,0,0,0,3,885499,39586,1644,24578,1017,716538,0,9597,514,2197,243,1238,168,11265,1252,1425,505,13.5,0.6,2.8,0.1,82.9,0.0,1.1,0.1,0.3,0.1,0.1,0.1,1.3,0.1,0.2,0.1
48,Texas,TX,48143,Erath County,48143,"Erath County, Texas",1083.178161642624,42788,0,18311,60,16007,418,11141,1110,1247,354,4812,603,3256,474,6263,716,6055,95,8810,120,5449,517,749,277,1403,389,11536,106,1549,391,2626,373,497,215,664,206,2676,50,27.6,2.8,5.6,1.6,30.1,3.7,12.9,1.9,14.8,1.7,14.2,0.2,20.6,0.3,12.9,1.2,4.7,1.7,3.5,1.0,27.0,0.2,8.5,2.1,14.3,2.0,3.1,1.3,4.1,1.3,6.3,0.1,0.6285,0.6759,0.9407,0.3162,0.2806,2.8419,0.6443,0.2609,0.1858,0.2609,0.2806,0.5771,1.5653,0.0514,0.2095,0.2095,0.2095,0.8656,0.5257,0.4229,0.4111,0.8024,3.0277,0.7668,7.6444,0.4585,0,0,1,0,0,1,0,0,0,0,0,0,0,0,0,0,0,0,0,0,1,42226,1969,335,604,213,9334,0,402,81,168,87,89,89,912,244,27,34,12.3,2.1,1.4,0.5,21.8,0.0,0.9,0.2,0.4,0.2,0.2,0.2,2.1,0.6,0.1,0.1
48,Texas,TX,48145,Falls County,48145,"Falls County, Texas",765.49474608671,17013,0,7455,77,5499,257,5453,655,498,224,1411,240,2029,253,2553,505,3178,101,3572,21,2830,368,225,98,260,156,8576,72,254,99,853,148,381,88,489,157,1886,193,36.0,4.3,7.4,3.2,25.7,4.2,17.5,2.3,16.9,3.3,18.7,0.6,21.0,0.1,18.7,2.4,4.1,1.8,1.6,1.0,50.4,0.4,3.4,1.3,11.4,2.0,6.9,1.6,8.9,2.8,11.1,1.1,0.8893,0.8775,0.8419,0.6126,0.4862,3.7075,0.9091,0.5731,0.2213,0.7273,0.2055,0.1897,1.9169,0.1462,0.6522,0.6522,0.6522,0.6443,0.3636,0.8893,0.9328,0.9051,3.7351,0.9644,10.0117,0.83,0,0,0,0,0,0,0,0,0,0,0,0,0,0,0,0,0,1,1,2,2,12464,1445,194,3420,240,4216,0,270,120,17,27,0,23,653,245,0,23,26.3,3.4,20.1,1.4,24.8,0.0,1.6,0.7,0.1,0.2,0.0,0.3,3.8,1.4,0.0,0.3
48,Texas,TX,48147,Fannin County,48147,"Fannin County, Texas",890.834246065406,36052,0,14667,45,12699,308,7826,709,749,210,2673,322,3611,371,5176,540,6535,61,7645,47,5054,449,569,144,576,198,8306,94,273,122,2050,268,388,114,405,109,3104,68,23.7,2.1,4.7,1.3,21.0,2.5,14.3,1.5,15.6,1.6,18.1,0.2,21.2,0.1,15.2,1.3,4.5,1.1,1.7,0.6,23.0,0.3,1.9,0.8,14.0,1.8,3.1,0.9,3.2,0.9,8.6,0.2,0.4269,0.5217,0.4743,0.4269,0.3557,2.2055,0.3992,0.5257,0.2332,0.4545,0.2569,0.2332,1.7035,0.0711,0.1304,0.1304,0.1304,0.4783,0.498,0.4229,0.2451,0.8696,2.5139,0.5059,6.5533,0.2451,0,0,0,0,0,0,0,0,0,0,0,0,0,0,0,0,0,0,0,0,0,28150,2507,295,2162,154,4557,0,159,81,146,52,23,34,1233,223,26,29,19.7,2.2,6.0,0.4,12.6,0.0,0.4,0.2,0.4,0.1,0.1,0.1,3.4,0.6,0.1,0.1
48,Texas,TX,48149,Fayette County,48149,"Fayette County, Texas",949.933276109902,24564,0,13198,41,9310,372,4155,641,389,146,1930,296,1820,306,2666,450,6399,102,4925,39,3777,468,329,119,473,252,7425,94,574,194,1895,227,186,82,445,160,491,31,17.2,2.7,3.5,1.3,20.7,3.1,10.1,1.7,11.0,1.9,26.1,0.4,20.0,0.2,15.6,1.9,3.6,1.3,2.0,1.1,30.2,0.4,4.4,1.5,14.4,1.7,2.0,0.9,4.8,1.7,2.0,0.1,0.1581,0.2964,0.4427,0.1423,0.0672,1.1067,0.0791,0.9012,0.1621,0.5099,0.1502,0.2885,2.0119,0.1818,0.2727,0.2727,0.2727,0.7233,0.5375,0.1976,0.5296,0.5296,2.5176,0.5099,5.9089,0.1502,0,0,0,0,0,0,1,0,0,0,0,1,0,0,0,0,0,0,0,0,1,21900,2508,310,1467,83,5414,0,83,36,17,28,5,10,406,117,33,37,26.9,3.2,6.0,0.3,22.0,0.0,0.3,0.1,0.1,0.1,0.0,0.1,1.7,0.5,0.1,0.1
48,Texas,TX,48151,Fisher County,48151,"Fisher County, Texas",898.950515512506,3680,0,2038,91,1514,118,691,181,54,30,198,51,361,99,475,122,849,91,785,92,662,88,100,49,102,81,1447,124,3,15,164,62,9,19,85,40,41,16,19.0,5.0,2.9,1.6,13.1,3.2,13.8,3.8,13.0,3.3,23.1,2.5,21.3,2.5,18.1,2.4,6.6,3.2,3.0,2.4,39.3,3.4,0.1,0.7,8.0,3.0,0.6,1.3,5.6,2.6,1.1,0.4,0.2213,0.2174,0.0791,0.3794,0.1581,1.0553,0.0553,0.8103,0.2411,0.7075,0.5455,0.4862,2.7906,0.7273,0.4348,0.4348,0.4348,0.1107,0.2174,0.0474,0.6601,0.2688,1.3044,0.0632,5.5851,0.1225,0,0,0,0,0,0,0,0,0,0,0,0,0,0,0,0,0,0,0,0,0,3031,340,93,113,55,1207,125,9,13,1,3,0,15,117,39,0,15,22.5,5.4,3.1,1.5,32.8,3.4,0.2,0.4,0.0,0.1,0.0,1.3,3.2,1.1,0.0,1.3
48,Texas,TX,48153,Floyd County,48153,"Floyd County, Texas",992.142094240866,5386,0,2622,14,1938,127,1569,321,96,62,366,115,1003,145,1300,253,987,25,1413,41,835,130,205,85,324,146,3458,21,37,51,73,53,20,29,197,100,30,3,29.4,6.0,4.1,2.6,18.9,5.8,28.8,4.3,24.3,4.7,18.3,0.5,26.2,0.8,15.6,2.4,10.6,4.3,6.4,2.9,64.2,0.4,1.4,1.9,2.8,2.0,1.0,1.5,10.2,5.0,0.6,0.1,0.6917,0.419,0.3123,0.917,0.8972,3.2372,0.7589,0.5375,0.7628,0.5099,0.9051,0.8063,3.5216,0.9644,0.8103,0.8103,0.8103,0.3794,0.0277,0.087,0.9565,0.087,1.5376,0.1304,9.1067,0.6996,0,0,0,1,0,1,0,0,0,1,0,1,0,0,0,0,0,1,0,1,3,4703,466,101,141,61,3193,0,16,24,0,21,0,21,108,65,0,21,24.0,5.0,2.6,1.1,59.3,0.0,0.3,0.5,0.0,0.9,0.0,0.9,2.0,1.2,0.0,0.9
48,Texas,TX,48155,Foard County,48155,"Foard County, Texas",704.396238186362,1075,163,661,80,462,74,357,101,32,42,112,46,137,73,125,70,326,71,224,83,205,76,17,14,1,58,345,215,0,21,34,21,0,21,25,26,40,2,34.9,8.3,5.9,7.6,24.2,9.2,19.6,9.2,12.1,6.1,30.3,6.3,20.8,6.2,19.8,7.3,3.7,3.0,0.1,5.6,32.1,19.4,0.0,3.2,5.1,3.0,0.0,4.5,5.4,5.5,3.7,0.6,0.8814,0.7352,0.751,0.7115,0.1186,3.1977,0.747,0.9605,0.2016,0.8182,0.1621,0.0277,2.1701,0.2925,0.3083,0.3083,0.3083,0.0,0.087,0.0,0.6206,0.6957,1.4033,0.0949,7.0794,0.336,0,0,0,0,0,0,1,0,0,0,0,1,0,0,0,0,0,0,0,0,1,853,135,60,3,18,146,66,2,4,5,7,0,15,189,78,0,15,29.2,11.1,0.3,1.7,13.6,5.8,0.2,0.4,0.5,0.6,0.0,4.5,17.6,6.6,0.0,4.5
48,Texas,TX,48157,Fort Bend County,48157,"Fort Bend County, Texas",861.790628524596,832607,0,282291,101,270136,1304,104651,7001,22100,1630,56169,2583,45715,2607,97950,5265,97857,91,224909,140,60472,2690,16236,1456,39121,2499,580717,993,23746,1573,7921,854,9441,1080,7677,979,5890,57,12.7,0.8,5.2,0.4,20.8,1.0,8.5,0.5,11.8,0.6,11.8,0.1,27.0,0.1,7.3,0.3,6.0,0.5,5.0,0.3,69.7,0.1,8.4,0.6,2.8,0.3,3.5,0.4,2.8,0.4,0.7,0.0,0.0672,0.6008,0.4545,0.0751,0.0988,1.2964,0.0988,0.1067,0.8142,0.0119,0.4822,0.7391,2.1541,0.2767,0.8538,0.8538,0.8538,0.8577,0.0277,0.5099,0.1739,0.1107,1.6799,0.1739,5.9842,0.1542,0,0,0,0,0,0,0,0,0,0,0,0,0,0,0,0,0,0,0,0,0,660541,14973,1366,166340,2248,209110,0,175751,1340,885,257,374,144,25623,2728,2634,783,5.5,0.5,20.0,0.3,25.1,0.0,21.1,0.2,0.1,0.1,0.0,0.1,3.1,0.3,0.3,0.1
48,Texas,TX,48159,Franklin County,48159,"Franklin County, Texas",284.391124657268,10445,0,5143,28,3782,184,1202,338,331,158,616,179,623,157,1571,402,2304,85,2423,13,1693,269,143,68,214,136,2437,37,70,35,482,147,89,65,70,43,99,3,11.6,3.3,6.5,3.1,16.3,4.7,8.5,2.2,15.2,3.9,22.1,0.8,23.2,0.1,16.4,2.6,3.8,1.8,2.2,1.4,23.3,0.4,1.4,0.7,9.4,2.9,2.3,1.7,1.9,1.1,0.9,0.0,0.0395,0.7984,0.1818,0.0751,0.3162,1.411,0.1383,0.7589,0.4308,0.5968,0.1779,0.3281,2.2925,0.3834,0.1344,0.1344,0.1344,0.3794,0.2885,0.2332,0.0751,0.1818,1.158,0.0474,4.9959,0.0632,0,0,0,0,0,0,0,0,0,0,0,0,0,0,0,0,0,0,0,0,0,8888,370,139,474,89,1622,0,18,26,11,16,0,23,291,84,21,33,9.8,3.7,4.5,0.9,15.5,0.0,0.2,0.2,0.1,0.2,0.0,0.5,2.8,0.8,0.2,0.3
48,Texas,TX,48161,Freestone County,48161,"Freestone County, Texas",877.730258086332,19599,0,9080,26,6701,259,4652,675,255,155,1483,255,2084,309,2065,301,3893,70,4418,40,3603,371,466,132,240,137,7012,159,88,61,2140,305,210,104,224,85,1427,41,25.6,3.7,3.5,2.1,22.1,3.7,15.0,2.2,11.4,1.7,19.9,0.4,22.5,0.2,19.8,2.0,7.0,2.0,1.3,0.7,35.8,0.8,0.9,0.7,23.6,3.4,3.1,1.5,3.3,1.3,7.3,0.2,0.498,0.2964,0.5455,0.4783,0.083,1.9012,0.2885,0.6324,0.3557,0.8182,0.6206,0.1383,2.5652,0.5771,0.3439,0.3439,0.3439,0.2964,0.8814,0.4229,0.2727,0.83,2.7034,0.585,7.5137,0.4387,0,0,0,0,0,0,0,0,0,0,0,0,0,0,0,0,0,0,0,0,0,18201,1982,296,2935,159,3297,0,19,30,47,24,0,23,683,223,31,52,29.6,4.2,15.0,0.8,16.8,0.0,0.1,0.2,0.2,0.1,0.0,0.3,3.5,1.1,0.2,0.3
48,Texas,TX,48163,Frio County,48163,"Frio County, Texas",1133.500299401408,18151,0,6335,203,4709,416,4438,1037,183,112,1219,354,3515,550,2110,476,2290,0,4229,0,2238,416,416,265,1632,630,15389,293,72,68,1639,347,251,231,513,201,3403,617,30.2,6.9,2.6,1.5,25.9,7.2,30.0,4.2,14.3,3.1,12.6,0.0,23.3,0.0,15.1,2.8,8.8,5.6,9.6,3.7,84.8,1.6,1.1,1.1,25.9,5.5,5.4,4.9,10.9,4.3,18.7,3.4,0.7391,0.1739,0.8538,0.9407,0.253,2.9605,0.6996,0.1423,0.4427,0.4387,0.8103,0.9012,2.7352,0.6759,0.9328,0.9328,0.9328,0.3281,0.9289,0.7866,0.9763,0.9565,3.9764,0.996,10.6049,0.913,0,0,0,1,0,1,0,0,0,0,1,1,1,1,0,1,0,1,1,3,6,15648,1526,404,750,266,14415,0,96,56,14,22,0,23,113,83,1,2,32.4,7.3,4.1,1.5,79.4,0.0,0.5,0.3,0.1,0.1,0.0,0.3,0.6,0.5,0.0,0.1
48,Texas,TX,48165,Gaines County,48165,"Gaines County, Texas",1502.362444713634,21523,0,7583,52,6909,204,4593,900,311,210,1162,315,4622,508,6301,897,1911,46,7635,85,2598,418,491,240,1327,437,9859,28,100,85,1688,301,447,199,284,154,149,21,21.5,4.2,3.4,2.3,16.8,4.5,39.6,4.2,29.5,4.2,8.9,0.2,35.5,0.4,12.1,2.0,7.2,3.5,6.9,2.3,45.8,0.1,1.3,1.1,22.3,3.9,6.5,2.9,4.1,2.2,0.7,0.1,0.3083,0.2727,0.2055,0.9921,0.9802,2.7588,0.6126,0.0079,1.0,0.2016,0.6482,0.834,2.6917,0.6443,0.581,0.581,0.581,0.3518,0.8498,0.8656,0.4111,0.1107,2.589,0.5336,8.6205,0.6403,0,0,0,1,1,2,0,1,0,0,0,1,0,0,0,0,0,0,0,0,3,18774,1267,267,235,168,9174,0,185,140,103,90,0,28,128,128,34,55,18.3,3.8,1.1,0.8,42.6,0.0,0.9,0.7,0.5,0.4,0.0,0.2,0.6,0.6,0.2,0.3
48,Texas,TX,48167,Galveston County,48167,"Galveston County, Texas",379.4087480841,350801,0,156803,126,135275,952,63091,3191,10490,1104,34549,1698,24307,1354,47715,2848,52288,0,83776,0,44798,1940,8246,863,9985,1069,157450,871,20566,1313,5740,560,4136,522,7321,730,6019,56,18.3,0.9,5.9,0.6,25.5,1.2,10.3,0.6,13.8,0.8,14.9,0.0,23.9,0.0,12.9,0.6,6.1,0.6,3.0,100.0,44.9,0.2,13.1,0.8,3.7,0.4,3.1,0.4,5.4,0.5,1.7,0.0,0.1937,0.7352,0.8221,0.1502,0.2174,2.1186,0.3715,0.3043,0.5336,0.2609,0.4941,0.4862,2.0791,0.2253,0.5573,0.5573,0.5573,0.9407,0.0553,0.4229,0.6206,0.4704,2.5099,0.498,7.2649,0.3715,0,0,0,0,0,0,0,0,0,0,0,0,0,0,1,0,0,0,0,1,1,308334,11768,1020,42169,1025,90909,0,11706,453,457,160,628,415,10123,1247,1458,485,8.7,0.8,12.0,0.3,25.9,0.0,3.3,0.1,0.1,0.1,0.2,0.1,2.9,0.4,0.4,0.1
48,Texas,TX,48169,Garza County,48169,"Garza County, Texas",893.415747589628,5735,328,2242,142,1677,157,1118,346,182,148,270,141,1248,249,711,334,963,197,884,203,787,186,52,48,760,213,3422,464,0,29,317,115,19,31,106,68,1391,72,26.0,7.8,9.9,7.6,16.1,8.3,30.0,5.4,16.3,7.3,16.8,3.6,15.4,3.2,18.1,4.4,3.1,2.8,13.6,3.8,59.7,7.3,0.0,1.3,14.1,5.3,1.1,1.8,6.3,4.1,24.3,1.9,0.5217,0.9605,0.1779,0.9407,0.415,3.0158,0.7154,0.4427,0.0198,0.7075,0.0949,0.9486,2.2135,0.332,0.7589,0.7589,0.7589,0.0,0.5099,0.1028,0.7549,0.9802,2.3478,0.4071,8.336,0.5968,0,1,0,1,0,2,0,0,0,0,1,1,0,0,0,0,0,0,1,1,4,5904,282,122,532,204,2684,350,67,81,15,16,0,21,124,101,0,21,16.8,6.7,9.3,3.4,46.8,5.3,1.2,1.4,0.3,0.3,0.0,0.9,2.2,1.7,0.0,0.9
48,Texas,TX,48171,Gillespie County,48171,"Gillespie County, Texas",1058.201839095314,26953,0,14107,34,11035,409,3807,626,454,196,2848,484,2227,372,4776,659,7810,98,5362,63,3903,496,377,198,1158,407,7407,167,510,184,1788,315,456,188,610,199,336,6,14.3,2.4,3.5,1.5,25.8,4.3,11.3,1.9,17.9,2.5,29.0,0.4,19.9,0.2,14.7,1.9,3.5,1.8,4.5,1.6,27.5,0.6,3.6,1.3,12.7,2.2,4.1,1.7,5.5,1.8,1.2,0.0,0.087,0.2964,0.8498,0.2174,0.581,2.0316,0.3439,0.9486,0.1542,0.415,0.1344,0.6877,2.3399,0.415,0.2174,0.2174,0.2174,0.6719,0.4387,0.6364,0.6324,0.3162,2.6956,0.581,7.2845,0.3834,0,0,0,0,0,0,1,0,0,0,0,1,0,0,0,0,0,0,0,0,1,25718,1448,275,36,51,6574,0,81,60,85,88,0,28,565,213,66,67,13.1,2.4,0.1,0.2,24.4,0.0,0.3,0.2,0.3,0.3,0.0,0.2,2.1,0.8,0.2,0.3
48,Texas,TX,48173,Glasscock County,48173,"Glasscock County, Texas",900.217266367348,1068,166,488,56,415,54,108,90,6,9,17,22,103,55,240,175,136,50,265,120,100,52,26,39,74,74,386,219,0,21,61,48,49,45,5,9,0,15,10.1,8.3,1.3,2.0,4.1,5.3,13.9,7.2,22.5,14.8,12.7,5.8,24.8,9.1,9.4,5.1,6.3,9.4,7.5,7.4,36.1,19.7,0.0,4.3,12.5,9.4,11.8,10.7,1.2,2.3,0.0,1.4,0.0198,0.0514,0.0119,0.3834,0.8696,1.3361,0.1146,0.1621,0.6364,0.0593,0.5059,0.8538,2.2175,0.336,0.3518,0.3518,0.3518,0.0,0.4229,0.9842,0.0395,0.0,1.4466,0.1067,5.352,0.1067,0,0,0,0,0,0,0,0,0,0,0,0,0,0,0,0,1,0,0,1,1,942,83,54,0,15,334,168,0,15,0,15,0,15,52,71,0,15,20.0,12.4,0.0,4.6,31.3,13.7,0.0,4.6,0.0,4.6,0.0,4.6,4.9,6.5,0.0,4.6
48,Texas,TX,48175,Goliad County,48175,"Goliad County, Texas",852.010747490424,7092,0,3532,18,2720,158,1496,358,144,85,436,122,784,190,781,202,1696,68,1479,30,1117,176,67,41,152,117,3026,15,22,34,553,136,21,36,234,108,110,43,21.4,5.1,4.8,2.8,16.0,4.4,15.5,3.7,11.2,2.9,23.9,1.0,20.9,0.4,16.0,2.5,2.5,1.5,2.2,1.7,42.7,0.2,0.6,1.0,15.7,3.9,0.8,1.3,8.6,3.8,1.6,0.6,0.2964,0.5494,0.17,0.5217,0.0711,1.6086,0.1818,0.8419,0.2095,0.5415,0.0553,0.3281,1.9763,0.17,0.4941,0.4941,0.4941,0.2213,0.6206,0.0711,0.917,0.4427,2.2727,0.3834,6.3517,0.1976,0,0,0,0,0,0,0,0,0,0,0,0,0,0,0,0,0,1,0,1,1,5112,759,175,319,74,2543,0,10,20,23,20,0,21,131,64,0,21,27.9,5.7,4.5,1.0,35.9,0.0,0.1,0.3,0.3,0.3,0.0,0.7,1.8,0.9,0.0,0.7
48,Texas,TX,48177,Gonzales County,48177,"Gonzales County, Texas",1066.685872627924,19736,0,8947,25,7412,210,4669,618,90,55,1588,279,2882,373,3678,536,3336,86,5257,16,3181,307,600,170,1217,310,11827,32,158,108,1836,246,436,121,612,171,326,8,24.0,3.2,1.0,0.6,21.4,3.7,22.6,2.9,18.9,2.8,16.9,0.4,26.6,0.1,16.4,1.6,8.1,2.3,6.6,1.7,59.9,0.2,1.8,1.2,20.5,2.7,5.9,1.6,8.3,2.3,1.7,0.0,0.4427,0.0395,0.5059,0.8103,0.668,2.4664,0.498,0.4545,0.7866,0.5968,0.7431,0.8182,3.3992,0.9447,0.7668,0.7668,0.7668,0.4625,0.8221,0.8182,0.9051,0.4704,3.4783,0.9289,10.1107,0.8419,0,0,0,0,0,0,0,0,0,0,0,0,0,0,0,0,0,1,0,1,1,17790,1381,189,1205,103,10306,0,105,36,0,23,49,74,137,78,25,36,18.6,2.5,6.1,0.5,52.2,0.0,0.5,0.2,0.0,0.3,0.2,0.4,0.7,0.4,0.1,0.2
48,Texas,TX,48179,Gray County,48179,"Gray County, Texas",925.973630785258,21272,0,10005,54,8021,235,5606,642,516,147,1967,322,2591,292,3825,522,3430,60,5370,14,2608,321,563,159,866,253,8268,102,349,176,458,149,244,137,259,110,1645,53,28.7,3.3,5.4,1.5,24.5,3.9,18.4,2.1,19.5,2.7,16.1,0.3,25.2,0.1,13.3,1.6,7.0,2.0,4.3,1.3,38.9,0.5,3.5,1.8,4.6,1.5,3.1,1.7,3.2,1.4,7.7,0.2,0.6719,0.6403,0.7589,0.664,0.7154,3.4505,0.8221,0.3953,0.6601,0.3123,0.6206,0.6759,2.6642,0.6364,0.419,0.419,0.419,0.6601,0.0711,0.4229,0.2451,0.8458,2.245,0.3518,8.7787,0.6482,0,0,0,0,0,0,0,0,0,0,0,0,0,0,0,0,0,0,0,0,0,21541,1360,244,959,107,6475,0,172,6,144,54,26,42,382,104,110,102,17.0,3.0,4.5,0.5,30.4,0.0,0.8,0.1,0.7,0.3,0.1,0.2,1.8,0.5,0.5,0.5
48,Texas,TX,48181,Grayson County,48181,"Grayson County, Texas",932.828875270176,137008,0,58923,95,52084,687,26497,2024,2606,494,13206,915,8865,779,22542,1613,24528,42,32522,0,18788,1143,3479,566,3092,533,36313,462,4112,553,5771,553,1569,349,1980,364,2353,53,19.7,1.5,3.9,0.7,25.4,1.7,9.6,0.8,16.6,1.2,17.9,0.1,23.7,0.0,13.8,0.8,6.7,1.1,2.4,100.0,26.5,0.3,7.0,0.9,9.8,0.9,3.0,0.7,3.8,0.7,1.7,0.0,0.2451,0.3597,0.8142,0.1067,0.4625,1.9882,0.3202,0.5217,0.502,0.3439,0.5652,0.3715,2.3043,0.3913,0.1858,0.1858,0.1858,0.8379,0.3123,0.3834,0.3755,0.4704,2.3795,0.419,6.8578,0.3083,0,0,0,0,0,0,0,0,0,0,0,0,0,0,0,0,0,0,0,0,0,130109,8246,736,7241,492,19982,0,2057,280,617,160,76,78,5804,624,536,362,15.8,1.4,5.3,0.4,14.6,0.0,1.5,0.2,0.5,0.1,0.1,0.1,4.2,0.5,0.4,0.3
48,Texas,TX,48183,Gregg County,48183,"Gregg County, Texas",273.380351605402,124245,0,53265,74,47008,677,30758,2402,2168,467,12091,1005,10874,967,20695,1558,19479,99,31964,0,15937,1063,3825,568,3109,457,54876,534,5645,552,4086,536,1454,293,2444,372,4637,88,25.6,2.0,3.7,0.8,25.7,2.1,13.6,1.2,17.0,1.3,15.7,0.1,25.7,0.0,13.1,0.9,8.2,1.2,2.7,0.4,44.2,0.4,10.6,1.0,7.7,1.0,3.0,0.6,5.2,0.8,3.7,0.1,0.498,0.3281,0.8419,0.3636,0.498,2.5296,0.5138,0.3636,0.7154,0.2964,0.751,0.4111,2.5375,0.5494,0.5375,0.5375,0.5375,0.8972,0.1976,0.3834,0.5929,0.6957,2.7668,0.6285,8.3714,0.6008,0,0,0,0,0,0,0,0,0,0,0,0,0,0,0,0,0,0,0,0,0,154553,6334,684,23899,829,24391,0,1402,220,137,69,66,86,4836,1001,145,203,13.5,1.4,19.2,0.7,19.6,0.0,1.1,0.2,0.1,0.1,0.1,0.1,3.9,0.8,0.1,0.2
48,Texas,TX,48185,Grimes County,48185,"Grimes County, Texas",787.465971516782,29442,0,12038,64,9769,293,6402,991,696,240,2089,368,3877,494,4732,821,5362,0,6595,0,3754,470,651,199,953,296,12346,212,181,110,2232,280,489,180,313,113,3480,159,24.7,3.8,5.6,2.0,21.4,3.7,19.2,2.5,18.2,3.1,18.2,0.0,22.4,0.0,14.4,1.8,6.6,2.0,3.4,1.1,41.9,0.7,1.5,0.9,18.5,2.3,5.0,1.8,3.2,1.2,11.8,0.5,0.4625,0.6759,0.5059,0.6957,0.6166,2.9566,0.6957,0.5296,0.3399,0.3953,0.5455,0.5494,2.3597,0.4348,0.4862,0.4862,0.4862,0.4111,0.747,0.7391,0.2451,0.913,3.0553,0.7826,8.8578,0.668,0,0,0,0,0,0,0,0,0,0,0,0,0,0,0,0,0,0,1,1,1,26342,2068,362,3456,417,7288,0,108,77,148,96,0,28,1158,364,188,208,21.2,3.6,11.7,1.4,24.8,0.0,0.4,0.3,0.5,0.3,0.0,0.2,3.9,1.2,0.6,0.7
48,Texas,TX,48187,Guadalupe County,48187,"Guadalupe County, Texas",711.251414717328,173828,0,65166,104,60463,634,28214,2752,3676,637,12083,1032,12608,957,19741,1417,24746,108,42513,0,23494,1467,3529,491,4523,747,90182,386,1973,412,9229,770,2437,464,1656,323,1868,39,16.4,1.6,4.3,0.7,20.0,1.7,10.9,0.8,11.5,0.8,14.2,0.1,24.5,0.0,13.7,0.9,5.9,0.8,2.8,0.5,51.9,0.2,3.1,0.6,14.2,1.2,4.0,0.8,2.7,0.5,1.1,0.0,0.1423,0.4466,0.3874,0.1858,0.0909,1.253,0.0949,0.2609,0.6008,0.3281,0.4664,0.4269,2.0831,0.2292,0.668,0.668,0.668,0.6245,0.5138,0.5968,0.1621,0.2688,2.166,0.3281,6.1701,0.1818,0,0,0,0,0,0,0,0,0,0,0,0,0,0,0,0,0,0,0,0,0,135170,5314,544,13100,615,67761,0,2748,363,150,91,36,55,5668,872,719,360,8.8,0.9,7.5,0.4,39.0,0.0,1.6,0.2,0.1,0.1,0.0,0.1,3.3,0.5,0.4,0.2
48,Texas,TX,48189,Hale County,48189,"Hale County, Texas",1004.679652439146,32525,0,13396,37,10997,375,9712,906,682,223,2512,399,5014,499,6818,769,4513,132,8787,58,3760,394,1420,324,1943,458,22228,74,750,223,953,259,432,168,412,165,2364,43,32.1,3.0,4.7,1.5,22.8,3.5,25.2,2.5,22.3,2.5,13.9,0.4,27.0,0.2,12.3,1.3,12.9,2.9,6.4,1.5,68.3,0.2,5.6,1.7,7.1,1.9,3.9,1.5,3.7,1.5,7.3,0.1,0.8024,0.5217,0.6324,0.8656,0.8577,3.6798,0.9012,0.2332,0.8142,0.2253,0.9644,0.8063,3.0434,0.8419,0.834,0.834,0.834,0.8024,0.1542,0.581,0.3636,0.83,2.7312,0.6126,10.2884,0.8696,0,0,0,0,0,0,0,0,0,1,0,1,0,0,0,0,0,0,0,0,1,32924,2277,362,1273,199,20029,0,194,6,33,38,28,33,599,211,72,56,20.7,3.1,3.9,0.6,61.6,0.0,0.6,0.1,0.1,0.1,0.1,0.1,1.8,0.6,0.2,0.2
48,Texas,TX,48191,Hall County,48191,"Hall County, Texas",883.49157521873,2847,0,1754,13,1145,82,904,162,95,50,161,68,360,68,592,133,641,52,625,10,494,113,124,60,98,68,1310,15,13,14,96,41,73,31,38,28,65,6,32.3,5.8,7.5,3.9,14.1,5.9,18.2,3.3,21.2,4.8,22.5,1.8,22.0,0.4,17.7,4.0,10.9,5.2,3.6,2.5,46.0,0.5,0.8,0.8,5.5,2.3,6.4,2.7,3.3,2.4,2.3,0.2,0.8063,0.8814,0.0909,0.6522,0.8024,3.2332,0.751,0.7945,0.2964,0.6957,0.917,0.5968,3.3004,0.9209,0.5889,0.5889,0.5889,0.2648,0.0949,0.8617,0.2727,0.5771,2.0712,0.2925,9.1937,0.7115,0,0,0,0,0,0,0,0,0,1,0,1,0,0,0,0,0,0,0,0,1,2485,356,88,186,45,1002,0,12,17,3,5,0,15,107,44,0,15,31.1,7.1,6.5,1.6,35.2,0.0,0.4,0.6,0.1,0.2,0.0,1.7,3.8,1.5,0.0,1.7
48,Texas,TX,48193,Hamilton County,48193,"Hamilton County, Texas",835.914205689786,8244,0,4352,17,3131,175,2207,427,98,64,706,172,621,160,1215,239,2123,55,1738,26,1607,242,168,93,252,127,1420,11,16,20,304,115,109,48,108,63,274,12,27.5,5.3,2.8,1.8,22.5,5.3,10.7,2.7,15.1,3.0,25.8,0.7,21.1,0.3,20.0,3.0,5.4,3.0,3.2,1.6,17.2,0.1,0.4,0.5,7.0,2.6,3.5,1.5,3.4,2.0,3.3,0.1,0.6245,0.1937,0.5889,0.1621,0.3083,1.8775,0.2767,0.8933,0.2292,0.834,0.3913,0.502,2.8498,0.7628,0.0553,0.0553,0.0553,0.17,0.1502,0.5099,0.3043,0.6798,1.8142,0.2016,6.5968,0.2609,0,0,0,0,0,0,0,0,0,0,0,0,0,0,0,0,0,0,0,0,0,7295,548,159,78,49,1160,0,3,7,19,28,9,15,151,54,0,21,17.5,4.9,0.9,0.6,14.1,0.0,0.0,0.1,0.2,0.3,0.1,0.2,1.8,0.7,0.0,0.6
48,Texas,TX,48195,Hansford County,48195,"Hansford County, Texas",919.809499613892,5270,0,2283,11,1763,115,1104,378,110,87,278,110,912,152,885,241,718,94,1518,29,617,157,60,43,402,154,2714,21,3,21,167,76,50,32,82,58,76,10,21.3,7.3,4.3,3.4,15.8,6.2,27.8,4.5,17.0,4.6,13.6,1.8,28.8,0.5,11.9,3.0,3.4,2.4,8.2,3.2,51.5,0.4,0.1,0.9,7.3,3.3,2.8,1.8,4.7,3.2,1.4,0.2,0.2885,0.4466,0.1542,0.9012,0.498,2.2885,0.4427,0.2134,0.8735,0.1858,0.1225,0.8656,2.2608,0.3478,0.6601,0.6601,0.6601,0.1107,0.166,0.3162,0.5059,0.3874,1.4862,0.1146,6.6956,0.2846,0,0,0,1,0,1,0,0,0,0,0,0,0,0,0,0,0,0,0,0,1,5025,267,97,11,55,2584,0,6,10,20,23,0,21,93,47,0,21,15.1,5.3,0.2,1.0,49.0,0.0,0.1,0.2,0.4,0.4,0.0,0.9,1.8,0.9,0.0,0.9
48,Texas,TX,48197,Hardeman County,48197,"Hardeman County, Texas",695.113865795474,3541,0,1819,90,1304,104,742,158,46,30,188,60,372,99,526,142,709,112,745,84,756,150,63,29,155,104,1270,150,9,17,245,86,17,16,54,33,33,7,21.3,4.5,2.5,1.7,14.4,4.5,15.0,4.1,14.9,4.0,20.0,3.2,21.0,2.4,21.4,4.2,4.9,2.2,4.6,3.1,35.9,4.2,0.5,0.9,13.5,4.7,1.3,1.2,4.1,2.6,0.9,0.2,0.2885,0.1621,0.1028,0.4783,0.2925,1.3242,0.1107,0.6364,0.2213,0.8933,0.3162,0.6917,2.7589,0.6957,0.3478,0.3478,0.3478,0.1897,0.4743,0.1225,0.4111,0.1818,1.3794,0.0791,5.8103,0.1383,0,0,0,0,0,0,0,0,0,0,0,0,0,0,0,0,0,0,0,0,0,3305,366,81,116,87,1011,147,43,15,23,14,0,15,77,40,0,15,28.1,5.8,3.3,2.5,28.6,4.1,1.2,0.4,0.6,0.4,0.0,1.4,2.2,1.1,0.0,1.4
48,Texas,TX,48199,Hardin County,48199,"Hardin County, Texas",890.575761973364,56576,0,24308,28,20845,539,11971,1430,1161,308,3891,513,4269,635,9265,944,9751,129,13874,45,10433,1004,1537,334,452,214,9036,279,639,222,5817,581,546,166,992,272,483,9,21.5,2.6,4.6,1.2,18.7,2.4,11.1,1.7,16.5,1.7,17.2,0.2,24.5,0.1,18.6,1.8,7.3,1.6,0.9,0.4,16.0,0.5,2.6,0.9,23.9,2.4,2.7,0.8,4.8,1.3,0.9,0.0,0.3083,0.5059,0.2925,0.1937,0.4545,1.7549,0.2134,0.4822,0.6008,0.7233,0.664,0.087,2.5573,0.5613,0.0316,0.0316,0.0316,0.585,0.8893,0.2964,0.5296,0.1818,2.4821,0.4862,6.8259,0.2964,0,0,0,0,0,0,0,0,0,0,0,0,0,0,0,0,0,0,0,0,0,47495,3323,414,3213,152,3694,0,261,126,11,22,0,35,1782,370,75,82,15.9,1.9,5.7,0.3,6.5,0.0,0.5,0.2,0.0,0.1,0.0,0.1,3.1,0.7,0.1,0.1
48,Texas,TX,48201,Harris County,48201,"Harris County, Texas",1707.01326269874,4726177,0,1851489,320,1692896,4042,1200055,19817,155955,3741,530236,7457,541480,7181,997287,15770,521651,76,1239043,0,470738,6296,137657,3638,491027,8601,3419696,2478,482152,6607,47734,2039,107620,2961,112614,3350,45087,528,25.7,0.4,6.4,0.2,31.3,0.4,17.9,0.2,21.2,0.3,11.0,0.1,26.2,0.0,10.0,0.1,8.1,0.2,11.2,0.2,72.4,0.1,26.0,0.4,2.6,0.1,6.3,0.2,6.7,0.2,1.0,0.0,0.5099,0.7826,0.9684,0.6324,0.8024,3.6957,0.9051,0.0593,0.7628,0.0791,0.7431,0.9249,2.5692,0.581,0.8814,0.8814,0.8814,0.9921,0.0158,0.8498,0.7945,0.2213,2.8735,0.6759,10.0198,0.834,0,0,1,0,0,1,0,0,0,0,1,1,0,0,1,0,0,0,0,1,3,5117840,171443,4091,872237,3642,2076103,0,330740,2563,5624,688,2357,273,114731,5234,17904,2553,10.1,0.2,18.5,0.1,43.9,0.0,7.0,0.1,0.1,0.1,0.0,0.1,2.4,0.1,0.4,0.1
48,Texas,TX,48203,Harrison County,48203,"Harrison County, Texas",900.058209717938,69098,0,29305,54,24993,565,17096,1525,2001,429,5816,720,4861,741,11128,1204,11729,106,16761,91,11927,1079,2335,439,1342,376,26671,436,416,166,6285,513,831,252,1606,306,1609,34,25.5,2.3,6.1,1.3,23.3,2.8,10.7,1.6,16.3,1.8,17.0,0.2,24.3,0.1,17.4,1.6,9.3,1.7,2.1,0.6,38.6,0.6,1.4,0.6,21.4,1.7,3.3,1.0,6.4,1.2,2.3,0.0,0.4901,0.7628,0.6798,0.1621,0.415,2.5098,0.5099,0.4585,0.5889,0.664,0.8419,0.3123,2.8656,0.7708,0.4071,0.4071,0.4071,0.3794,0.834,0.4822,0.7668,0.5771,3.0395,0.7747,8.822,0.6601,0,0,0,0,0,0,0,0,0,0,0,0,0,0,0,0,0,0,0,0,0,66548,5506,616,14212,360,9597,0,421,111,155,70,0,35,2192,577,94,92,22.0,2.3,20.6,0.5,13.9,0.0,0.6,0.2,0.2,0.1,0.0,0.1,3.2,0.8,0.1,0.1
48,Texas,TX,48205,Hartley County,48205,"Hartley County, Texas",1461.950322509816,5369,0,1866,105,1626,91,485,189,27,31,344,127,643,202,838,246,870,40,1192,0,414,107,73,60,87,110,2151,208,31,39,270,110,44,44,39,37,1470,47,12.5,4.9,1.5,1.7,21.2,7.7,15.8,4.9,21.5,6.3,16.2,0.7,22.2,0.0,10.6,2.8,4.5,3.7,1.7,2.2,40.1,3.9,1.6,2.1,14.5,5.4,2.7,2.7,2.4,2.3,27.4,0.9,0.0593,0.0632,0.4822,0.5494,0.8182,1.9723,0.3123,0.4032,0.3083,0.1146,0.2569,0.2332,1.3162,0.0079,0.4545,0.4545,0.4545,0.4229,0.5494,0.2964,0.1028,0.996,2.3675,0.415,6.1105,0.1779,0,0,0,0,0,0,0,0,0,0,0,0,0,0,0,0,0,0,1,1,1,6230,152,95,396,182,1460,0,14,19,46,45,0,21,235,139,0,21,9.3,5.5,7.4,3.4,27.2,0.0,0.3,0.3,0.9,0.8,0.0,0.9,4.4,2.6,0.0,0.9
48,Texas,TX,48207,Haskell County,48207,"Haskell County, Texas",903.132658862518,5408,0,3101,55,2090,119,1430,238,152,72,413,120,811,122,1046,163,1266,54,943,18,1198,148,109,66,176,112,1967,10,26,22,382,82,24,30,109,62,268,121,27.8,4.6,6.3,2.9,19.8,5.6,20.5,3.1,20.4,3.1,23.4,1.0,17.4,0.3,23.3,2.9,5.2,3.1,3.4,2.2,36.4,0.2,0.8,0.7,12.3,2.6,1.1,1.4,5.2,3.0,5.0,2.2,0.6324,0.7708,0.3715,0.747,0.7747,3.2964,0.7826,0.8182,0.0435,0.9368,0.3676,0.5494,2.7155,0.664,0.3597,0.3597,0.3597,0.2648,0.415,0.1028,0.5929,0.7628,2.1383,0.3202,8.5099,0.6206,0,0,0,0,0,0,0,0,1,0,0,1,0,0,0,0,0,0,0,0,1,4747,386,74,312,35,1549,0,4,6,11,12,0,21,91,37,0,21,18.5,3.4,5.8,0.6,28.6,0.0,0.1,0.1,0.2,0.2,0.0,0.9,1.7,0.7,0.0,0.9
48,Texas,TX,48209,Hays County,48209,"Hays County, Texas",676.851850850532,245351,0,94988,140,89328,783,49767,3624,6732,1029,27598,1817,13669,1250,31430,2286,28057,121,55716,35,26913,1597,4349,662,7534,1222,121045,1058,17180,1282,7328,754,3527,647,2479,534,7199,255,20.9,1.5,5.1,0.8,30.9,2.0,9.1,0.8,12.9,0.9,11.4,0.1,22.7,0.1,11.1,0.7,4.8,0.7,3.3,0.5,49.3,0.4,18.1,1.3,7.7,0.8,4.0,0.7,2.8,0.6,2.9,0.1,0.2648,0.5889,0.9644,0.0909,0.1542,2.0632,0.3478,0.0909,0.3715,0.1502,0.2925,0.5336,1.4387,0.0237,0.6324,0.6324,0.6324,0.9763,0.1976,0.5968,0.1739,0.6403,2.5849,0.5296,6.7192,0.2885,0,0,1,0,0,1,0,0,0,0,0,0,0,0,1,0,0,0,0,1,2,227616,7666,873,8629,603,98944,0,3900,342,292,118,148,74,7141,834,1991,981,8.6,1.0,3.5,0.2,40.3,0.0,1.6,0.1,0.1,0.1,0.1,0.1,2.9,0.3,0.8,0.4
48,Texas,TX,48211,Hemphill County,48211,"Hemphill County, Texas",906.285648875938,3371,0,1679,78,1345,94,389,195,66,50,250,81,257,119,605,160,635,93,846,63,629,127,50,48,262,107,1309,140,0,21,267,88,63,37,48,40,49,16,11.7,5.9,4.1,3.0,18.6,5.9,11.4,5.2,18.2,4.8,18.8,2.8,25.1,1.9,18.9,3.8,3.7,3.6,8.2,3.3,38.8,4.2,0.0,1.3,15.9,5.2,4.7,2.7,3.6,2.9,1.5,0.5,0.0435,0.419,0.2806,0.2213,0.6166,1.581,0.17,0.5771,0.6522,0.7549,0.1621,0.8656,3.0119,0.834,0.415,0.415,0.415,0.0,0.6443,0.6957,0.3399,0.419,2.0989,0.3083,7.1068,0.3399,0,0,0,0,0,0,0,0,0,0,0,0,0,0,0,0,0,0,0,0,0,3264,237,96,10,11,1201,137,0,15,16,22,0,15,82,59,0,15,17.6,6.7,0.3,0.3,35.6,4.1,0.0,1.5,0.5,0.7,0.0,1.5,2.4,1.7,0.0,1.5
48,Texas,TX,48213,Henderson County,48213,"Henderson County, Texas",873.780636557678,82627,0,40933,56,31973,592,22159,1600,1959,389,7323,639,7800,650,15294,1040,18383,72,17652,0,14566,817,1241,278,1038,272,19982,368,1265,308,10770,786,1075,215,1712,320,1403,20,27.3,2.0,5.5,1.1,22.9,2.0,13.3,1.1,18.7,1.3,22.2,0.1,21.4,0.0,17.8,1.0,3.9,0.9,1.3,0.3,24.2,0.4,3.1,0.8,26.3,1.9,3.4,0.7,5.4,1.0,1.7,0.0,0.6087,0.6561,0.6364,0.3399,0.6522,2.8933,0.668,0.7708,0.249,0.6996,0.1897,0.1383,2.0474,0.2095,0.1462,0.1462,0.1462,0.6245,0.9368,0.4941,0.6206,0.4704,3.1464,0.8182,8.2333,0.5771,0,0,0,0,0,0,0,0,0,0,0,0,0,0,0,1,0,0,0,1,1,66667,5724,586,4592,374,11544,0,549,91,207,113,40,40,3036,533,14,10,17.9,1.8,5.6,0.5,14.0,0.0,0.7,0.1,0.3,0.1,0.0,0.1,3.7,0.6,0.0,0.1
48,Texas,TX,48215,Hidalgo County,48215,"Hidalgo County, Texas",1570.95592564168,873167,0,296286,232,257499,1634,362213,9667,28099,1942,73739,2845,155927,3814,268045,6309,97866,124,276461,61,104955,3278,27885,1614,143134,3923,823599,862,14166,1231,42632,1739,30939,1642,14393,1210,8481,147,41.9,1.1,7.6,0.5,28.6,1.1,31.4,0.8,31.0,0.7,11.2,0.1,31.7,0.1,12.1,0.4,10.8,0.6,17.9,0.5,94.3,0.1,4.8,0.4,14.4,0.6,12.1,0.6,5.6,0.5,1.0,0.0,0.9526,0.8933,0.9209,0.9565,0.9881,4.7114,0.9921,0.0672,0.9565,0.2016,0.9091,0.9684,3.1028,0.8656,0.9763,0.9763,0.9763,0.751,0.5375,0.9881,0.6601,0.2213,3.158,0.834,11.9485,0.9763,1,0,1,1,1,4,0,1,0,1,1,3,1,1,0,0,1,0,0,1,9,867118,50360,2517,4034,293,807715,0,8036,307,671,82,155,8,1834,477,1154,837,19.6,1.0,0.5,0.1,92.5,0.0,0.9,0.1,0.1,0.1,0.0,0.1,0.2,0.1,0.1,0.1
48,Texas,TX,48217,Hill County,48217,"Hill County, Texas",958.85736321938,36138,0,16236,63,13390,270,8239,780,744,131,2955,295,3573,346,6350,532,7403,19,8357,20,6177,408,805,160,893,202,11269,125,385,103,2698,270,425,101,735,180,933,22,23.4,2.2,4.5,0.8,22.1,2.2,14.4,1.4,17.9,1.5,20.5,0.1,23.1,0.1,17.4,1.1,6.0,1.2,2.6,0.6,31.2,0.3,2.3,0.6,16.6,1.7,3.2,0.8,5.5,1.3,2.6,0.1,0.4071,0.4901,0.5455,0.4348,0.581,2.4585,0.4941,0.6759,0.4111,0.664,0.4822,0.3913,2.6245,0.6126,0.2806,0.2806,0.2806,0.5494,0.668,0.4545,0.6324,0.6166,2.9209,0.7115,8.2845,0.585,0,0,0,0,0,0,0,0,0,0,0,0,0,0,0,0,0,0,0,0,0,32332,1968,238,2162,146,7910,0,216,40,67,33,0,31,801,157,113,108,14.7,1.7,6.0,0.4,21.9,0.0,0.6,0.1,0.2,0.1,0.0,0.1,2.2,0.4,0.3,0.3
48,Texas,TX,48219,Hockley County,48219,"Hockley County, Texas",908.391427562226,21495,0,9184,51,7922,228,5612,613,539,133,1609,238,2789,335,4265,549,3232,70,5728,25,3344,270,682,163,841,236,11918,69,223,101,1453,229,269,101,466,139,622,23,27.0,3.0,5.3,1.3,20.3,2.9,20.5,2.5,20.0,2.6,15.0,0.3,26.6,0.1,15.7,1.3,8.6,2.0,4.2,1.2,55.4,0.3,2.4,1.1,15.8,2.5,3.4,1.3,5.9,1.7,2.9,0.1,0.6008,0.6245,0.4071,0.747,0.747,3.1264,0.7352,0.3162,0.7866,0.5217,0.8063,0.668,3.0988,0.8617,0.6877,0.6877,0.6877,0.5613,0.6403,0.4941,0.7036,0.6403,3.0396,0.7787,9.9525,0.8221,0,0,0,0,0,0,0,0,0,0,0,0,0,0,0,0,0,0,0,0,0,22882,1468,185,569,53,10794,0,86,24,79,21,0,28,373,96,17,25,18.5,2.2,2.6,0.2,50.2,0.0,0.4,0.1,0.4,0.1,0.0,0.2,1.7,0.4,0.1,0.1
48,Texas,TX,48221,Hood County,48221,"Hood County, Texas",420.732710006728,62459,0,28396,54,24734,556,9463,1050,1639,580,5734,662,3465,468,8897,967,15761,97,12922,0,7965,724,858,236,1105,383,10985,212,1451,337,4937,525,821,275,628,185,875,19,15.4,1.7,5.8,2.0,23.2,2.6,7.6,1.0,14.4,1.6,25.2,0.2,20.7,0.0,12.9,1.2,3.5,1.0,1.9,0.6,17.6,0.3,5.1,1.2,17.4,1.9,3.3,1.1,2.5,0.7,1.4,0.0,0.0988,0.7075,0.668,0.0553,0.2609,1.7905,0.2332,0.8775,0.1937,0.2609,0.1344,0.2688,1.7353,0.0949,0.0632,0.0632,0.0632,0.7668,0.6917,0.4822,0.1265,0.3874,2.4546,0.4743,6.0436,0.1581,0,0,0,0,0,0,0,0,0,0,0,0,0,0,0,0,0,0,0,0,0,54034,2407,402,607,173,8186,0,489,73,180,135,24,32,1401,274,98,129,9.7,1.6,1.0,0.3,13.1,0.0,0.8,0.1,0.3,0.2,0.0,0.1,2.2,0.4,0.2,0.2
48,Texas,TX,48223,Hopkins County,48223,"Hopkins County, Texas",767.430705530338,37008,0,15698,33,13781,261,8722,1047,855,202,3102,374,3767,414,6850,789,6781,117,8969,35,5218,428,699,159,1021,266,10433,90,593,195,2022,272,480,141,560,150,502,8,24.0,2.9,4.8,1.1,22.5,2.7,15.1,1.7,18.8,2.2,18.3,0.3,24.2,0.1,14.3,1.2,5.0,1.1,2.9,0.8,28.2,0.2,3.8,1.2,12.9,1.7,3.5,1.0,4.1,1.1,1.4,0.0,0.4427,0.5494,0.5889,0.4862,0.664,2.7312,0.6008,0.5375,0.5771,0.3794,0.332,0.4664,2.2924,0.3794,0.2372,0.2372,0.2372,0.6917,0.4506,0.5099,0.4111,0.3874,2.4507,0.4704,7.7115,0.4664,0,0,0,0,0,0,0,0,0,0,0,0,0,0,0,0,0,0,0,0,0,33477,1905,234,2709,121,6605,0,281,76,129,55,28,32,566,142,115,85,13.8,1.7,7.3,0.3,17.8,0.0,0.8,0.2,0.3,0.1,0.1,0.1,1.5,0.4,0.3,0.2
48,Texas,TX,48225,Houston County,48225,"Houston County, Texas",1231.000862164412,22107,0,10840,36,7464,237,6334,771,368,162,1991,301,2874,305,3127,448,4890,64,4358,0,4294,500,422,160,279,145,8844,97,258,128,2218,266,178,93,581,182,3030,62,33.1,4.0,4.5,1.9,26.7,3.9,17.6,1.9,16.3,2.3,22.1,0.3,19.7,0.0,22.4,2.6,5.7,2.1,1.3,100.0,40.0,0.4,2.4,1.2,20.5,2.4,2.3,1.2,7.8,2.4,13.7,0.3,0.834,0.4901,0.8775,0.6166,0.415,3.2332,0.751,0.7589,0.1423,0.917,0.4308,0.1383,2.3873,0.4506,0.4506,0.4506,0.4506,0.5613,0.8221,0.2332,0.8735,0.9289,3.419,0.9091,9.4901,0.7787,0,0,0,0,0,0,0,0,1,0,0,1,0,0,0,0,0,0,1,1,2,18926,1872,278,5258,197,2713,0,76,49,78,87,10,18,698,181,11,18,25.1,3.6,23.8,0.9,12.3,0.0,0.3,0.2,0.4,0.4,0.0,0.1,3.2,0.8,0.0,0.1
48,Texas,TX,48227,Howard County,48227,"Howard County, Texas",900.791079190586,34488,0,13974,148,12010,300,7543,804,779,244,2398,376,4524,475,5112,685,4382,72,7514,48,4999,531,991,256,1888,400,18632,126,1366,266,1023,202,368,136,621,157,4057,316,24.7,2.6,5.2,1.6,20.0,3.1,19.0,2.0,16.6,2.2,12.7,0.2,21.8,0.1,16.2,1.7,8.3,2.1,5.8,1.2,54.0,0.4,9.7,1.9,7.3,1.4,3.0,1.1,5.2,1.3,11.8,0.9,0.4625,0.6008,0.3874,0.6877,0.4625,2.6009,0.5494,0.1621,0.2846,0.5692,0.7628,0.7826,2.5613,0.5692,0.6798,0.6798,0.6798,0.8814,0.166,0.3834,0.5929,0.913,2.9367,0.7233,8.7787,0.6482,0,0,0,0,0,0,0,0,0,0,0,0,0,0,0,0,0,0,1,1,1,35494,1836,299,1894,149,15398,0,365,40,130,74,0,31,799,185,46,52,15.3,2.4,5.5,0.4,44.6,0.0,1.1,0.1,0.4,0.2,0.0,0.1,2.3,0.5,0.1,0.2
48,Texas,TX,48229,Hudspeth County,48229,"Hudspeth County, Texas",4570.547754230604,3329,0,1143,17,890,55,1064,294,86,75,197,83,1011,120,707,175,367,43,566,59,787,198,122,66,1028,222,2784,75,0,21,519,101,53,52,73,42,897,25,43.7,12.1,8.2,7.2,22.1,9.2,45.1,5.9,29.0,7.2,11.0,1.3,17.0,1.8,32.3,8.1,13.7,7.4,32.1,6.9,83.6,2.3,0.0,1.8,45.4,8.9,6.0,5.8,8.2,4.8,26.9,0.8,0.9684,0.9051,0.5455,0.996,0.9763,4.3913,0.9644,0.0593,0.0356,0.996,0.9723,0.996,3.0592,0.8538,0.9289,0.9289,0.9289,0.0,1.0,0.8261,0.9012,0.9921,3.7194,0.9565,12.0988,0.9881,1,1,0,1,1,4,0,0,1,1,1,3,1,1,0,1,0,1,1,3,11,2725,228,79,24,33,2651,0,34,53,0,15,0,15,75,58,0,15,25.6,8.9,0.7,1.0,79.6,0.0,1.0,1.6,0.0,1.5,0.0,1.5,2.3,1.7,0.0,1.5
48,Texas,TX,48231,Hunt County,48231,"Hunt County, Texas",840.415424890904,101596,0,41050,64,36560,598,22437,1919,2858,449,9589,767,8268,831,16475,1539,16142,62,24185,0,15498,894,2084,376,2167,460,31796,241,2478,463,6758,532,1917,423,1756,332,3027,118,22.7,1.9,5.8,0.9,26.2,2.1,12.3,1.2,16.3,1.5,15.9,0.1,23.8,0.0,15.4,0.9,5.7,1.0,2.3,0.5,31.3,0.2,6.0,1.1,16.5,1.3,5.2,1.2,4.8,0.9,3.0,0.1,0.3715,0.7075,0.8656,0.2688,0.415,2.6284,0.5573,0.3874,0.5138,0.4822,0.4308,0.3478,2.162,0.2806,0.2885,0.2885,0.2885,0.8103,0.6561,0.7708,0.5296,0.6601,3.4269,0.913,8.5058,0.6166,0,0,0,0,0,0,0,0,0,0,0,0,0,0,0,0,0,0,0,0,0,86650,5250,585,7693,427,18869,0,1153,182,453,161,12,20,3523,539,93,72,14.4,1.5,7.6,0.4,18.6,0.0,1.1,0.2,0.4,0.2,0.0,0.1,3.5,0.5,0.1,0.1
48,Texas,TX,48233,Hutchinson County,48233,"Hutchinson County, Texas",887.424025247036,20595,0,10190,43,6711,259,3613,593,413,186,1050,197,1908,324,3200,445,3534,112,5159,48,3389,396,294,113,254,162,6516,134,192,68,860,181,43,37,281,106,192,21,17.7,2.9,4.3,1.9,15.6,2.9,14.1,2.4,15.6,2.2,17.2,0.5,25.0,0.2,16.6,1.9,4.4,1.7,1.3,0.8,31.6,0.7,1.9,0.7,8.4,1.8,0.6,0.6,4.2,1.6,0.9,0.1,0.17,0.4466,0.1383,0.4071,0.3557,1.5177,0.1621,0.4822,0.6403,0.6166,0.2372,0.1383,2.1146,0.2569,0.3004,0.3004,0.3004,0.4783,0.2372,0.0474,0.4427,0.1818,1.3874,0.087,5.3201,0.1028,0,0,0,0,0,0,0,0,0,0,0,0,0,0,0,0,0,0,0,0,0,21381,1069,154,476,140,5045,0,133,24,187,50,67,85,549,154,59,52,15.9,2.2,2.3,0.7,24.5,0.0,0.6,0.1,0.9,0.2,0.3,0.4,2.7,0.7,0.3,0.3
48,Texas,TX,48235,Irion County,48235,"Irion County, Texas",1051.54338964149,1561,155,827,63,647,69,182,84,9,13,150,59,126,60,345,80,303,61,401,75,201,61,27,35,5,58,433,207,0,21,161,63,32,36,4,5,0,15,11.7,5.3,1.3,1.8,23.2,8.8,11.2,5.3,22.2,5.9,19.4,4.1,25.7,3.4,13.0,3.9,4.2,5.4,0.3,3.8,27.7,13.0,0.0,2.5,19.5,7.3,4.9,5.5,0.6,0.8,0.0,1.0,0.0435,0.0514,0.668,0.2055,0.8538,1.8222,0.249,0.6047,0.7154,0.2806,0.2213,0.0395,1.8615,0.1265,0.2253,0.2253,0.2253,0.0,0.7708,0.7233,0.0237,0.0,1.5178,0.1265,5.4268,0.1186,0,0,0,0,0,0,0,0,0,0,0,0,0,0,0,0,0,0,0,0,0,1520,183,64,0,15,433,77,0,15,0,15,0,15,0,15,0,15,28.3,9.9,0.0,3.1,27.7,4.4,0.0,3.1,0.0,3.1,0.0,3.1,0.0,3.1,0.0,3.1
48,Texas,TX,48237,Jack County,48237,"Jack County, Texas",910.971248770544,8588,0,3816,23,2997,137,2145,427,276,82,678,158,1189,182,1409,267,1488,38,1879,68,1043,159,246,113,216,119,2069,21,26,29,678,124,122,63,325,107,1029,35,28.4,5.6,8.2,2.4,22.6,5.2,20.4,3.1,18.6,3.5,17.3,0.4,21.9,0.8,13.8,2.1,8.2,3.8,2.6,1.5,24.1,0.2,0.7,0.8,17.8,3.2,4.0,2.1,10.8,3.5,12.0,0.4,0.6601,0.9051,0.6047,0.7431,0.6364,3.5494,0.8656,0.4941,0.2925,0.3439,0.751,0.3913,2.2728,0.3597,0.1423,0.1423,0.1423,0.249,0.6996,0.5968,0.9723,0.9209,3.4386,0.917,9.4031,0.7628,0,1,0,0,0,1,0,0,0,0,0,0,0,0,0,0,0,1,1,2,3,7835,500,120,330,101,1537,0,60,84,0,21,0,21,142,71,0,21,16.7,3.9,3.8,1.2,17.9,0.0,0.7,1.0,0.0,0.6,0.0,0.6,1.7,0.8,0.0,0.6
48,Texas,TX,48239,Jackson County,48239,"Jackson County, Texas",829.442344660686,15010,0,7003,37,5235,260,3428,697,347,159,986,227,1953,329,2266,363,2893,85,3783,0,2221,396,244,129,457,172,6395,10,86,62,1172,236,219,106,352,143,215,9,23.2,4.7,5.5,2.5,18.8,4.2,19.4,3.3,15.3,2.5,19.3,0.6,25.2,0.0,15.0,2.7,4.7,2.5,3.3,1.2,42.6,0.1,1.2,0.9,16.7,3.4,4.2,2.0,6.7,2.7,1.4,0.1,0.3913,0.6561,0.3043,0.7036,0.3241,2.3794,0.4704,0.5968,0.6601,0.4348,0.2806,0.5336,2.5059,0.5217,0.4901,0.4901,0.4901,0.3478,0.6719,0.6561,0.7945,0.3874,2.8577,0.6601,8.2331,0.5692,0,0,0,0,0,0,0,0,0,0,0,0,0,0,0,0,0,0,0,0,0,14527,831,210,849,171,5071,0,80,77,25,33,0,23,370,155,0,23,15.9,4.0,5.7,1.1,33.8,0.0,0.5,0.5,0.2,0.2,0.0,0.3,2.5,1.0,0.0,0.3
48,Texas,TX,48241,Jasper County,48241,"Jasper County, Texas",938.654641320618,33032,0,16417,50,13142,445,10798,1291,1770,412,2580,447,2901,489,6440,851,6771,207,7758,61,4464,482,722,223,217,195,8674,173,265,129,4796,521,559,217,775,219,950,20,33.8,4.0,12.5,2.8,19.6,3.3,12.7,2.2,20.1,2.7,20.5,0.6,23.5,0.2,13.9,1.5,5.5,1.7,0.7,0.6,26.3,0.5,1.7,0.8,29.2,3.2,4.3,1.6,5.9,1.7,2.9,0.1,0.8419,0.9921,0.3518,0.3083,0.7589,3.253,0.7628,0.6759,0.4704,0.3518,0.4071,0.0632,1.9684,0.166,0.1818,0.1818,0.1818,0.4387,0.9565,0.664,0.7036,0.6403,3.4031,0.9012,8.8063,0.6561,0,1,0,0,0,1,0,0,0,0,0,0,0,0,0,1,0,0,0,1,2,30121,1971,387,5034,319,2342,0,130,72,2,3,8,21,1106,365,52,68,15.0,3.0,15.2,1.0,7.1,0.0,0.4,0.2,0.0,0.1,0.0,0.1,3.3,1.1,0.2,0.2
48,Texas,TX,48243,Jeff Davis County,48243,"Jeff Davis County, Texas",2264.554731822378,1992,0,1810,140,1095,138,643,266,0,15,131,82,233,169,335,154,831,193,291,104,296,154,0,21,132,174,436,197,0,21,259,104,72,74,30,45,41,7,33.0,13.6,0.0,6.5,12.0,7.3,14.3,10.2,17.2,7.9,41.7,9.7,14.6,5.2,15.2,7.9,0.0,1.9,7.1,9.4,21.9,9.9,0.0,1.2,14.3,5.8,6.6,6.7,2.7,4.1,2.1,0.4,0.83,0.0,0.0632,0.4269,0.5138,1.8339,0.2569,1.0,0.0119,0.4545,0.0,0.8419,2.3083,0.4032,0.1028,0.1028,0.1028,0.0,0.5257,0.8775,0.1621,0.5494,2.1147,0.3123,6.3597,0.2016,0,0,0,0,0,0,1,0,0,0,0,1,0,0,0,0,0,0,0,0,1,1981,278,174,26,20,393,191,0,15,0,15,0,15,17,20,0,15,25.4,13.7,1.3,1.0,19.7,9.6,0.0,2.5,0.0,2.5,0.0,2.5,0.9,1.0,0.0,2.5
48,Texas,TX,48245,Jefferson County,48245,"Jefferson County, Texas",876.734211837934,254942,0,108761,141,93193,942,69784,2810,5958,766,24839,1517,25924,1133,50111,2258,38008,54,62041,7,36383,1450,9322,752,11532,1075,157070,239,10364,951,3942,605,3007,554,6914,652,15490,205,29.2,1.2,5.4,0.7,26.7,1.6,15.2,0.7,20.8,0.9,14.9,0.1,24.3,0.1,15.1,0.6,10.1,0.8,4.8,0.5,61.6,0.1,9.5,0.9,3.6,0.6,3.2,0.6,7.4,0.7,6.1,0.1,0.6877,0.6403,0.8775,0.4941,0.7905,3.4901,0.8419,0.3043,0.5889,0.4387,0.8775,0.7075,2.9169,0.7787,0.7787,0.7787,0.7787,0.8735,0.0474,0.4545,0.8538,0.7866,3.0158,0.7549,10.2015,0.8617,0,0,0,0,0,0,0,0,0,0,0,0,0,0,0,0,0,0,0,0,0,287549,12314,814,84252,772,57572,0,9634,342,359,137,136,56,4830,850,287,192,13.2,0.9,33.0,0.3,22.6,0.0,3.8,0.1,0.1,0.1,0.1,0.1,1.9,0.3,0.1,0.1
48,Texas,TX,48247,Jim Hogg County,48247,"Jim Hogg County, Texas",1136.172598216358,4830,0,2094,234,1342,223,2283,576,99,87,278,117,522,165,1299,384,408,128,1559,211,645,213,48,47,35,63,4348,172,0,21,179,83,181,104,66,67,44,3,48.5,12.2,4.5,4.0,20.7,8.0,21.4,6.3,27.1,8.0,8.4,2.6,32.3,4.4,13.5,4.4,3.6,3.5,0.9,1.5,90.0,3.6,0.0,1.0,8.5,4.0,13.4,7.4,4.9,4.9,0.9,0.1,0.9802,0.4901,0.4427,0.7708,0.9565,3.6403,0.8854,0.0,0.9684,0.3202,0.1502,0.087,1.5258,0.0435,0.9526,0.9526,0.9526,0.0,0.2411,0.996,0.5534,0.1818,1.9723,0.2648,8.091,0.5375,1,0,0,0,1,2,0,1,0,0,0,1,1,1,0,0,1,0,0,1,5,5026,442,220,4,17,4334,174,10,17,0,15,0,15,0,15,0,15,32.9,12.6,0.1,0.3,89.7,3.6,0.2,0.4,0.0,1.0,0.0,1.0,0.0,1.0,0.0,1.0
48,Texas,TX,48249,Jim Wells County,48249,"Jim Wells County, Texas",865.175575492148,39060,0,16186,485,12914,696,13347,1559,827,263,3033,511,5404,640,7834,982,6176,142,10548,53,6703,682,1463,403,1266,460,32131,31,101,63,2001,359,766,332,979,327,402,14,34.6,4.0,5.2,1.6,23.5,3.7,21.7,2.6,20.2,2.5,15.8,0.4,27.0,0.1,17.3,1.8,11.3,3.1,3.5,1.3,82.3,0.1,0.6,0.4,12.4,2.2,5.9,2.6,7.6,2.4,1.0,0.0,0.8696,0.6008,0.6996,0.7826,0.7628,3.7154,0.913,0.3755,0.8142,0.6601,0.9249,0.5771,3.3518,0.9289,0.9249,0.9249,0.9249,0.2213,0.419,0.8182,0.8577,0.2213,2.5375,0.5178,10.5296,0.9012,0,0,0,0,0,0,0,0,0,1,0,1,1,1,0,0,0,0,0,0,2,38969,4021,639,216,116,31371,0,167,109,64,84,80,114,233,171,0,31,31.1,4.5,0.6,0.3,80.3,0.0,0.4,0.3,0.2,0.2,0.2,0.3,0.6,0.4,0.0,0.1
48,Texas,TX,48251,Johnson County,48251,"Johnson County, Texas",725.048804050406,182690,0,66715,62,62297,590,32275,2809,3124,491,13883,1010,16263,1023,29641,1813,25532,166,46951,88,19490,1215,3991,481,5183,780,58238,293,2515,367,12220,703,3066,554,1497,319,2883,72,18.0,1.6,3.5,0.5,22.3,1.6,13.6,0.9,16.5,1.0,14.0,0.1,25.7,0.1,10.8,0.7,6.4,0.8,3.0,0.5,31.9,0.2,3.8,0.6,18.3,1.1,4.9,0.9,2.4,0.5,1.6,0.0,0.1779,0.2964,0.5771,0.3636,0.4545,1.8695,0.2727,0.2451,0.7154,0.1265,0.5178,0.4862,2.091,0.2411,0.3043,0.3043,0.3043,0.6917,0.7312,0.7233,0.1028,0.4427,2.6917,0.5771,6.9565,0.3241,0,0,0,0,0,0,0,0,0,0,0,0,0,0,0,0,0,0,0,0,0,159626,6099,710,7881,365,43088,0,1652,255,361,154,70,129,4928,493,258,205,9.8,1.1,4.3,0.2,23.6,0.0,0.9,0.1,0.2,0.1,0.0,0.1,2.7,0.3,0.1,0.1
48,Texas,TX,48253,Jones County,48253,"Jones County, Texas",928.60495684207,19758,0,7052,91,5917,221,3541,632,311,165,1157,242,2813,319,2620,470,3092,98,3226,88,2364,263,295,127,356,145,8471,62,90,72,950,199,63,45,214,83,6221,168,26.1,4.7,4.7,2.5,19.6,4.0,19.2,2.1,19.3,3.5,15.6,0.5,16.3,0.4,17.4,1.9,5.0,2.1,1.9,0.8,42.9,0.3,1.3,1.0,13.5,2.8,1.0,0.8,3.6,1.4,31.5,0.9,0.5296,0.5217,0.3518,0.6957,0.7036,2.8024,0.6206,0.3597,0.0277,0.664,0.332,0.2688,1.6522,0.0672,0.498,0.498,0.498,0.3518,0.4743,0.087,0.3399,1.0,2.253,0.3715,7.2056,0.3597,0,0,0,0,0,0,0,0,0,0,0,0,0,0,0,0,0,0,1,1,1,16449,972,175,2074,168,5603,0,70,45,15,19,0,23,696,185,13,15,16.4,3.0,10.5,0.9,28.4,0.0,0.4,0.2,0.1,0.1,0.0,0.3,3.5,0.9,0.1,0.1
48,Texas,TX,48255,Karnes County,48255,"Karnes County, Texas",747.752036401258,14805,0,5842,50,4359,299,3328,512,273,171,801,201,2477,293,1842,298,2136,118,3048,113,1525,266,418,181,886,263,9956,83,207,107,804,133,340,128,382,150,3687,125,29.7,4.6,5.3,3.3,18.4,4.4,23.9,2.7,16.3,2.6,14.4,0.8,20.6,0.8,13.5,2.3,9.6,4.1,6.3,1.9,67.2,0.6,3.6,1.8,13.8,2.3,7.8,2.9,8.8,3.4,24.9,0.8,0.7115,0.6245,0.2688,0.834,0.415,2.8538,0.6561,0.2727,0.1858,0.3202,0.8656,0.7984,2.4427,0.4822,0.8221,0.8221,0.8221,0.6719,0.4901,0.917,0.9289,0.9842,3.9921,1.0,10.1107,0.8419,0,0,0,0,0,0,0,0,0,0,0,0,0,0,0,0,1,1,1,3,3,14749,995,196,931,150,8318,0,161,141,25,36,4,8,517,180,0,23,22.8,4.2,6.3,1.0,56.2,0.0,1.1,1.0,0.2,0.2,0.0,0.1,3.5,1.2,0.0,0.3
48,Texas,TX,48257,Kaufman County,48257,"Kaufman County, Texas",780.78463818352,149773,0,51145,52,47899,469,27208,2307,3778,575,12155,1068,12948,979,20158,1498,16788,48,42087,0,16217,1116,4496,622,2641,466,66381,226,2089,408,6538,594,2274,438,1542,280,1449,29,18.4,1.6,4.9,0.7,25.4,2.2,13.7,1.0,13.6,1.0,11.2,0.1,28.1,0.0,10.9,0.8,9.4,1.3,1.9,0.3,44.3,0.2,4.1,0.8,12.8,1.2,4.8,0.9,3.2,0.6,1.0,0.0,0.2016,0.5692,0.8142,0.3755,0.1976,2.1581,0.3834,0.0672,0.8696,0.1344,0.8538,0.2688,2.1938,0.3241,0.5415,0.5415,0.5415,0.7036,0.4427,0.7115,0.2451,0.2213,2.3242,0.4032,7.2176,0.3636,0,0,0,0,0,0,0,0,0,0,0,0,0,0,0,0,0,0,0,0,0,119074,5677,543,22510,668,37072,0,2232,243,346,152,53,62,3938,727,230,122,11.9,1.1,15.0,0.4,24.8,0.0,1.5,0.2,0.2,0.1,0.0,0.1,2.6,0.5,0.2,0.1
48,Texas,TX,48259,Kendall County,48259,"Kendall County, Texas",662.453584488424,45376,0,18342,40,16763,396,5138,1060,1087,354,3178,509,2373,449,5383,1136,8897,80,10285,13,5174,566,678,214,1482,660,13523,119,1357,318,1068,281,452,260,438,184,568,13,11.5,2.4,4.8,1.6,19.0,3.0,7.5,1.4,12.0,2.5,19.6,0.2,22.7,0.1,11.5,1.3,4.0,1.3,3.4,1.5,29.8,0.3,7.4,1.7,5.8,1.5,2.7,1.5,2.6,1.1,1.3,0.0,0.0356,0.5494,0.332,0.0514,0.1107,1.0791,0.0632,0.6087,0.3715,0.1621,0.1976,0.5494,1.8893,0.1383,0.2688,0.2688,0.2688,0.8498,0.1146,0.2964,0.1542,0.3597,1.7747,0.1897,5.0119,0.0672,0,0,0,0,0,0,0,0,0,0,0,0,0,0,0,0,0,0,0,0,0,42375,1273,308,316,229,11365,0,516,252,95,79,67,75,1111,289,53,48,7.6,1.8,0.7,0.5,25.0,0.0,1.1,0.6,0.2,0.2,0.1,0.2,2.4,0.6,0.1,0.1
48,Texas,TX,48261,Kenedy County,48261,"Kenedy County, Texas",1458.561248497986,116,95,93,45,38,32,60,77,0,15,0,30,58,48,21,33,42,39,28,45,29,27,0,21,32,60,114,95,0,21,8,9,0,21,0,15,5,4,51.7,51.1,0.0,54.2,0.0,78.9,66.7,24.6,18.1,18.6,36.2,33.2,24.1,25.1,25.0,26.0,0.0,55.3,36.4,63.3,98.3,15.0,0.0,22.6,8.6,9.3,0.0,55.3,0.0,59.7,4.3,4.9,0.996,0.0,0.0,1.0,0.5968,2.5928,0.5415,0.9881,0.5573,0.9684,0.0,1.0,3.5138,0.9605,1.0,1.0,1.0,0.0,0.2451,0.0,0.0,0.7391,0.9842,0.0316,8.0908,0.5336,1,0,0,1,0,2,1,0,1,0,1,3,1,1,0,0,0,0,0,0,6,640,18,18,0,15,112,95,1,3,1,3,0,15,0,15,0,15,47.4,34.6,0.0,33.4,96.6,3.4,0.9,2.3,0.9,2.5,0.0,33.4,0.0,33.4,0.0,33.4
48,Texas,TX,48263,Kent County,48263,"Kent County, Texas",902.506487133162,635,119,475,80,246,65,53,28,11,15,29,19,52,39,24,19,237,78,152,53,116,60,4,16,2,58,110,164,0,21,69,47,0,21,7,10,63,4,9.2,4.5,5.4,6.7,11.8,7.1,11.5,8.0,4.2,3.5,37.3,10.9,23.9,7.0,20.1,9.4,1.6,6.5,0.3,9.4,17.3,25.6,0.0,4.4,14.5,8.9,0.0,8.5,2.8,4.2,9.9,2.0,0.0158,0.6403,0.0593,0.2292,0.0079,0.9525,0.0356,0.996,0.5336,0.8458,0.0356,0.0395,2.4505,0.4901,0.0593,0.0593,0.0593,0.0,0.5494,0.0,0.1739,0.8893,1.6126,0.1462,5.0749,0.0751,0,0,0,0,0,0,1,0,0,0,0,1,0,0,0,0,0,0,0,0,1,555,18,14,6,12,86,58,0,15,0,15,0,15,18,16,0,15,7.3,5.9,0.9,1.8,13.5,8.6,0.0,7.6,0.0,7.6,0.0,7.6,2.8,2.5,0.0,7.6
48,Texas,TX,48265,Kerr County,48265,"Kerr County, Texas",1103.331871367404,52810,0,25246,54,22024,464,11656,1174,815,251,5575,624,3968,630,9383,881,14760,101,9846,124,8321,785,905,222,814,296,17816,270,1075,254,4519,489,646,300,977,288,1946,66,22.9,2.3,3.3,1.0,25.3,2.8,10.3,1.6,18.1,1.7,27.9,0.2,18.6,0.2,16.1,1.5,4.1,1.0,1.6,0.6,33.7,0.5,4.3,1.0,17.9,1.9,2.9,1.4,4.4,1.3,3.7,0.1,0.3794,0.2648,0.8063,0.1502,0.5968,2.1975,0.3953,0.9249,0.087,0.5494,0.2055,0.1897,1.9565,0.1621,0.3241,0.3241,0.3241,0.7194,0.7036,0.3399,0.4743,0.6957,2.9329,0.7194,7.411,0.4071,0,0,0,0,0,0,1,0,0,0,0,1,0,0,0,0,0,0,0,0,1,51853,2259,360,846,115,14874,0,410,153,50,42,12,22,1387,302,237,132,10.3,1.6,1.6,0.2,28.2,0.0,0.8,0.3,0.1,0.1,0.0,0.1,2.6,0.6,0.4,0.3
48,Texas,TX,48267,Kimble County,48267,"Kimble County, Texas",1250.979761119876,4316,0,2694,139,1715,179,1188,308,16,17,306,100,468,118,766,166,1209,136,830,124,805,182,16,28,53,67,1250,152,38,31,493,126,41,39,72,42,35,40,27.9,7.2,0.8,0.8,17.8,5.5,14.7,3.7,17.9,3.9,28.0,3.1,19.2,2.9,18.8,4.3,0.9,1.6,1.3,1.6,29.0,3.5,1.5,1.1,18.3,4.7,2.3,2.3,4.2,2.4,0.8,0.9,0.6443,0.0356,0.2372,0.4506,0.581,1.9487,0.2964,0.9328,0.1107,0.7391,0.0237,0.1383,1.9446,0.1581,0.249,0.249,0.249,0.4111,0.7312,0.2332,0.4427,0.1462,1.9644,0.2609,6.1067,0.1739,0,0,0,0,0,0,1,0,0,0,0,1,0,0,0,0,0,0,0,0,1,3704,314,87,62,62,1135,151,0,15,0,15,0,15,53,48,0,15,18.3,4.9,1.4,1.4,26.3,3.5,0.0,1.1,0.0,1.1,0.0,1.1,1.2,1.1,0.0,1.1
48,Texas,TX,48269,King County,48269,"King County, Texas",910.872752992038,216,72,144,31,80,30,87,61,4,8,4,22,34,25,23,28,28,20,51,27,27,22,13,18,15,61,80,95,0,21,30,20,0,21,0,15,0,15,40.3,24.8,4.5,8.1,5.0,27.4,21.3,13.7,10.6,10.8,13.0,9.3,23.6,8.9,12.5,9.7,16.3,21.7,7.4,30.1,37.0,42.2,0.0,14.6,20.8,12.5,0.0,26.3,0.0,41.1,0.0,6.9,0.9328,0.4901,0.0158,0.7668,0.0593,2.2648,0.4269,0.1818,0.4822,0.2411,0.9921,0.8498,2.747,0.6838,0.3715,0.3715,0.3715,0.0,0.83,0.0,0.0,0.0,0.83,0.0119,6.2133,0.1897,1,0,0,0,0,1,0,0,0,1,0,1,0,0,0,0,0,0,0,0,2,340,0,15,0,15,71,48,0,15,0,15,0,15,9,14,0,15,0.0,41.1,0.0,20.5,32.9,18.7,0.0,20.5,0.0,20.5,0.0,20.5,4.2,6.6,0.0,20.5
48,Texas,TX,48271,Kinney County,48271,"Kinney County, Texas",1360.532810169398,3157,0,1473,145,1105,153,888,308,26,28,127,81,390,140,400,185,759,185,371,173,1000,331,60,59,191,156,2045,218,25,41,206,103,0,21,34,44,221,8,30.2,10.5,1.9,2.3,11.5,7.2,15.4,6.0,13.6,6.3,24.0,5.9,11.8,5.5,34.0,11.3,5.4,5.3,6.3,5.2,64.8,6.9,1.7,2.8,14.0,7.2,0.0,1.9,3.1,3.8,7.0,0.3,0.7391,0.0988,0.0514,0.502,0.1976,1.5889,0.1739,0.8577,0.0,1.0,0.3913,0.7984,3.0474,0.8458,0.8142,0.8142,0.8142,0.4387,0.498,0.0,0.2292,0.8221,1.988,0.2688,7.4385,0.415,0,0,0,0,0,0,0,0,1,0,0,1,0,0,0,0,0,0,0,0,1,3095,369,157,0,15,2032,216,0,15,0,15,0,15,13,21,0,15,33.4,12.1,0.0,1.6,64.4,6.9,0.0,1.6,0.0,1.6,0.0,1.6,0.4,0.7,0.0,1.6
48,Texas,TX,48273,Kleberg County,48273,"Kleberg County, Texas",881.305785773288,30860,0,13921,38,11915,435,10922,1247,1057,346,3873,671,3033,449,5240,680,4052,81,7514,176,4303,581,1255,254,659,270,24749,32,1479,401,943,307,993,288,721,255,1732,65,37.6,4.3,7.5,2.4,32.5,5.5,17.6,2.6,17.3,2.2,13.1,0.3,24.3,0.6,14.2,1.9,10.5,2.1,2.3,0.9,80.2,0.1,10.7,2.9,6.8,2.2,8.3,2.4,6.1,2.1,5.6,0.2,0.9012,0.8814,0.9881,0.6166,0.5375,3.9248,0.9368,0.1858,0.5889,0.3636,0.8972,0.3478,2.3833,0.4427,0.917,0.917,0.917,0.9051,0.1462,0.9328,0.7273,0.7787,3.4901,0.9328,10.7152,0.9249,1,0,1,0,0,2,0,0,0,0,0,0,1,1,1,0,1,0,0,2,5,33744,2160,342,886,195,22672,0,403,177,149,101,0,31,593,250,46,48,18.1,2.8,2.9,0.6,73.5,0.0,1.3,0.6,0.5,0.3,0.0,0.2,1.9,0.8,0.1,0.2
48,Texas,TX,48275,Knox County,48275,"Knox County, Texas",850.620780676526,3333,0,1815,15,1248,79,949,172,23,20,249,80,420,71,517,109,621,36,818,19,635,108,57,34,103,77,1461,8,48,58,69,33,17,15,43,22,133,14,29.6,5.4,1.6,1.4,20.0,6.3,18.2,3.0,16.1,3.4,18.6,1.1,24.5,0.6,19.8,3.4,4.6,2.7,3.2,2.4,43.8,0.2,2.6,3.2,3.8,1.8,1.3,1.2,3.4,1.8,4.0,0.4,0.7036,0.0791,0.3874,0.6522,0.3913,2.2136,0.4032,0.5692,0.6008,0.8182,0.2688,0.502,2.759,0.6996,0.5138,0.5138,0.5138,0.585,0.0593,0.1225,0.3043,0.7154,1.7865,0.1937,7.2729,0.3755,0,0,0,0,0,0,0,0,0,0,0,0,0,0,0,0,0,0,0,0,0,3072,211,54,158,72,1164,0,62,73,3,5,0,15,69,36,5,7,16.9,4.4,4.7,2.2,34.9,0.0,1.9,2.2,0.1,0.1,0.0,1.5,2.1,1.1,0.2,0.2
48,Texas,TX,48277,Lamar County,48277,"Lamar County, Texas",907.330682973892,50149,0,22688,101,20122,351,13307,1124,927,241,5147,517,4263,494,9455,900,9684,91,11948,50,9366,693,1791,337,572,200,13863,249,1095,254,1653,305,427,140,1419,253,743,14,26.9,2.3,3.9,1.0,25.6,2.5,12.5,1.5,19.0,1.8,19.3,0.2,23.8,0.1,18.9,1.4,8.9,1.7,1.2,0.4,27.6,0.5,4.9,1.1,7.3,1.3,2.1,0.7,7.1,1.2,1.5,0.0,0.5889,0.3597,0.83,0.2885,0.6838,2.7509,0.6087,0.5968,0.5138,0.7549,0.8182,0.1186,2.8023,0.7391,0.2213,0.2213,0.2213,0.7549,0.166,0.2055,0.8419,0.419,2.3873,0.4269,8.1618,0.5534,0,0,0,0,0,0,0,0,0,0,0,0,0,0,0,0,0,0,0,0,0,51452,4695,449,6328,385,4409,0,440,76,365,158,117,180,2164,465,40,41,23.3,2.2,12.6,0.8,8.8,0.0,0.9,0.2,0.7,0.3,0.2,0.4,4.3,0.9,0.1,0.1
48,Texas,TX,48279,Lamb County,48279,"Lamb County, Texas",1016.180922908078,13024,0,5899,23,4632,154,3909,547,158,72,779,167,1920,239,3251,370,2225,64,3574,11,2094,226,466,148,931,255,8143,40,33,27,581,150,242,82,229,100,198,5,30.5,4.3,2.8,1.3,16.8,3.6,23.3,2.9,25.4,2.9,17.1,0.5,27.4,0.1,16.3,1.8,10.1,3.2,7.7,2.1,62.5,0.3,0.6,0.5,9.8,2.5,5.2,1.8,4.9,2.1,1.5,0.0,0.751,0.1937,0.2055,0.8221,0.9328,2.9051,0.6759,0.4743,0.8379,0.581,0.8775,0.8577,3.6284,0.9802,0.7945,0.7945,0.7945,0.2213,0.3123,0.7708,0.5534,0.419,2.2768,0.3874,9.6048,0.7866,0,0,0,0,1,1,0,0,0,0,0,0,0,0,0,0,0,0,0,0,1,12316,1018,167,429,65,7416,0,54,4,17,17,34,51,188,62,5,8,22.0,3.4,3.3,0.5,56.9,0.0,0.4,0.1,0.1,0.1,0.3,0.4,1.4,0.5,0.0,0.1
48,Texas,TX,48281,Lampasas County,48281,"Lampasas County, Texas",712.528092640692,21829,0,9721,36,7934,310,4686,657,494,180,1947,269,1501,262,2929,410,4476,135,4642,152,4924,501,420,140,197,125,6454,111,154,101,1531,230,191,80,352,131,262,8,21.7,3.0,5.3,1.9,24.5,3.3,9.7,1.7,13.6,1.9,20.5,0.6,21.3,0.7,22.9,2.3,5.3,1.8,0.9,0.6,29.6,0.5,1.6,1.0,15.7,2.4,2.5,1.0,4.4,1.6,1.2,0.0,0.3241,0.6245,0.7589,0.1107,0.1976,2.0158,0.3399,0.6759,0.2411,0.9249,0.3755,0.087,2.3044,0.3992,0.2569,0.2569,0.2569,0.4229,0.6206,0.2648,0.4743,0.3162,2.0988,0.3043,6.6759,0.2806,0,0,0,0,0,0,0,0,1,0,0,1,0,0,0,0,0,0,0,0,1,17809,1031,181,874,149,4401,0,235,94,76,73,1,5,840,209,27,24,13.0,2.3,4.0,0.7,20.2,0.0,1.1,0.4,0.3,0.3,0.0,0.1,3.8,1.0,0.1,0.1
48,Texas,TX,48283,La Salle County,48283,"La Salle County, Texas",1486.703414008194,6965,95,2333,265,1688,244,2029,581,96,92,554,190,1685,360,1183,396,1205,231,1549,251,605,222,130,91,555,259,6367,181,9,27,552,198,122,81,43,33,961,65,33.8,9.7,4.2,4.1,32.8,10.2,37.6,6.8,19.7,6.6,17.3,3.3,22.2,3.6,10.1,3.7,7.7,5.3,8.2,3.8,91.4,2.3,0.4,1.2,23.7,7.9,7.3,4.7,2.5,2.1,13.8,0.9,0.8419,0.4308,0.9921,0.9802,0.7194,3.9644,0.9447,0.4941,0.3083,0.087,0.7115,0.8656,2.4665,0.502,0.9644,0.9644,0.9644,0.17,0.8854,0.9051,0.1265,0.9328,3.0198,0.7589,10.4151,0.8933,0,0,1,1,0,2,0,0,0,0,0,0,1,1,0,0,1,0,1,2,5,6473,449,179,232,103,6090,218,6,15,0,21,0,21,39,41,0,21,26.6,10.3,3.3,1.5,87.4,2.7,0.1,0.2,0.0,0.7,0.0,0.7,0.6,0.6,0.0,0.7
48,Texas,TX,48285,Lavaca County,48285,"Lavaca County, Texas",969.708782323296,20379,0,10468,31,8206,219,4344,649,288,109,1529,247,2063,256,2095,339,4837,107,4806,25,2877,323,397,128,280,136,5756,108,135,86,1507,238,287,89,293,103,450,5,21.9,3.3,3.0,1.1,18.6,3.0,14.7,1.8,10.5,1.7,23.7,0.5,23.6,0.1,14.4,1.6,4.8,1.6,1.5,0.7,28.2,0.5,1.3,0.8,14.4,2.3,3.5,1.1,3.6,1.2,2.2,0.0,0.336,0.2253,0.2806,0.4506,0.0514,1.3439,0.1186,0.834,0.4822,0.3953,0.2925,0.17,2.174,0.2964,0.2372,0.2372,0.2372,0.3518,0.5375,0.5099,0.3399,0.5692,2.3083,0.3913,6.0634,0.1621,0,0,0,0,0,0,0,0,0,0,0,0,0,0,0,0,0,0,0,0,0,16491,1625,206,1045,137,4067,0,100,32,0,28,0,28,544,160,0,28,19.8,2.4,5.1,0.7,20.0,0.0,0.5,0.2,0.0,0.2,0.0,0.2,2.7,0.8,0.0,0.2
48,Texas,TX,48287,Lee County,48287,"Lee County, Texas",629.039215473316,17543,0,7886,33,6313,301,4489,757,230,127,1451,351,1673,314,2363,530,3597,187,3763,0,2670,451,349,198,451,234,6674,242,163,130,1789,307,292,188,296,112,434,52,26.2,4.4,2.8,1.5,23.0,5.5,13.5,2.6,13.8,3.1,20.5,1.1,21.5,0.0,15.6,2.6,5.5,3.1,2.7,1.4,38.0,1.4,2.1,1.6,22.7,3.9,4.6,3.0,4.7,1.8,2.5,0.3,0.5415,0.1937,0.6443,0.3597,0.2174,1.9566,0.3004,0.6759,0.2609,0.5099,0.4071,0.4111,2.2649,0.3518,0.3992,0.3992,0.3992,0.5059,0.8577,0.6798,0.5059,0.6008,3.1501,0.8221,7.7708,0.4743,0,0,0,0,0,0,0,0,0,0,0,0,0,0,0,0,0,0,0,0,0,16168,1217,270,1832,178,4346,0,67,113,29,41,0,23,400,276,0,23,19.3,4.1,10.4,1.0,24.8,0.0,0.4,0.6,0.2,0.2,0.0,0.3,2.3,1.6,0.0,0.3
48,Texas,TX,48289,Leon County,48289,"Leon County, Texas",1073.15584677655,15928,0,8987,18,6397,335,3714,556,335,166,936,205,1730,275,2944,562,3760,83,3574,15,3563,449,327,149,360,141,4019,42,45,32,3500,332,239,96,120,53,89,5,23.4,3.5,5.1,2.5,14.6,3.1,15.4,2.4,18.6,3.5,23.6,0.5,22.4,0.1,22.5,2.8,5.1,2.3,2.4,0.9,25.2,0.3,0.5,0.4,38.9,3.7,3.8,1.5,1.9,0.9,0.6,0.0,0.4071,0.5889,0.1146,0.502,0.6364,2.249,0.4071,0.83,0.3399,0.9209,0.3597,0.3715,2.822,0.751,0.1621,0.1621,0.1621,0.1897,0.996,0.5731,0.0751,0.087,1.9209,0.2372,7.154,0.3518,0,0,0,0,0,0,0,0,1,0,0,1,0,0,0,1,0,0,0,1,2,15040,1367,232,1183,81,2493,0,21,21,29,42,0,23,287,95,6,9,21.4,3.7,7.4,0.5,15.7,0.0,0.1,0.1,0.2,0.3,0.0,0.3,1.8,0.6,0.0,0.1
48,Texas,TX,48291,Liberty County,48291,"Liberty County, Texas",1158.352896335022,93523,0,33616,61,28921,602,26178,2271,2514,604,7207,853,12697,838,21417,2133,11765,94,26111,183,14115,1112,1523,331,4896,827,40561,216,911,325,9796,783,1944,402,1330,332,6142,94,30.1,2.6,6.9,1.7,24.9,2.9,21.6,1.4,24.5,2.4,12.6,0.1,27.9,0.2,16.2,1.3,5.3,1.1,5.6,1.0,43.4,0.2,2.7,1.0,29.1,2.3,6.7,1.4,4.6,1.1,6.6,0.1,0.7312,0.8261,0.7905,0.7747,0.9051,4.0276,0.9565,0.1423,0.8617,0.5692,0.3755,0.7747,2.7234,0.668,0.5099,0.5099,0.5099,0.5929,0.9526,0.8854,0.4941,0.8063,3.7313,0.9605,10.9922,0.9486,0,0,0,0,1,1,0,0,0,0,0,0,0,0,0,1,0,0,0,1,2,80922,3548,495,7821,455,29709,0,415,153,175,143,21,27,2349,542,71,66,12.3,1.7,8.4,0.5,31.8,0.0,0.4,0.2,0.2,0.2,0.0,0.1,2.5,0.6,0.1,0.1
48,Texas,TX,48293,Limestone County,48293,"Limestone County, Texas",905.42972290436,22222,0,10420,36,8195,258,6717,681,302,98,1956,319,2392,359,4115,527,4576,98,4965,72,3602,350,718,179,588,174,9791,244,114,61,2013,236,390,158,323,116,928,23,31.4,3.2,3.6,1.1,23.9,3.8,15.4,2.3,19.1,2.5,20.6,0.4,22.3,0.3,16.8,1.6,8.8,2.2,2.8,0.8,44.1,1.1,1.1,0.6,19.3,2.3,4.7,1.9,3.9,1.4,4.2,0.1,0.7866,0.3123,0.7233,0.502,0.6917,3.0159,0.7194,0.6917,0.3241,0.6324,0.8103,0.4269,2.8854,0.7747,0.5257,0.5257,0.5257,0.3281,0.7668,0.6957,0.3794,0.7233,2.8933,0.6917,9.3203,0.751,0,0,0,0,0,0,0,0,0,0,0,0,0,0,0,0,0,0,0,0,0,22280,2468,284,3743,87,5093,0,233,6,80,46,33,43,563,247,46,49,30.1,3.4,16.8,0.4,22.9,0.0,1.0,0.1,0.4,0.2,0.1,0.2,2.5,1.1,0.2,0.2
48,Texas,TX,48295,Lipscomb County,48295,"Lipscomb County, Texas",932.21341207979,3038,0,1507,77,1135,82,668,140,86,40,140,47,279,73,595,121,507,83,889,64,457,75,136,44,224,97,1238,145,0,21,169,57,80,41,49,28,50,16,22.5,4.7,5.9,2.7,12.3,4.0,14.9,3.9,19.9,4.0,16.7,2.7,29.3,2.1,15.3,2.5,12.0,3.8,7.9,3.4,40.8,4.8,0.0,1.4,11.2,3.8,7.0,3.6,4.3,2.5,1.6,0.5,0.3636,0.7352,0.0672,0.4704,0.7352,2.3716,0.4625,0.4387,0.9012,0.4704,0.9368,0.8617,3.6088,0.9763,0.4664,0.4664,0.4664,0.0,0.3518,0.8972,0.4585,0.4427,2.1502,0.3241,8.597,0.6324,0,0,0,0,0,0,0,1,0,1,0,2,0,0,0,0,0,0,0,0,2,2874,151,56,12,18,1041,138,0,15,28,22,14,20,143,52,0,15,13.3,4.7,0.4,0.6,34.3,4.5,0.0,1.6,0.9,0.7,0.5,0.6,4.7,1.7,0.0,1.6
48,Texas,TX,48297,Live Oak County,48297,"Live Oak County, Texas",1039.694272158718,11374,0,5957,26,4153,230,3081,535,150,83,807,214,2032,233,1789,341,2418,105,2228,113,1613,260,219,100,372,144,5625,65,126,128,1173,224,187,102,285,131,1507,45,31.2,5.4,3.6,2.0,19.4,5.0,24.6,2.9,18.0,3.4,21.3,0.9,19.6,1.0,16.3,2.6,5.3,2.4,3.5,1.3,49.5,0.6,2.1,2.1,19.7,3.8,4.5,2.4,6.9,3.1,13.2,0.4,0.7747,0.3123,0.3478,0.8498,0.5929,2.8775,0.6601,0.7194,0.1304,0.581,0.3755,0.5771,2.3834,0.4466,0.6403,0.6403,0.6403,0.5059,0.7787,0.668,0.8261,0.9249,3.7036,0.9526,9.6048,0.7866,0,0,0,0,0,0,0,0,0,0,0,0,0,0,0,0,0,0,1,1,1,10157,1286,230,279,76,4634,0,263,231,0,23,82,122,367,233,0,23,31.0,5.1,2.5,0.7,40.7,0.0,2.3,2.0,0.0,0.4,0.7,1.1,3.2,2.0,0.0,0.4
48,Texas,TX,48299,Llano County,48299,"Llano County, Texas",934.064868467494,21637,0,15388,32,9612,412,4593,609,524,163,2354,344,1447,269,3176,532,8030,96,3449,117,4647,479,409,149,315,154,3388,81,525,191,1773,328,308,103,319,120,219,5,21.5,2.8,6.0,1.8,24.5,3.4,8.5,1.6,14.8,2.5,37.1,0.4,15.9,0.5,21.7,2.2,4.3,1.5,1.5,0.7,15.7,0.4,3.4,1.2,11.5,2.1,3.2,1.1,3.3,1.2,1.0,0.0,0.3083,0.7549,0.7589,0.0751,0.2806,2.1778,0.3874,0.9921,0.0237,0.9051,0.2292,0.17,2.3201,0.4111,0.0198,0.0198,0.0198,0.6443,0.3715,0.4545,0.2727,0.2213,1.9643,0.2569,6.482,0.2411,0,0,0,0,0,0,1,0,1,0,0,2,0,0,0,0,0,0,0,0,2,18274,1211,269,133,114,2522,0,101,54,85,74,0,28,450,163,97,88,12.6,2.8,0.6,0.5,11.7,0.0,0.5,0.2,0.4,0.3,0.0,0.2,2.1,0.8,0.4,0.4
48,Texas,TX,48301,Loving County,48301,"Loving County, Texas",668.817487923406,96,76,55,27,40,25,7,6,0,15,0,30,2,4,0,15,34,20,28,43,18,19,0,21,5,58,5,107,5,16,17,11,8,20,5,6,0,15,7.3,2.4,0.0,58.9,0.0,75.0,3.2,5.1,0.0,37.5,35.4,31.6,29.2,26.2,18.8,22.9,0.0,52.5,6.8,79.3,5.2,100.0,9.1,28.7,30.9,18.5,20.0,48.4,12.5,14.9,0.0,15.6,0.0119,0.0,0.0,0.0,0.0,0.0119,0.0,0.9802,0.8972,0.7391,0.0,0.83,3.4465,0.9486,0.0,0.0,0.0,0.8696,0.9684,1.0,0.9842,0.0,3.8222,0.9723,7.2806,0.3794,0,0,0,0,0,0,1,0,0,0,0,1,0,0,0,1,1,1,0,3,4,101,5,6,0,15,0,15,5,6,0,15,0,15,0,15,0,15,12.5,14.9,0.0,37.5,0.0,37.5,5.2,7.3,0.0,37.5,0.0,37.5,0.0,37.5,0.0,37.5
48,Texas,TX,48303,Lubbock County,48303,"Lubbock County, Texas",895.601327381684,311509,0,133802,157,121685,895,80474,3545,7374,827,37437,1803,21569,1160,41481,2442,39592,18,73592,68,39736,1433,8136,740,4860,796,151429,522,19631,1339,6294,663,3596,486,6843,688,12948,297,26.9,1.2,4.6,0.5,30.8,1.5,11.7,0.6,13.5,0.8,12.7,0.1,23.6,0.1,12.9,0.5,6.7,0.6,1.7,0.3,48.6,0.2,14.6,1.0,4.7,0.5,3.0,0.4,5.6,0.6,4.2,0.1,0.5889,0.5059,0.9565,0.2372,0.1858,2.4743,0.5059,0.1621,0.4822,0.2609,0.5652,0.2332,1.7036,0.0751,0.6245,0.6245,0.6245,0.9565,0.0751,0.3834,0.6601,0.7233,2.7984,0.6364,7.6008,0.4506,0,0,1,0,0,1,0,0,0,0,0,0,0,0,1,0,0,0,0,1,2,325587,17035,1178,20291,721,114767,0,7298,223,598,182,220,83,7670,926,585,279,14.0,0.9,6.5,0.2,36.8,0.0,2.3,0.1,0.2,0.1,0.1,0.1,2.5,0.3,0.2,0.1
48,Texas,TX,48305,Lynn County,48305,"Lynn County, Texas",891.866603276394,5619,0,2535,15,2053,88,2045,264,93,52,457,97,682,112,928,171,885,17,1532,27,1096,120,119,41,161,97,2782,21,43,40,108,42,24,14,87,51,64,5,37.0,4.8,3.6,2.0,22.3,4.6,18.6,3.1,16.7,3.1,15.8,0.3,27.3,0.5,19.7,2.2,5.8,2.0,3.1,1.8,49.5,0.4,1.7,1.6,4.3,1.6,1.2,0.7,4.2,2.4,1.1,0.1,0.8972,0.3123,0.5771,0.6719,0.4743,2.9328,0.6877,0.3755,0.83,0.8142,0.4506,0.498,2.9683,0.8182,0.6403,0.6403,0.6403,0.4387,0.0672,0.1186,0.4427,0.2688,1.336,0.0751,7.8774,0.502,0,0,0,0,0,0,0,0,0,0,0,0,0,0,0,0,0,0,0,0,0,4553,348,64,76,58,2559,0,9,5,7,12,13,17,118,60,0,21,17.0,3.0,1.4,1.0,45.5,0.0,0.2,0.1,0.1,0.2,0.2,0.3,2.1,1.1,0.0,0.9
48,Texas,TX,48307,McCulloch County,48307,"McCulloch County, Texas",1065.600412492264,7638,0,4233,22,3186,220,1760,425,314,143,707,199,1083,274,1420,337,1727,79,1688,43,1574,266,124,83,200,114,2908,77,94,65,314,100,42,54,154,97,139,10,23.6,5.7,8.7,4.0,22.2,6.1,20.1,5.1,18.9,4.5,22.6,1.0,22.1,0.6,21.0,3.5,3.8,2.6,2.8,1.6,38.1,1.0,2.3,1.5,7.4,2.4,1.3,1.7,4.8,3.0,1.8,0.1,0.4229,0.9289,0.5613,0.7391,0.668,3.3202,0.7945,0.7984,0.3043,0.8696,0.1779,0.4269,2.5771,0.585,0.4032,0.4032,0.4032,0.5494,0.1858,0.1225,0.5296,0.5099,1.8972,0.2292,8.1977,0.5613,0,1,0,0,0,1,0,0,0,0,0,0,0,0,0,0,0,0,0,0,1,6909,412,114,65,43,2513,0,31,42,5,7,0,21,294,97,0,21,12.9,3.5,0.9,0.6,32.9,0.0,0.4,0.6,0.1,0.1,0.0,0.7,3.8,1.3,0.0,0.7
48,Texas,TX,48309,McLennan County,48309,"McLennan County, Texas",1036.685846070036,261090,0,106122,214,94985,797,72225,4058,5539,755,28936,1461,20793,979,36355,2039,38607,85,62920,45,34318,1478,7418,747,9080,942,118271,441,14392,1015,5821,624,2851,455,4974,602,9731,117,28.8,1.6,4.4,0.6,30.5,1.5,13.1,0.6,14.1,0.8,14.8,0.1,24.1,0.1,13.4,0.6,7.8,0.8,3.7,0.4,45.3,0.2,13.6,1.0,5.5,0.6,3.0,0.5,5.2,0.6,3.7,0.0,0.6798,0.4704,0.9447,0.332,0.2451,2.672,0.5771,0.2885,0.5573,0.3162,0.7194,0.6324,2.5138,0.5336,0.5692,0.5692,0.5692,0.9447,0.0949,0.3834,0.5929,0.6957,2.7116,0.5968,8.4666,0.6126,0,0,1,0,0,1,0,0,0,0,0,0,0,0,1,0,0,0,0,1,2,288474,13779,927,35609,698,70710,0,4002,247,409,126,52,30,6819,770,670,292,14.5,1.0,13.6,0.3,27.1,0.0,1.5,0.1,0.2,0.1,0.0,0.1,2.6,0.3,0.3,0.1
48,Texas,TX,48311,McMullen County,48311,"McMullen County, Texas",1139.798805651834,670,199,369,67,202,54,275,173,6,9,43,35,48,41,148,93,128,54,211,125,108,68,21,24,18,63,410,227,0,21,113,42,14,14,6,9,0,15,41.0,22.8,2.4,3.5,21.3,16.4,11.1,8.5,22.1,11.4,19.1,8.3,31.5,12.6,16.1,9.8,10.4,11.6,2.9,10.1,61.2,28.6,0.0,5.7,30.6,9.6,6.9,6.7,3.0,4.7,0.0,2.2,0.9407,0.1462,0.4901,0.1937,0.8498,2.6205,0.5534,0.5889,0.9526,0.5494,0.8893,0.4664,3.4466,0.9526,0.7747,0.7747,0.7747,0.0,0.9644,0.8893,0.2213,0.0,2.075,0.2964,8.9168,0.6838,1,0,0,0,0,1,0,1,0,0,0,1,0,0,0,1,0,0,0,1,3,612,48,29,0,15,403,146,0,15,6,9,0,15,1,2,0,15,23.8,11.6,0.0,7.2,60.1,12.2,0.0,7.2,0.9,1.4,0.0,7.2,0.1,0.3,0.0,7.2
48,Texas,TX,48313,Madison County,48313,"Madison County, Texas",466.065059340716,13556,0,5084,95,4081,237,2480,456,320,130,692,177,1960,405,1516,349,2067,124,2938,0,1881,269,257,127,588,217,6315,29,177,96,1246,204,143,65,355,154,2216,70,22.0,4.0,6.3,2.5,17.0,4.2,21.1,4.2,13.3,3.1,15.2,0.9,21.7,0.0,16.5,2.4,6.3,3.1,4.6,1.7,46.6,0.2,3.5,1.9,24.5,3.9,3.5,1.6,8.7,3.8,16.3,0.5,0.3439,0.7708,0.2253,0.7589,0.17,2.2689,0.4308,0.332,0.2767,0.6087,0.5059,0.6917,2.415,0.4704,0.5968,0.5968,0.5968,0.6601,0.9012,0.5099,0.9249,0.9447,3.9408,0.9842,9.2215,0.7194,0,0,0,0,0,0,0,0,0,0,0,0,0,0,0,1,0,1,1,3,3,14055,840,195,2154,273,3353,0,175,139,13,28,0,23,596,253,24,38,20.6,4.8,15.9,2.0,24.7,0.0,1.3,1.0,0.1,0.2,0.0,0.4,4.4,1.9,0.2,0.3
48,Texas,TX,48315,Marion County,48315,"Marion County, Texas",380.901328840436,9668,0,5602,30,4014,254,2695,371,413,145,752,170,959,192,1110,256,2621,89,1661,104,2131,262,197,87,113,112,2862,55,0,29,1618,217,124,60,196,79,103,4,28.2,3.9,10.7,3.6,18.7,4.1,13.3,2.7,11.6,2.7,27.1,0.9,17.2,1.1,22.3,2.7,4.9,2.1,1.2,1.2,29.6,0.6,0.0,0.5,28.9,3.9,3.1,1.5,4.9,1.9,1.1,0.0,0.6522,0.9802,0.2925,0.3399,0.0949,2.3597,0.4545,0.913,0.0395,0.913,0.3162,0.1186,2.3003,0.3874,0.2569,0.2569,0.2569,0.0,0.9486,0.4229,0.5534,0.2688,2.1937,0.3439,7.1106,0.3439,0,1,0,0,0,1,1,0,1,0,0,2,0,0,0,1,0,0,0,1,4,7537,946,174,2117,140,447,0,58,57,71,89,14,20,155,114,0,21,23.6,3.8,21.9,1.4,4.6,0.0,0.6,0.6,0.7,0.9,0.1,0.2,1.6,1.2,0.0,0.5
48,Texas,TX,48317,Martin County,48317,"Martin County, Texas",914.955404034282,5228,0,2173,74,1912,128,1031,338,259,163,205,94,477,118,758,230,550,132,1542,96,572,184,130,97,144,104,2982,181,0,29,395,132,170,81,0,21,58,37,19.9,6.5,10.2,6.4,10.7,4.9,15.8,3.9,14.7,4.5,10.5,2.5,29.5,1.8,11.1,3.6,6.8,5.1,2.9,2.1,57.0,3.5,0.0,1.3,18.2,6.1,8.9,4.2,0.0,2.6,1.1,0.7,0.249,0.9684,0.0356,0.5494,0.2727,2.0751,0.3518,0.0435,0.9091,0.1502,0.581,0.4664,2.1502,0.2727,0.7036,0.7036,0.7036,0.0,0.7154,0.9407,0.0,0.2688,1.9249,0.2411,6.8538,0.3043,0,1,0,0,0,1,0,1,0,0,0,1,0,0,0,0,1,0,0,1,3,4461,475,112,67,81,2690,160,15,28,0,21,0,21,134,103,76,90,24.8,5.9,1.3,1.6,51.5,3.1,0.3,0.5,0.0,1.0,0.0,1.0,2.6,2.0,1.5,1.7
48,Texas,TX,48319,Mason County,48319,"Mason County, Texas",928.835582130404,3959,0,2374,135,1519,137,524,224,47,45,275,99,418,118,441,175,1235,144,884,135,746,129,39,42,122,99,805,195,11,21,237,80,15,27,52,40,9,9,13.3,5.7,2.8,2.7,18.1,6.3,15.1,4.2,11.2,4.4,31.2,3.6,22.3,3.4,18.9,3.3,2.6,2.8,3.4,2.7,20.3,4.9,0.5,0.9,10.0,3.4,1.0,1.8,3.4,2.6,0.2,0.2,0.0711,0.1937,0.2609,0.4862,0.0711,1.083,0.0672,0.9644,0.3241,0.7549,0.0632,0.5494,2.656,0.6245,0.087,0.087,0.087,0.1897,0.3241,0.087,0.3043,0.0514,0.9565,0.0277,4.7825,0.0553,0,0,0,0,0,0,1,0,0,0,0,1,0,0,0,0,0,0,0,0,1,2936,161,73,3,5,762,196,28,20,0,15,0,15,12,19,0,15,10.6,4.3,0.1,0.1,19.2,4.9,0.7,0.5,0.0,1.3,0.0,1.3,0.3,0.5,0.0,1.3
48,Texas,TX,48321,Matagorda County,48321,"Matagorda County, Texas",1093.121938728674,36251,0,18674,36,14073,437,11170,1145,1060,338,3653,562,4406,528,6200,958,6317,163,9364,71,6245,734,1159,362,1186,370,21259,333,981,322,2242,440,515,200,935,314,354,13,31.2,3.2,6.7,2.1,26.0,3.9,18.5,2.2,17.3,2.7,17.4,0.4,25.8,0.2,17.4,2.1,8.3,2.6,3.5,1.1,58.6,0.9,5.3,1.7,12.0,2.4,3.7,1.4,6.6,2.2,1.0,0.0,0.7747,0.8142,0.8617,0.668,0.5375,3.6561,0.8972,0.5059,0.7273,0.664,0.7628,0.5771,3.2371,0.8933,0.7352,0.7352,0.7352,0.7905,0.4032,0.5455,0.7866,0.2213,2.7471,0.6245,10.3755,0.8775,0,0,0,0,0,0,0,0,0,0,0,0,0,0,0,0,0,0,0,0,0,32020,3466,483,3514,225,16025,0,628,57,31,41,80,72,734,277,247,305,24.6,3.3,9.7,0.6,44.2,0.0,1.7,0.2,0.1,0.1,0.2,0.2,2.0,0.8,0.7,0.8
48,Texas,TX,48323,Maverick County,48323,"Maverick County, Texas",1279.472523076266,57806,0,20063,26,17901,437,22149,2173,1744,401,4997,682,11740,1023,16143,1442,6831,80,17927,0,6957,958,2507,473,11600,1180,56257,47,1325,374,2623,503,1915,438,1401,307,306,12,38.5,3.8,7.1,1.6,27.9,3.7,35.4,3.1,28.1,2.5,11.8,0.1,31.0,0.0,12.1,1.7,14.0,2.6,22.0,2.2,97.3,0.1,6.6,1.9,13.1,2.5,10.7,2.4,7.8,1.7,0.5,0.0,0.913,0.8458,0.9012,0.9763,0.9644,4.6007,0.9881,0.1067,0.9447,0.2016,0.9802,0.9881,3.2213,0.8893,0.996,0.996,0.996,0.8261,0.4625,0.9723,0.8735,0.0632,3.1976,0.8458,12.0156,0.9802,1,0,1,1,1,4,0,1,0,1,1,3,1,1,0,0,1,0,0,1,9,56810,4667,522,82,105,54949,0,168,182,956,179,0,35,75,92,27,47,26.1,3.0,0.1,0.2,95.1,0.0,0.3,0.3,1.7,0.3,0.0,0.1,0.1,0.2,0.0,0.1
48,Texas,TX,48325,Medina County,48325,"Medina County, Texas",1325.360122221536,51432,0,19596,39,17296,400,8672,1174,537,188,3446,582,4856,557,6754,1006,8730,236,11680,206,9206,813,988,290,1777,513,30337,263,264,136,5034,533,643,213,815,226,2338,68,17.7,2.4,2.4,0.8,19.9,3.3,14.0,1.6,13.7,2.1,17.0,0.5,22.7,0.4,18.7,1.7,5.7,1.7,3.7,1.1,59.0,0.5,1.3,0.7,25.7,2.7,3.7,1.2,4.7,1.3,4.5,0.1,0.17,0.1462,0.3834,0.3913,0.2095,1.3004,0.1067,0.4585,0.3715,0.7273,0.4308,0.6324,2.6205,0.6087,0.7391,0.7391,0.7391,0.3518,0.9249,0.5455,0.5059,0.7431,3.0712,0.7905,7.7312,0.4704,0,0,0,0,0,0,0,0,0,0,0,0,0,0,0,1,0,0,0,1,1,41199,2577,316,1234,325,27313,0,342,112,104,68,0,35,966,356,378,371,14.9,1.9,2.4,0.6,53.1,0.0,0.7,0.2,0.2,0.1,0.0,0.1,1.9,0.7,0.7,0.7
48,Texas,TX,48327,Menard County,48327,"Menard County, Texas",902.02615655396,1964,0,1464,137,905,138,522,186,123,101,211,96,337,136,487,186,697,128,373,123,555,127,27,30,52,66,766,152,74,84,197,63,0,21,37,33,47,9,27.2,9.7,14.3,11.1,23.3,10.0,22.1,8.7,25.4,9.7,35.5,6.5,19.0,6.3,29.0,6.6,3.0,3.3,2.8,3.5,39.0,7.7,5.1,5.7,13.5,3.9,0.0,2.3,4.1,3.7,2.4,0.5,0.6047,1.0,0.6798,0.7905,0.9328,4.0078,0.9526,0.9842,0.0988,0.9881,0.087,0.4269,2.585,0.5889,0.4229,0.4229,0.4229,0.7668,0.4743,0.0,0.4111,0.5929,2.2451,0.3557,9.2608,0.7312,0,1,0,0,1,2,1,0,1,0,0,2,0,0,0,0,0,0,0,0,4,1443,235,113,1,4,672,151,0,15,0,15,0,15,93,45,0,15,26.0,10.9,0.1,0.2,34.2,7.7,0.0,2.5,0.0,2.5,0.0,2.5,4.7,2.3,0.0,2.5
48,Texas,TX,48329,Midland County,48329,"Midland County, Texas",900.357183940618,169393,0,70203,47,65265,789,27098,2860,3030,810,15691,1468,16458,1680,25854,2886,17404,127,48916,0,18174,1449,4434,811,8394,1304,97492,261,9605,1086,7818,849,3271,875,3083,720,1861,25,16.2,1.7,3.4,0.9,24.0,2.2,15.6,1.6,15.4,1.7,10.3,0.1,28.9,0.0,10.8,0.9,6.8,1.2,5.4,0.8,57.6,0.2,13.7,1.5,11.1,1.2,5.0,1.3,4.7,1.1,1.1,0.0,0.1304,0.2727,0.7312,0.5336,0.3281,1.996,0.332,0.0356,0.8854,0.1265,0.581,0.7628,2.3913,0.4545,0.7273,0.7273,0.7273,0.9526,0.3478,0.7391,0.5059,0.2688,2.8142,0.6403,7.9288,0.5059,0,0,0,0,0,0,0,0,0,0,0,0,0,0,1,0,0,0,0,1,1,174588,7583,922,10397,688,79727,0,3255,328,380,135,47,56,3541,794,145,146,11.6,1.4,6.1,0.4,47.1,0.0,1.9,0.2,0.2,0.1,0.0,0.1,2.1,0.5,0.1,0.1
48,Texas,TX,48331,Milam County,48331,"Milam County, Texas",1016.355381166268,25080,0,11564,33,9767,265,5874,864,677,236,1987,361,2426,390,3980,631,5199,29,5881,12,3892,369,464,208,847,295,9815,109,194,113,1781,248,450,175,394,130,510,14,23.9,3.5,5.8,2.0,20.3,3.7,14.2,2.2,16.2,2.6,20.7,0.1,23.4,0.1,15.8,1.5,4.8,2.1,3.6,1.2,39.1,0.4,1.7,1.0,15.4,2.1,4.6,1.8,4.0,1.3,2.0,0.1,0.4387,0.7075,0.4071,0.415,0.3992,2.3675,0.4585,0.7075,0.4625,0.5296,0.2925,0.5968,2.5889,0.5929,0.4269,0.4269,0.4269,0.4387,0.6087,0.6798,0.3953,0.5296,2.6521,0.5534,8.0354,0.5257,0,0,0,0,0,0,0,0,0,0,0,0,0,0,0,0,0,0,0,0,0,20702,1924,267,2307,125,6838,0,89,72,36,36,0,28,530,172,15,23,19.7,2.6,9.2,0.5,27.3,0.0,0.4,0.3,0.1,0.1,0.0,0.2,2.1,0.7,0.1,0.1
48,Texas,TX,48333,Mills County,48333,"Mills County, Texas",748.224285093396,4501,0,2653,129,1833,125,700,172,48,40,354,103,411,119,587,150,1266,148,847,133,700,89,164,82,79,84,1335,191,4,16,302,82,30,22,29,19,168,7,16.2,4.0,2.3,2.0,19.3,5.5,12.1,3.5,13.5,3.5,28.1,3.3,18.8,2.9,16.1,2.0,9.0,4.4,1.8,1.9,29.7,4.2,0.2,0.6,11.4,2.9,1.6,1.2,1.6,1.0,3.7,0.2,0.1304,0.1304,0.3439,0.2609,0.1858,1.0514,0.0514,0.9368,0.0909,0.5494,0.8261,0.2609,2.6641,0.6324,0.2648,0.2648,0.2648,0.1265,0.3636,0.1462,0.0514,0.6957,1.3834,0.083,5.3637,0.1107,0,0,0,0,0,0,1,0,0,0,0,1,0,0,0,0,0,0,0,0,1,3571,291,95,30,32,1109,196,13,18,4,8,0,15,170,41,9,13,15.9,4.8,0.7,0.7,24.6,4.4,0.3,0.4,0.1,0.2,0.0,1.1,3.8,0.9,0.2,0.3
48,Texas,TX,48335,Mitchell County,48335,"Mitchell County, Texas",911.092782097084,8947,0,3706,20,2411,215,1979,555,54,47,401,155,884,171,1924,378,1278,107,1650,3,1098,209,177,113,342,283,4916,26,139,163,473,118,147,90,46,33,1497,35,27.4,7.6,1.4,1.2,16.6,6.3,16.2,3.2,25.8,5.1,14.3,1.2,18.4,0.1,14.7,2.8,7.4,4.6,4.1,3.4,54.9,0.3,3.7,4.4,12.8,3.2,6.1,3.7,1.9,1.4,16.7,0.4,0.6126,0.0593,0.1897,0.5731,0.9407,2.3754,0.4664,0.2688,0.0791,0.415,0.6838,0.6561,2.1028,0.249,0.6838,0.6838,0.6838,0.6877,0.4427,0.8419,0.0751,0.9526,3.0,0.751,8.162,0.5573,0,0,0,0,1,1,0,0,0,0,0,0,0,0,0,0,0,0,1,1,2,8550,515,178,722,185,3674,0,10,12,46,51,0,21,449,193,15,25,21.4,7.0,8.1,2.1,41.1,0.0,0.1,0.1,0.5,0.6,0.0,0.6,5.0,2.2,0.2,0.3
48,Texas,TX,48337,Montague County,48337,"Montague County, Texas",930.905285376322,20197,0,10281,41,7907,292,4177,700,449,151,1686,268,1705,380,3100,462,4363,60,4579,59,3949,370,435,160,164,155,3079,20,78,50,1565,235,110,71,365,135,362,13,21.0,3.5,5.1,1.7,21.3,3.3,12.0,2.7,15.6,2.3,21.6,0.3,22.7,0.3,19.8,1.9,5.5,2.0,0.9,0.8,15.2,0.1,0.8,0.5,15.2,2.3,1.4,0.9,4.6,1.7,1.8,0.1,0.2688,0.5889,0.4901,0.2569,0.3557,1.9604,0.3043,0.7233,0.3715,0.8182,0.4071,0.087,2.4071,0.4664,0.0158,0.0158,0.0158,0.2648,0.5968,0.1423,0.4941,0.5099,2.0079,0.2806,6.3912,0.2134,0,0,0,0,0,0,0,0,0,0,0,0,0,0,0,0,0,0,0,0,0,16765,1636,320,159,84,2338,0,0,28,93,56,1,3,488,109,0,28,20.7,3.9,0.8,0.4,11.6,0.0,0.0,0.2,0.5,0.3,0.0,0.1,2.4,0.5,0.0,0.2
48,Texas,TX,48339,Montgomery County,48339,"Montgomery County, Texas",1042.185241644286,629989,0,242656,221,224474,1500,99562,5504,13537,1444,46976,2317,42040,2575,89690,4537,84566,24,163196,0,63239,2651,11241,1042,23891,2003,237443,1096,32997,1919,30366,1650,8294,1092,7499,1020,2872,46,15.9,0.9,4.3,0.5,20.9,1.0,10.2,0.6,14.3,0.7,13.4,0.1,25.9,0.0,10.1,0.4,5.0,0.5,4.1,0.3,37.7,0.2,13.6,0.8,12.5,0.7,3.7,0.5,3.3,0.5,0.5,0.0,0.1265,0.4466,0.4625,0.1462,0.253,1.4348,0.1462,0.1976,0.7431,0.087,0.332,0.6561,2.0158,0.1858,0.3874,0.3874,0.3874,0.9447,0.4229,0.5455,0.2727,0.0632,2.249,0.3597,6.087,0.166,0,0,0,0,0,0,0,0,0,0,0,0,0,0,1,0,0,0,0,1,1,564610,15037,1130,33413,1436,162783,0,20033,728,627,205,277,118,18683,1779,1627,686,6.7,0.5,5.3,0.2,25.8,0.0,3.2,0.1,0.1,0.1,0.0,0.1,3.0,0.3,0.3,0.1
48,Texas,TX,48341,Moore County,48341,"Moore County, Texas",899.697656859482,21284,0,8184,23,6989,294,5630,864,245,108,1682,363,4023,409,4514,741,2394,95,6672,62,2308,405,639,242,3257,539,14814,44,340,200,1149,238,458,163,535,225,163,10,26.7,4.1,2.5,1.1,24.1,5.1,32.1,3.2,21.4,3.5,11.2,0.4,31.3,0.3,10.9,1.9,9.1,3.4,16.8,2.8,69.6,0.2,4.2,2.4,14.0,2.9,6.5,2.3,7.7,3.1,0.8,0.0,0.581,0.1621,0.7391,0.9644,0.8103,3.2569,0.7668,0.0672,0.9486,0.1344,0.834,0.9644,2.9486,0.7984,0.8498,0.8498,0.8498,0.7154,0.498,0.8656,0.8656,0.1462,3.0908,0.7984,10.1461,0.8538,0,0,0,1,0,1,0,1,0,0,1,2,0,0,0,0,0,0,0,0,3,22323,1081,252,901,49,12443,0,834,235,56,48,0,28,543,246,37,42,15.5,3.5,4.2,0.2,58.5,0.0,3.9,1.1,0.3,0.2,0.0,0.2,2.6,1.2,0.2,0.2
48,Texas,TX,48343,Morris County,48343,"Morris County, Texas",251.989093078346,11993,0,5815,17,4879,233,3037,506,309,129,907,197,1010,208,1598,301,2600,51,2757,23,2445,301,363,125,50,90,4461,48,111,70,1011,195,109,56,278,104,154,4,26.0,4.3,5.9,2.4,18.6,3.9,12.4,2.6,13.5,2.5,21.7,0.4,23.0,0.2,20.7,2.5,7.4,2.5,0.4,0.8,37.2,0.4,1.9,1.2,17.4,3.3,2.2,1.1,5.7,2.1,1.3,0.0,0.5217,0.7352,0.2806,0.2767,0.1858,2.0,0.336,0.7312,0.4071,0.8617,0.6838,0.0474,2.7312,0.6719,0.3755,0.3755,0.3755,0.4783,0.6917,0.2213,0.6917,0.3597,2.4427,0.4625,7.5494,0.4427,0,0,0,0,0,0,0,0,0,0,0,0,0,0,0,0,0,0,0,0,0,10899,774,148,2661,96,1334,0,117,23,32,32,0,23,274,98,43,47,15.9,2.9,22.2,0.8,11.1,0.0,1.0,0.4,0.3,0.3,0.0,0.4,2.3,0.8,0.4,0.4
48,Texas,TX,48345,Motley County,48345,"Motley County, Texas",989.5654877178,1223,167,718,69,460,68,190,77,18,21,40,31,129,50,227,79,383,70,215,78,282,85,27,17,0,60,271,228,6,18,54,29,4,16,11,11,0,15,15.5,5.9,3.0,3.2,8.7,6.6,14.0,5.2,18.6,5.7,31.3,6.5,17.6,5.6,23.1,6.6,5.9,3.6,0.0,5.2,22.2,18.4,0.8,2.5,7.5,4.0,0.9,3.5,2.4,2.3,0.0,1.2,0.1067,0.2253,0.0277,0.3913,0.6364,1.3874,0.1304,0.9684,0.0514,0.9289,0.4664,0.0,2.4151,0.4743,0.1146,0.1146,0.1146,0.2648,0.1937,0.0791,0.1028,0.0,0.6404,0.004,4.5575,0.0435,0,0,0,0,0,0,1,0,1,0,0,2,0,0,0,0,0,0,0,0,2,815,107,45,25,35,167,88,0,15,0,15,0,15,73,38,6,11,23.3,8.8,2.0,2.9,13.7,6.6,0.0,4.0,0.0,4.0,0.0,4.0,6.0,3.1,0.5,0.9
48,Texas,TX,48347,Nacogdoches County,48347,"Nacogdoches County, Texas",946.323238240084,64768,0,28903,55,24893,416,20371,1243,2029,394,7256,703,5595,487,9918,902,9883,67,14991,0,10627,761,2313,407,2189,436,26892,162,3200,441,5330,482,1251,316,1492,289,5197,114,34.3,2.1,6.6,1.3,29.1,2.8,14.8,1.3,15.5,1.4,15.3,0.1,23.1,0.0,16.6,1.2,9.3,1.6,3.6,0.7,41.5,0.3,11.0,1.5,18.4,1.7,5.1,1.3,6.0,1.2,8.0,0.2,0.8617,0.8024,0.9289,0.4664,0.3399,3.3993,0.8063,0.3439,0.4111,0.6166,0.8419,0.5968,2.8103,0.7431,0.4783,0.4783,0.4783,0.9091,0.7431,0.7549,0.7115,0.8538,3.9724,0.9921,10.6603,0.917,0,0,1,0,0,1,0,0,0,0,0,0,0,0,1,0,0,0,0,1,2,64547,3891,458,11174,233,13229,0,574,183,136,79,54,52,1512,349,213,160,15.6,1.8,17.3,0.4,20.4,0.0,0.9,0.3,0.2,0.1,0.1,0.1,2.3,0.5,0.3,0.2
48,Texas,TX,48349,Navarro County,48349,"Navarro County, Texas",1009.70163559311,52834,0,21429,90,18058,422,15691,1522,1350,333,4998,533,6647,605,9409,1069,8795,43,13503,48,9070,706,1337,301,2370,428,25083,437,845,271,3584,405,1126,266,916,224,1097,31,30.4,2.9,5.6,1.4,27.7,2.9,19.6,1.8,18.1,2.1,16.6,0.1,25.6,0.1,17.4,1.4,7.4,1.7,4.8,0.9,47.5,0.8,4.0,1.3,16.7,1.9,6.3,1.5,5.1,1.2,2.1,0.1,0.747,0.6759,0.8972,0.7115,0.5968,3.6284,0.8814,0.4348,0.7036,0.664,0.6838,0.7075,3.1937,0.8814,0.6126,0.6126,0.6126,0.6996,0.6719,0.8498,0.581,0.5494,3.3517,0.8893,10.7864,0.9368,0,0,0,0,0,0,0,0,0,0,0,0,0,0,0,0,0,0,0,0,0,52672,3373,354,5953,480,15439,0,338,91,48,23,891,43,2339,709,75,119,18.7,2.0,11.3,0.9,29.2,0.0,0.6,0.2,0.1,0.1,1.7,0.1,4.4,1.3,0.1,0.2
48,Texas,TX,48351,Newton County,48351,"Newton County, Texas",933.6767004356919,12333,0,6457,21,4787,248,4619,588,518,149,970,213,1579,276,2966,370,2737,28,2658,62,1879,264,306,92,0,92,3137,53,36,29,2291,280,287,107,365,145,163,33,38.0,4.8,10.6,2.9,20.3,4.3,18.1,3.2,24.3,3.0,22.2,0.2,21.6,0.5,15.4,2.2,6.4,1.9,0.0,0.8,25.4,0.4,0.5,0.4,35.5,4.3,6.0,2.2,7.6,3.0,1.3,0.3,0.9091,0.9763,0.4071,0.6443,0.8972,3.834,0.9289,0.7708,0.2648,0.4822,0.5178,0.0,2.0356,0.1937,0.166,0.166,0.166,0.1897,0.9842,0.8261,0.8577,0.3597,3.2174,0.8498,9.253,0.7273,1,1,0,0,0,2,0,0,0,0,0,0,0,0,0,1,0,0,0,1,3,8542,562,169,2272,145,506,0,85,33,22,28,20,36,204,139,28,44,11.7,3.4,18.4,1.2,4.1,0.0,0.7,0.3,0.2,0.2,0.2,0.3,1.7,1.1,0.2,0.4
48,Texas,TX,48353,Nolan County,48353,"Nolan County, Texas",911.996762709684,14657,0,7118,20,5670,191,4928,748,448,194,1232,251,1537,224,2470,409,2811,114,3798,15,2841,317,484,148,376,183,6970,111,316,123,505,122,357,135,388,141,295,19,34.3,5.2,6.6,2.8,21.7,4.4,16.1,2.3,17.1,2.8,19.2,0.8,25.9,0.1,19.6,2.2,8.5,2.6,2.8,1.3,47.6,0.8,4.5,1.7,7.1,1.7,6.3,2.4,6.8,2.4,2.0,0.1,0.8617,0.8024,0.5217,0.5692,0.5099,3.2649,0.7747,0.5929,0.7431,0.8063,0.7945,0.4269,3.3637,0.9368,0.6166,0.6166,0.6166,0.7352,0.1542,0.8498,0.8142,0.5296,3.083,0.7945,10.3282,0.8735,0,0,0,0,0,0,0,0,0,0,0,0,0,0,0,0,0,0,0,0,0,15032,1296,222,658,122,5777,0,27,40,26,34,0,23,482,166,0,23,22.9,3.7,4.5,0.8,39.4,0.0,0.2,0.3,0.2,0.2,0.0,0.3,3.3,1.1,0.0,0.3
48,Texas,TX,48355,Nueces County,48355,"Nueces County, Texas",839.245208030306,353245,0,151836,173,130122,1059,91317,4036,9663,837,38261,1743,35937,1698,62877,2774,53032,105,85206,8,45511,1951,10898,867,8569,959,254280,286,17565,1062,5359,578,4814,652,9052,821,8631,135,26.4,1.2,5.7,0.5,29.4,1.3,15.5,0.7,18.1,0.8,15.0,0.1,24.1,0.1,13.1,0.6,8.4,0.7,2.6,0.3,72.0,0.1,11.6,0.7,3.5,0.4,3.7,0.5,7.0,0.6,2.4,0.0,0.5613,0.6917,0.9368,0.5217,0.5968,3.3083,0.7866,0.3162,0.5573,0.2964,0.7787,0.3913,2.3399,0.415,0.8775,0.8775,0.8775,0.9209,0.0435,0.5455,0.83,0.5929,2.9328,0.7154,9.4585,0.7708,0,0,1,0,0,1,0,0,0,0,0,0,0,0,1,0,0,0,0,1,2,373127,18071,1199,12210,336,229173,0,7499,301,493,161,235,126,4106,549,564,245,13.9,0.9,3.5,0.1,64.9,0.0,2.1,0.1,0.1,0.1,0.1,0.1,1.2,0.2,0.2,0.1
48,Texas,TX,48357,Ochiltree County,48357,"Ochiltree County, Texas",917.684169108426,9924,0,4327,20,3684,173,2905,560,76,71,709,212,1440,228,2335,486,1061,95,3005,24,1406,217,492,191,1400,267,5884,49,288,133,643,154,294,129,121,100,74,37,29.6,5.7,1.5,1.4,19.2,5.7,23.7,3.5,23.7,4.9,10.7,1.0,30.3,0.2,14.3,2.2,13.4,5.1,15.3,2.9,59.3,0.5,6.7,3.1,14.9,3.6,8.0,3.5,3.3,2.7,0.7,0.4,0.7036,0.0632,0.3399,0.83,0.8893,2.826,0.6285,0.0474,0.9249,0.3794,0.9684,0.9565,3.2766,0.9091,0.747,0.747,0.747,0.83,0.585,0.9249,0.2727,0.1107,2.7233,0.6047,9.5729,0.7826,0,0,0,0,0,0,0,1,0,1,1,3,0,0,0,0,1,0,0,1,4,10281,461,151,3,14,5571,0,45,61,70,68,0,21,181,84,14,19,12.5,4.1,0.0,0.1,56.1,0.0,0.5,0.6,0.7,0.7,0.0,0.5,1.8,0.8,0.1,0.2
48,Texas,TX,48359,Oldham County,48359,"Oldham County, Texas",1500.522532389628,2171,192,791,64,631,68,483,169,13,15,97,37,215,96,227,77,274,57,723,120,197,55,13,10,32,58,742,241,5,17,130,33,12,18,10,8,357,69,26.1,8.7,1.5,1.7,15.4,5.6,16.5,6.7,12.3,3.8,12.6,2.7,33.3,4.0,10.6,2.9,2.0,1.6,1.6,2.8,34.2,10.7,0.6,2.1,16.4,4.5,1.9,2.8,1.6,1.3,16.4,2.8,0.5296,0.0632,0.1304,0.5929,0.1344,1.4505,0.1542,0.1423,0.9881,0.1146,0.0474,0.1897,1.4821,0.0356,0.332,0.332,0.332,0.2213,0.6522,0.1818,0.0514,0.9486,2.0553,0.2885,5.3199,0.0988,0,0,0,0,0,0,0,1,0,0,0,1,0,0,0,0,0,0,1,1,2,2074,79,26,147,82,568,139,18,23,0,15,0,15,9,10,0,15,12.5,3.8,6.8,3.6,26.2,5.4,0.8,1.1,0.0,2.3,0.0,2.3,0.4,0.5,0.0,2.3
48,Texas,TX,48361,Orange County,48361,"Orange County, Texas",333.785582090488,84761,0,37422,73,31274,614,17789,1645,2341,406,5836,725,6056,652,13702,1574,13312,71,21218,0,14072,1093,1859,371,1245,359,18179,264,1909,466,6334,627,784,229,1646,340,741,16,21.2,2.0,5.8,1.0,18.7,2.3,10.7,1.1,16.3,1.9,15.7,0.1,25.0,0.0,16.7,1.3,6.0,1.2,1.6,0.5,21.4,0.3,5.1,1.2,16.9,1.7,2.5,0.7,5.3,1.1,0.9,0.0,0.2846,0.7075,0.2925,0.1621,0.415,1.8617,0.2688,0.3636,0.6403,0.6285,0.4822,0.1897,2.3043,0.3913,0.0949,0.0949,0.0949,0.7668,0.6838,0.2648,0.6126,0.1818,2.5098,0.4941,6.7707,0.2925,0,0,0,0,0,0,0,0,0,0,0,0,0,0,0,0,0,0,0,0,0,74670,2949,424,7280,304,7549,0,539,197,130,84,53,83,2547,444,81,80,9.4,1.4,8.6,0.4,8.9,0.0,0.6,0.2,0.2,0.1,0.1,0.1,3.0,0.5,0.1,0.1
48,Texas,TX,48363,Palo Pinto County,48363,"Palo Pinto County, Texas",952.548651134788,28569,0,15138,46,10640,319,7462,684,970,231,2670,331,2433,273,5293,674,5645,70,6641,61,4683,466,483,168,462,166,7679,246,537,162,2578,327,310,105,426,120,287,7,26.4,2.4,7.3,1.8,25.1,3.0,12.5,1.4,18.7,2.4,19.8,0.2,23.2,0.2,16.5,1.6,4.6,1.6,1.7,0.6,26.9,0.9,3.6,1.1,17.0,2.2,2.9,1.0,4.0,1.1,1.0,0.0,0.5613,0.8696,0.7984,0.2885,0.6522,3.17,0.7391,0.6245,0.4308,0.6087,0.2688,0.2332,2.166,0.2885,0.2016,0.2016,0.2016,0.6719,0.6877,0.3399,0.3953,0.2213,2.3161,0.3992,7.8537,0.4941,0,0,0,0,0,0,0,0,0,0,0,0,0,0,0,0,0,0,0,0,0,24529,1489,239,746,61,5851,0,285,45,68,34,0,28,617,224,112,116,14.0,2.1,2.6,0.2,20.5,0.0,1.0,0.2,0.2,0.1,0.0,0.2,2.2,0.8,0.4,0.4
48,Texas,TX,48365,Panola County,48365,"Panola County, Texas",811.3550902918,22540,0,10784,43,8062,322,5025,824,290,117,1757,339,2490,399,4442,795,4564,58,5218,0,3738,488,440,149,322,150,6251,80,207,109,2651,376,265,108,248,116,450,9,22.8,3.7,2.9,1.2,21.8,4.1,16.3,2.6,19.9,3.6,20.2,0.3,23.1,0.0,16.8,2.2,5.5,1.8,1.5,100.0,27.7,0.4,1.9,1.0,24.6,3.5,3.3,1.3,3.1,1.4,2.0,0.0,0.3755,0.2174,0.5257,0.585,0.7352,2.4388,0.4862,0.6561,0.4111,0.6324,0.4071,0.17,2.2767,0.3676,0.2253,0.2253,0.2253,0.4783,0.9051,0.4822,0.2292,0.5296,2.6244,0.5415,7.5652,0.4466,0,0,0,0,0,0,0,0,0,0,0,0,0,0,0,1,0,0,0,1,1,21683,1422,224,2829,388,2109,0,118,96,14,23,0,28,1144,369,37,46,17.6,2.8,12.6,1.7,9.4,0.0,0.5,0.4,0.1,0.1,0.0,0.2,5.1,1.6,0.2,0.2
48,Texas,TX,48367,Parker County,48367,"Parker County, Texas",903.719616528346,151188,0,57477,56,52622,572,20775,2167,2949,530,9972,915,9923,856,20668,1565,23745,73,37266,32,18438,1220,1790,370,2207,398,28724,482,1568,333,8545,699,1121,299,1465,311,1742,28,13.9,1.5,3.9,0.7,19.0,1.7,9.7,0.8,13.8,1.0,15.7,0.1,24.6,0.1,12.3,0.8,3.4,0.7,1.6,0.3,19.0,0.3,2.7,0.6,14.9,1.2,2.1,0.6,2.8,0.6,1.2,0.0,0.0791,0.3597,0.332,0.1107,0.2174,1.0989,0.0711,0.3636,0.6206,0.2253,0.1225,0.1897,1.5217,0.0395,0.0791,0.0791,0.0791,0.5929,0.585,0.2055,0.1739,0.3162,1.8735,0.2134,4.5732,0.0474,0,0,0,0,0,0,0,0,0,0,0,0,0,0,0,0,0,0,0,0,0,118167,4718,576,2058,354,20648,0,1237,172,279,107,77,54,4183,660,242,155,9.0,1.1,1.4,0.2,13.7,0.0,0.8,0.1,0.2,0.1,0.1,0.1,2.8,0.4,0.2,0.1
48,Texas,TX,48369,Parmer County,48369,"Parmer County, Texas",880.821433941756,9809,0,3755,37,3203,153,2473,408,103,73,604,173,1804,239,2347,407,1504,71,2712,39,1127,219,203,95,1002,251,6642,19,129,86,352,113,156,69,62,44,78,4,25.5,4.2,2.1,1.5,18.9,5.3,28.9,3.8,24.2,4.2,15.3,0.7,27.6,0.4,11.6,2.2,6.4,3.0,11.0,2.8,67.7,0.2,3.4,2.3,9.4,3.0,4.9,2.1,1.9,1.4,0.8,0.0,0.4901,0.1107,0.3123,0.9209,0.8933,2.7273,0.5968,0.3439,0.8498,0.166,0.5178,0.9209,2.7984,0.7352,0.8261,0.8261,0.8261,0.6443,0.2885,0.7233,0.0751,0.1462,1.8774,0.2213,8.2292,0.5652,0,0,0,1,0,1,0,0,0,0,1,1,0,0,0,0,0,0,0,0,2,11717,475,135,67,47,6382,0,0,21,29,45,0,21,146,72,18,37,14.8,4.2,0.7,0.5,65.1,0.0,0.0,0.5,0.3,0.5,0.0,0.5,1.5,0.7,0.2,0.4
48,Texas,TX,48371,Pecos County,48371,"Pecos County, Texas",4763.832629339472,15114,0,5818,24,5070,180,4070,927,75,44,1078,278,2478,358,2208,539,2048,85,3711,124,1091,225,419,159,563,244,11528,23,191,105,1175,261,121,101,430,185,2299,48,31.9,7.3,1.2,0.7,21.3,5.4,24.1,3.5,17.2,4.2,13.6,0.6,24.6,0.8,8.5,1.7,8.2,3.1,4.0,1.7,76.3,0.2,3.3,1.8,20.2,4.5,2.4,2.0,8.5,3.6,15.2,0.3,0.7945,0.0474,0.4901,0.8458,0.5138,2.6916,0.581,0.2134,0.6206,0.0356,0.751,0.6522,2.2728,0.3597,0.8972,0.8972,0.8972,0.6364,0.8024,0.249,0.913,0.9407,3.5415,0.9447,9.4031,0.7628,0,0,0,0,0,0,0,0,0,0,0,0,0,0,0,0,0,1,1,2,2,15205,1289,266,581,139,10597,0,191,153,13,23,23,29,123,133,0,23,25.4,5.1,3.8,0.9,70.1,0.0,1.3,1.0,0.1,0.2,0.2,0.2,0.8,0.9,0.0,0.3
48,Texas,TX,48373,Polk County,48373,"Polk County, Texas",1057.044279816582,50536,0,25087,39,18084,482,12124,986,1880,405,4012,495,6806,664,7815,805,9477,50,10162,46,11327,707,1187,254,974,268,14675,114,409,181,5681,553,1085,317,642,203,3698,55,25.9,2.1,9.3,2.0,22.2,2.7,18.6,1.8,16.7,1.7,18.8,0.1,20.1,0.1,24.2,1.5,6.6,1.4,2.0,0.6,29.0,0.2,1.7,0.7,22.6,2.2,6.0,1.7,3.6,1.1,7.3,0.1,0.5178,0.9447,0.5613,0.6719,0.4743,3.17,0.7391,0.5771,0.166,0.9565,0.5455,0.2885,2.5336,0.5455,0.249,0.249,0.249,0.4387,0.8538,0.8261,0.3399,0.83,3.2885,0.8696,9.2411,0.7233,0,1,0,0,0,1,0,0,1,0,0,1,0,0,0,0,0,0,0,0,2,47022,3095,414,4064,373,7866,0,315,103,576,115,0,35,1842,417,12,20,17.1,2.2,8.0,0.7,15.6,0.0,0.6,0.2,1.1,0.2,0.0,0.1,3.6,0.8,0.0,0.1
48,Texas,TX,48375,Potter County,48375,"Potter County, Texas",908.38940902097,117905,0,48952,89,42824,543,39421,2163,1917,368,13501,882,17141,903,23871,1630,15870,65,31729,0,14717,836,3644,494,7188,796,67516,239,5722,506,3985,481,1962,343,3704,440,6858,134,35.4,1.9,3.7,0.7,31.5,2.0,22.8,1.2,21.5,1.5,13.5,0.1,26.9,0.0,13.2,0.7,8.5,1.1,6.6,0.7,57.3,0.2,11.7,1.0,8.1,1.0,4.6,0.8,8.6,1.0,5.8,0.1,0.8854,0.3281,0.9802,0.8142,0.8182,3.8261,0.9249,0.2055,0.7984,0.3083,0.7945,0.8182,2.9249,0.7866,0.7115,0.7115,0.7115,0.9289,0.2253,0.6798,0.917,0.7826,3.5336,0.9407,10.9961,0.9526,0,0,1,0,0,1,0,0,0,0,0,0,0,0,1,0,0,1,0,2,3,152836,7177,587,11781,419,46658,0,5981,181,462,82,52,48,2528,559,54,59,16.8,1.4,10.0,0.4,39.6,0.0,5.1,0.2,0.4,0.1,0.0,0.1,2.1,0.5,0.0,0.1
48,Texas,TX,48377,Presidio County,48377,"Presidio County, Texas",3855.250650015492,6168,0,3396,226,2275,248,2883,893,345,334,641,237,1456,401,2036,609,1405,281,1842,233,937,305,100,98,1027,392,5016,183,61,85,447,153,203,116,316,191,5,8,46.8,14.5,12.3,11.5,28.2,10.0,38.4,10.5,33.0,9.9,22.8,4.6,29.9,3.8,15.2,4.9,4.4,4.3,18.1,6.9,81.3,3.0,1.8,2.5,13.2,4.4,8.9,5.0,13.9,8.1,0.1,0.1,0.9723,0.9881,0.913,0.9842,0.996,4.8536,1.0,0.8063,0.9209,0.4545,0.2372,0.9723,3.3912,0.9407,0.9209,0.9209,0.9209,0.4625,0.4664,0.9407,0.9921,0.0474,2.9091,0.7075,12.0748,0.9842,1,1,1,1,1,5,0,1,0,0,1,2,1,1,0,0,1,1,0,2,10,5692,674,234,0,21,4893,172,2,3,42,76,0,21,79,90,0,21,29.6,9.5,0.0,0.8,79.3,2.8,0.0,0.1,0.7,1.2,0.0,0.8,1.3,1.5,0.0,0.8
48,Texas,TX,48379,Rains County,48379,"Rains County, Texas",229.489944978246,12257,0,5811,21,4710,264,2344,478,121,57,682,149,1159,264,1986,389,2942,93,2355,193,2469,334,277,113,257,194,2032,60,46,31,1178,215,136,72,193,121,64,3,19.3,3.9,2.3,1.1,14.5,3.1,12.6,2.8,16.3,3.2,24.0,0.8,19.2,1.6,20.2,2.7,5.8,2.4,2.2,1.7,16.6,0.5,0.8,0.5,20.3,3.7,2.9,1.5,4.1,2.6,0.5,0.0,0.2332,0.1304,0.1107,0.3004,0.415,1.1897,0.083,0.8577,0.1107,0.8498,0.4506,0.3281,2.5969,0.5968,0.0395,0.0395,0.0395,0.2648,0.8103,0.3399,0.4111,0.0632,1.8893,0.2253,5.7154,0.1344,0,0,0,0,0,0,0,0,0,0,0,0,0,0,0,0,0,0,0,0,0,8714,658,169,325,65,1203,0,99,51,107,48,0,23,265,115,33,48,14.0,3.5,2.7,0.5,9.8,0.0,0.8,0.4,0.9,0.4,0.0,0.4,2.2,0.9,0.3,0.4
48,Texas,TX,48381,Randall County,48381,"Randall County, Texas",912.710100054356,141489,0,60525,103,54984,648,21641,1879,2137,424,12455,973,5734,548,13454,1171,21850,127,33823,0,14840,884,3879,579,1114,329,45396,703,6994,663,4024,528,1366,318,1542,340,2687,60,15.6,1.4,2.8,0.6,22.7,1.7,6.1,0.6,9.6,0.8,15.4,0.1,23.9,0.0,10.6,0.6,7.1,1.0,0.8,0.2,32.1,0.5,11.6,1.1,6.6,0.9,2.4,0.6,2.8,0.6,1.9,0.0,0.1146,0.1937,0.6206,0.0198,0.0277,0.9764,0.0395,0.3518,0.5336,0.1146,0.6324,0.0791,1.7115,0.0909,0.3083,0.3083,0.3083,0.9209,0.1344,0.249,0.1739,0.5178,1.996,0.2767,4.9922,0.0593,0,0,0,0,0,0,0,0,0,0,0,0,0,0,1,0,0,0,0,1,1,106609,4751,486,3974,440,33883,0,2414,305,326,95,202,109,4057,784,540,365,8.6,0.9,2.8,0.3,23.9,0.0,1.7,0.2,0.2,0.1,0.1,0.1,2.9,0.6,0.4,0.3
48,Texas,TX,48383,Reagan County,48383,"Reagan County, Texas",1175.313452944138,3308,0,1325,80,1090,103,592,203,149,70,151,71,236,88,559,175,277,81,1002,109,167,68,64,44,63,82,2565,148,0,21,311,94,46,61,8,11,24,2,18.0,6.2,8.7,3.9,13.9,6.4,11.9,4.3,17.0,5.3,8.4,2.4,30.3,3.3,5.1,2.1,5.9,4.0,2.1,2.7,77.5,4.5,0.0,1.6,23.5,7.1,4.2,5.6,0.7,1.0,0.7,0.1,0.1779,0.9289,0.083,0.249,0.498,1.9368,0.2925,0.0,0.9249,0.0,0.4664,0.3123,1.7036,0.0751,0.9051,0.9051,0.9051,0.0,0.8735,0.6561,0.0277,0.1107,1.668,0.17,6.2135,0.1937,0,1,0,0,0,1,0,1,0,0,0,1,1,1,0,0,0,0,0,0,3,3614,170,91,69,59,2340,166,89,49,0,15,0,15,67,49,0,15,15.6,8.2,2.1,1.8,70.7,5.0,2.7,1.5,0.0,1.5,0.0,1.5,2.0,1.5,0.0,1.5
48,Texas,TX,48385,Real County,48385,"Real County, Texas",699.158474207658,2830,0,1817,124,992,114,976,281,12,17,177,76,215,115,540,186,966,170,675,162,832,193,29,31,51,72,762,193,4,17,464,97,36,39,37,43,119,7,37.6,10.6,1.6,2.1,17.8,7.4,10.9,5.4,19.8,6.8,34.1,6.0,23.9,5.7,30.5,7.1,2.9,3.1,1.9,2.7,26.9,6.8,0.2,0.9,25.5,4.9,3.6,3.9,3.7,4.3,4.2,0.2,0.9012,0.0791,0.2372,0.1858,0.7233,2.1266,0.3755,0.9723,0.5336,0.9921,0.0791,0.2688,2.8459,0.7589,0.2016,0.2016,0.2016,0.1265,0.9209,0.5336,0.3636,0.7233,2.6679,0.5652,7.842,0.4862,1,0,0,0,0,1,1,0,1,0,0,2,0,0,0,1,0,0,0,1,4,2483,254,88,37,40,724,192,0,15,0,15,0,15,1,3,0,15,25.6,7.7,1.3,1.4,25.6,6.8,0.0,1.7,0.0,1.7,0.0,1.7,0.0,0.1,0.0,1.7
48,Texas,TX,48387,Red River County,48387,"Red River County, Texas",1043.895191262888,11627,0,6195,19,4662,210,3516,518,171,115,1054,201,1260,261,2165,376,3016,108,2338,11,1925,261,190,81,181,115,3119,14,204,118,946,196,91,62,159,91,190,4,30.8,4.5,3.8,2.5,22.6,4.2,14.9,3.1,18.9,3.3,25.9,0.9,20.1,0.1,16.8,2.3,4.1,1.7,1.7,1.1,26.8,0.1,3.3,1.9,15.3,3.2,1.9,1.3,3.4,2.0,1.6,0.0,0.7589,0.3399,0.6047,0.4704,0.668,2.8419,0.6443,0.8972,0.166,0.6324,0.2055,0.2332,2.1343,0.2648,0.1937,0.1937,0.1937,0.6364,0.6008,0.1818,0.3043,0.4427,2.166,0.3281,7.3359,0.3992,0,0,0,0,0,0,0,0,0,0,0,0,0,0,0,0,0,0,0,0,0,9729,1489,224,1816,137,902,0,38,48,94,43,2,4,243,120,24,37,31.9,4.4,15.6,1.2,7.8,0.0,0.3,0.4,0.8,0.4,0.0,0.1,2.1,1.0,0.2,0.3
48,Texas,TX,48389,Reeves County,48389,"Reeves County, Texas",2635.352451248436,14022,0,5064,58,4117,206,4398,760,473,301,836,235,2668,445,2152,487,1741,88,3253,0,1417,366,481,216,1560,430,11128,278,230,166,589,187,298,182,205,113,1146,164,34.1,5.9,7.0,4.4,20.3,5.6,29.2,4.8,16.7,3.7,12.4,0.6,23.2,0.0,11.0,2.8,11.7,5.2,11.8,3.3,79.4,2.0,4.5,3.3,11.6,3.7,7.2,4.4,5.0,2.7,8.2,1.2,0.8577,0.834,0.4071,0.9289,0.4743,3.502,0.8538,0.1265,0.4308,0.1462,0.9289,0.9289,2.5613,0.5692,0.913,0.913,0.913,0.7352,0.3834,0.9012,0.5692,0.8577,3.4467,0.9209,10.423,0.8972,0,0,0,1,0,1,0,0,0,1,1,2,1,1,0,0,1,0,0,1,5,13525,1206,239,106,81,10574,0,152,212,12,18,24,34,56,60,204,160,29.3,5.3,0.8,0.6,75.4,0.0,1.1,1.5,0.1,0.1,0.2,0.2,0.4,0.4,1.5,1.1
48,Texas,TX,48391,Refugio County,48391,"Refugio County, Texas",770.484130648814,6718,0,3311,16,2235,147,1798,348,155,80,570,134,760,164,1037,209,1499,26,1517,0,1558,218,199,96,77,89,4030,25,22,26,426,114,58,36,212,80,157,3,27.4,5.3,5.6,2.9,25.5,5.8,16.2,3.4,15.8,3.2,22.3,0.4,22.6,0.0,23.7,3.3,8.9,4.3,1.2,1.4,60.0,0.4,0.7,0.8,12.9,3.4,2.6,1.6,9.5,3.5,2.3,0.0,0.6126,0.6759,0.8221,0.5731,0.3676,3.0513,0.7273,0.7826,0.3597,0.9447,0.8182,0.1186,3.0238,0.8379,0.7708,0.7708,0.7708,0.249,0.4506,0.2806,0.9407,0.5771,2.498,0.4901,9.3439,0.7549,0,0,0,0,0,0,0,0,1,0,0,1,0,0,0,0,0,1,0,1,2,6163,545,95,433,76,3473,0,16,33,4,6,0,21,85,70,19,24,24.4,4.1,6.4,1.1,51.7,0.0,0.2,0.5,0.1,0.1,0.0,0.7,1.3,1.0,0.3,0.4
48,Texas,TX,48393,Roberts County,48393,"Roberts County, Texas",924.057315053084,764,145,397,51,320,55,120,90,2,3,35,25,44,45,100,38,108,38,178,74,92,55,2,15,0,60,131,191,0,21,34,23,9,18,25,21,0,15,15.8,11.5,0.5,0.8,10.9,7.6,8.2,7.7,13.1,4.9,14.1,5.1,23.3,6.8,12.0,6.5,0.6,4.7,0.0,8.1,17.1,24.8,0.0,5.3,8.6,5.7,2.8,5.6,7.8,6.6,0.0,2.0,0.1186,0.0316,0.0395,0.0711,0.1621,0.4229,0.0198,0.253,0.4427,0.1937,0.0158,0.0,0.9052,0.0,0.0514,0.0514,0.0514,0.0,0.2451,0.3162,0.8735,0.0,1.4348,0.1028,2.8143,0.0,0,0,0,0,0,0,0,0,0,0,0,0,0,0,0,0,0,0,0,0,0,681,90,40,3,5,106,69,0,15,0,15,0,15,22,21,0,15,28.1,12.0,0.4,0.7,13.9,7.9,0.0,6.3,0.0,6.3,0.0,6.3,2.9,2.8,0.0,6.3
48,Texas,TX,48395,Robertson County,48395,"Robertson County, Texas",855.154282638068,16912,0,8494,22,6309,226,3581,666,635,240,1122,242,1701,295,2243,493,3425,121,4023,40,3126,378,460,138,258,164,7461,73,32,28,1558,255,260,99,499,162,196,4,21.4,4.0,8.7,3.1,17.8,3.8,14.7,2.6,13.4,2.9,20.3,0.7,23.8,0.2,18.7,2.3,7.3,2.2,1.6,1.0,44.1,0.4,0.4,0.3,18.3,3.0,4.1,1.6,7.9,2.5,1.2,0.0,0.2964,0.9289,0.2372,0.4506,0.1739,2.087,0.3636,0.6601,0.5138,0.7273,0.664,0.1897,2.7549,0.6877,0.5257,0.5257,0.5257,0.17,0.7312,0.6364,0.8854,0.3162,2.7392,0.6166,8.1068,0.5415,0,1,0,0,0,1,0,0,0,0,0,0,0,0,0,0,0,0,0,0,1,13452,1224,233,3366,76,3749,0,35,38,23,32,11,18,273,105,4,9,19.4,3.5,19.9,0.4,22.2,0.0,0.2,0.2,0.1,0.2,0.1,0.1,1.6,0.6,0.0,0.1
48,Texas,TX,48397,Rockwall County,48397,"Rockwall County, Texas",127.208705089238,110631,0,39281,61,37881,425,7694,1323,2306,456,6045,681,4075,561,9581,975,13674,91,29443,33,8487,792,2053,416,1395,342,36799,140,2065,435,1409,362,729,285,676,191,719,12,7.0,1.2,3.9,0.7,16.0,1.8,5.7,0.8,8.7,0.9,12.4,0.1,26.6,0.1,7.7,0.7,5.4,1.1,1.3,0.3,33.3,0.1,5.2,1.1,3.6,0.9,1.9,0.8,1.8,0.5,0.6,0.0,0.004,0.3597,0.17,0.0119,0.0198,0.5654,0.0237,0.1265,0.7866,0.0198,0.3913,0.1383,1.4625,0.0277,0.3202,0.3202,0.3202,0.7866,0.0474,0.1818,0.0672,0.087,1.17,0.0514,3.5181,0.0198,0,0,0,0,0,0,0,0,0,0,0,0,0,0,0,0,0,0,0,0,0,94952,1302,334,8332,445,21516,0,3532,250,163,127,74,49,2758,568,424,237,3.4,0.9,7.5,0.4,19.4,0.0,3.2,0.2,0.1,0.1,0.1,0.1,2.5,0.5,0.4,0.2
48,Texas,TX,48399,Runnels County,48399,"Runnels County, Texas",1051.069769128946,9858,0,5008,22,3780,183,2247,381,138,69,588,129,1170,167,1487,304,2030,65,2310,15,1833,218,261,93,253,124,3938,20,19,31,323,98,21,29,89,50,206,5,23.5,4.0,3.0,1.5,15.6,3.3,17.1,2.5,15.4,3.2,20.6,0.7,23.4,0.1,19.0,2.3,6.9,2.4,2.7,1.3,39.9,0.2,0.4,0.6,6.4,2.0,0.6,0.8,2.4,1.3,2.1,0.1,0.415,0.2253,0.1383,0.6047,0.3281,1.7114,0.1976,0.6917,0.4625,0.7708,0.6047,0.4111,2.9408,0.7945,0.4427,0.4427,0.4427,0.17,0.1225,0.0474,0.1028,0.5494,0.9921,0.0356,6.087,0.166,0,0,0,0,0,0,0,0,0,0,0,0,0,0,0,0,0,0,0,0,0,8843,668,131,295,29,3469,0,6,10,0,21,0,21,168,33,0,21,17.7,3.3,3.0,0.3,35.2,0.0,0.1,0.1,0.0,0.5,0.0,0.5,1.7,0.3,0.0,0.5
48,Texas,TX,48401,Rusk County,48401,"Rusk County, Texas",924.198155024032,52755,0,21188,45,17792,431,11652,1310,1258,275,3496,472,5721,452,7589,912,8888,72,11799,34,7390,609,1202,249,1245,344,19790,110,285,140,4013,421,498,148,695,189,4944,68,24.4,2.7,5.5,1.2,19.6,2.6,15.8,1.2,15.8,1.9,16.8,0.1,22.4,0.1,15.4,1.3,6.8,1.4,2.5,0.7,37.5,0.2,1.4,0.7,18.9,2.0,2.8,0.8,3.9,1.1,9.4,0.1,0.4545,0.6561,0.3518,0.5494,0.3676,2.3794,0.4704,0.4427,0.3399,0.4822,0.581,0.3834,2.2292,0.3399,0.3834,0.3834,0.3834,0.3794,0.7589,0.3162,0.3794,0.8775,2.7114,0.5889,7.7034,0.4625,0,0,0,0,0,0,0,0,0,0,0,0,0,0,0,0,0,0,0,0,0,45726,4657,480,8205,302,9429,0,208,101,29,26,65,70,1854,300,0,35,26.2,2.6,15.6,0.6,17.9,0.0,0.4,0.2,0.1,0.1,0.1,0.1,3.5,0.6,0.0,0.1
48,Texas,TX,48403,Sabine County,48403,"Sabine County, Texas",491.709937964432,9980,0,7634,27,4471,286,2934,522,292,131,1001,222,996,243,1303,293,2997,110,1757,84,2601,264,224,89,2,81,1601,110,3,21,2814,362,44,29,200,73,110,18,29.8,5.3,8.4,3.8,22.4,4.8,13.1,3.3,13.2,3.0,30.0,1.1,17.6,0.8,26.3,2.7,5.0,2.0,0.0,0.9,16.0,1.1,0.0,0.3,36.9,4.7,0.9,0.6,4.5,1.6,1.1,0.2,0.7154,0.913,0.585,0.332,0.166,2.7114,0.5929,0.9526,0.0514,0.9763,0.332,0.0,2.3123,0.4071,0.0316,0.0316,0.0316,0.0,0.9921,0.0791,0.4862,0.2688,1.8262,0.2055,6.8815,0.3162,0,1,0,0,0,1,1,0,1,0,0,2,0,0,0,1,0,0,0,1,4,10069,649,141,498,144,509,0,130,108,17,20,38,48,309,77,100,110,14.5,3.0,5.0,1.4,5.1,0.0,1.3,1.1,0.2,0.2,0.4,0.5,3.1,0.8,1.0,1.1
48,Texas,TX,48405,San Augustine County,48405,"San Augustine County, Texas",530.658728955026,7920,0,4791,14,3051,238,3149,424,300,148,687,181,1034,188,1665,278,2232,90,1555,19,1902,331,147,75,200,112,2480,21,84,59,1526,203,88,60,357,136,249,6,41.1,5.5,10.3,5.2,22.5,5.7,17.7,3.2,21.6,3.6,28.2,1.1,19.6,0.2,24.7,4.3,4.9,2.4,2.6,1.5,31.3,0.3,1.8,1.2,31.9,4.3,2.9,2.0,11.7,4.3,3.1,0.1,0.9447,0.9723,0.5889,0.6245,0.8261,3.9565,0.9407,0.9407,0.1304,0.9605,0.3162,0.3913,2.7391,0.6798,0.2885,0.2885,0.2885,0.4625,0.9723,0.3399,0.9802,0.664,3.4189,0.9051,10.403,0.8854,1,1,0,0,0,2,1,0,1,0,0,2,0,0,0,1,0,1,0,2,6,6803,712,161,1763,21,643,0,0,21,57,27,0,21,17,27,0,21,23.3,4.8,22.3,0.6,8.1,0.0,0.0,0.6,0.7,0.3,0.0,0.6,0.2,0.3,0.0,0.6
48,Texas,TX,48407,San Jacinto County,48407,"San Jacinto County, Texas",569.242637725438,27666,0,14041,22,10064,447,7939,1194,828,249,2418,492,2825,506,5483,621,6042,131,5873,20,6003,675,430,158,849,254,7546,49,51,31,3393,450,762,214,323,138,139,6,28.9,4.3,7.1,2.2,24.0,4.8,14.4,2.6,20.0,2.3,21.8,0.5,21.2,0.1,21.8,2.5,4.2,1.6,3.2,1.0,27.3,0.2,0.3,0.2,24.2,3.2,7.6,2.1,3.2,1.4,0.5,0.0,0.6838,0.8458,0.7312,0.4348,0.747,3.4426,0.8182,0.747,0.2332,0.9091,0.2213,0.502,2.6126,0.6047,0.2134,0.2134,0.2134,0.1462,0.8933,0.913,0.2451,0.0632,2.2608,0.3794,8.5294,0.6245,0,0,0,0,0,0,0,0,1,0,0,1,0,0,0,0,1,0,0,1,2,18115,1782,384,2472,239,4147,0,40,60,9,12,16,26,859,217,3,5,17.7,3.8,8.9,0.9,15.0,0.0,0.1,0.2,0.0,0.1,0.1,0.1,3.1,0.8,0.0,0.1
48,Texas,TX,48409,San Patricio County,48409,"San Patricio County, Texas",693.320844401062,68942,0,29551,105,23920,496,19217,1899,1308,309,5688,656,7903,686,11507,1087,10384,116,18098,50,13051,807,2042,392,1629,414,43523,235,1374,317,2689,399,1442,353,1614,306,719,94,28.3,2.8,4.4,1.0,23.8,2.7,17.7,1.5,16.9,1.6,15.1,0.2,26.3,0.1,19.1,1.2,8.5,1.6,2.5,0.6,63.1,0.3,4.6,1.1,9.1,1.4,6.0,1.5,6.7,1.3,1.0,0.1,0.6561,0.4704,0.7115,0.6245,0.4862,2.9487,0.6917,0.3281,0.7708,0.7787,0.7945,0.3834,3.0555,0.8498,0.8024,0.8024,0.8024,0.7431,0.2727,0.8261,0.7945,0.2213,2.8577,0.6601,9.6643,0.8024,0,0,0,0,0,0,0,0,0,0,0,0,0,0,0,0,0,0,0,0,0,62614,4839,423,983,175,40446,0,641,116,10,15,159,109,1151,252,133,115,20.2,1.7,1.4,0.3,58.7,0.0,0.9,0.2,0.0,0.1,0.2,0.2,1.7,0.4,0.2,0.2
48,Texas,TX,48411,San Saba County,48411,"San Saba County, Texas",1135.3125301425239,5779,0,2855,29,2014,121,1371,272,91,64,413,118,584,159,1176,221,1310,62,1115,21,983,150,66,37,157,129,2164,3,0,29,271,70,56,36,41,31,636,60,26.6,5.3,3.8,2.6,20.5,5.7,14.2,4.0,22.7,4.2,22.7,1.1,19.3,0.4,19.0,2.9,3.3,1.8,2.8,2.3,37.4,0.1,0.0,1.0,9.5,2.5,2.8,1.8,2.0,1.5,11.0,1.0,0.5731,0.3399,0.4269,0.415,0.8775,2.6324,0.5613,0.8024,0.1225,0.7708,0.1146,0.4269,2.2372,0.3439,0.3794,0.3794,0.3794,0.0,0.3043,0.3162,0.0909,0.9012,1.6126,0.1462,6.8616,0.3123,0,0,0,0,0,0,0,0,0,0,0,0,0,0,0,0,0,0,1,1,1,4890,266,80,95,64,1793,0,10,11,3,8,10,20,253,57,0,21,13.2,4.0,1.6,1.1,31.0,0.0,0.2,0.2,0.1,0.1,0.2,0.4,4.4,1.0,0.0,0.9
48,Texas,TX,48413,Schleicher County,48413,"Schleicher County, Texas",1310.641025946936,2474,0,1296,12,899,112,521,166,76,68,147,64,298,66,603,200,634,78,598,0,310,116,15,29,107,79,1417,58,1,15,184,69,15,28,37,29,8,2,21.1,6.7,6.9,6.0,16.4,6.8,18.0,3.9,24.8,8.2,25.6,3.2,24.2,0.0,12.7,4.7,1.7,3.2,4.7,3.5,57.3,2.3,0.1,1.2,14.2,5.3,1.7,3.1,4.1,3.1,0.3,0.1,0.2727,0.8261,0.1858,0.6364,0.917,2.838,0.6324,0.8893,0.5771,0.2569,0.0395,0.7036,2.4664,0.498,0.7115,0.7115,0.7115,0.1107,0.5138,0.1542,0.4111,0.0553,1.2451,0.0593,7.261,0.3676,0,0,0,0,1,1,0,0,0,0,0,0,0,0,0,0,0,0,0,0,1,1832,291,80,40,45,1343,0,0,15,0,15,7,16,27,31,0,15,32.4,8.8,1.6,1.8,54.3,0.0,0.0,2.0,0.0,2.0,0.3,0.7,1.1,1.2,0.0,2.0
48,Texas,TX,48415,Scurry County,48415,"Scurry County, Texas",905.444122192348,16883,0,6908,33,5693,268,4132,777,159,110,805,219,1717,278,2924,467,2530,101,4273,138,2364,333,182,97,455,180,8352,95,68,61,503,164,146,97,54,41,1942,74,27.8,5.2,2.2,1.6,14.1,3.8,15.6,2.6,19.1,3.0,15.0,0.6,25.3,0.8,15.4,2.2,3.2,1.7,2.9,1.1,49.5,0.6,1.0,0.9,7.3,2.4,2.6,1.7,0.9,0.7,11.5,0.4,0.6324,0.1265,0.0909,0.5336,0.6917,2.0751,0.3518,0.3162,0.6759,0.4822,0.1067,0.4664,2.0474,0.2095,0.6403,0.6403,0.6403,0.3123,0.166,0.2806,0.0316,0.9091,1.6996,0.1779,6.4624,0.2332,0,0,0,0,0,0,0,0,0,0,0,0,0,0,0,0,0,0,1,1,1,17694,890,225,615,177,7102,0,104,34,122,139,0,23,311,140,98,93,15.6,3.8,3.6,1.0,42.1,0.0,0.6,0.2,0.7,0.8,0.0,0.3,1.8,0.8,0.6,0.6
48,Texas,TX,48417,Shackelford County,48417,"Shackelford County, Texas",914.285386947908,3134,0,1583,11,1324,83,562,182,117,84,274,100,139,46,439,107,617,14,746,62,546,105,39,31,0,60,491,49,4,16,143,55,65,51,74,52,44,15,18.1,5.9,7.2,5.2,20.7,7.4,6.5,2.1,14.2,3.5,19.7,0.5,23.8,2.0,17.6,3.4,2.9,2.3,0.0,2.0,15.7,1.6,0.3,1.0,9.0,3.5,4.9,3.8,5.6,3.9,1.4,0.5,0.1858,0.8617,0.4427,0.0316,0.249,1.7708,0.2213,0.6206,0.5138,0.6877,0.0791,0.0,1.9012,0.1423,0.0198,0.0198,0.0198,0.1462,0.2688,0.7233,0.6601,0.3874,2.1858,0.3399,5.8776,0.1423,0,0,0,0,0,0,0,0,0,0,0,0,0,0,0,0,0,0,0,0,0,2610,182,60,21,16,394,0,6,9,0,15,0,15,70,45,0,15,13.7,4.5,0.7,0.5,12.6,0.0,0.2,0.3,0.0,1.6,0.0,1.6,2.2,1.4,0.0,1.6
48,Texas,TX,48419,Shelby County,48419,"Shelby County, Texas",795.588833655532,24157,0,11500,24,8988,261,7945,881,423,148,1689,315,2911,338,4885,555,4307,94,6280,0,3685,355,637,153,804,269,9520,33,234,131,3704,379,580,191,565,158,185,5,33.2,3.7,4.0,1.4,18.8,3.5,18.3,2.1,20.4,2.3,17.8,0.4,26.0,0.0,15.4,1.5,7.1,1.7,3.6,100.0,39.4,0.1,2.1,1.1,32.2,3.3,6.5,2.1,6.3,1.7,0.8,0.0,0.8379,0.4032,0.3043,0.6601,0.7747,2.9802,0.7115,0.5138,0.7549,0.4822,0.6324,0.5968,2.9801,0.8261,0.4387,0.4387,0.4387,0.5059,0.9763,0.8656,0.7549,0.1462,3.2489,0.8577,9.6479,0.7984,0,0,0,0,0,0,0,0,0,0,0,0,0,0,0,1,0,0,0,1,1,21945,1980,329,3889,387,4607,0,109,104,65,87,163,226,667,308,20,31,22.0,3.5,16.1,1.6,19.1,0.0,0.5,0.4,0.3,0.4,0.7,0.9,2.8,1.3,0.1,0.1
48,Texas,TX,48421,Sherman County,48421,"Sherman County, Texas",922.859304253914,2414,192,1115,67,803,69,394,153,18,27,159,64,441,113,366,121,394,59,562,103,451,84,61,43,93,81,1091,241,28,37,98,45,29,29,9,13,34,11,16.6,6.3,1.5,2.3,19.8,7.8,27.9,6.6,15.4,5.0,16.3,2.5,23.3,3.4,18.9,3.4,7.6,5.3,4.1,3.5,45.2,9.3,2.5,3.3,8.8,3.9,3.6,3.6,1.1,1.6,1.4,0.4,0.1502,0.0632,0.3715,0.9091,0.3281,1.8221,0.2451,0.4111,0.4427,0.7549,0.6996,0.6561,2.9644,0.8142,0.5613,0.5613,0.5613,0.5692,0.2609,0.5336,0.0356,0.3874,1.7867,0.1976,7.1345,0.3478,0,0,0,1,0,1,0,0,0,0,0,0,0,0,0,0,0,0,0,0,1,2848,116,60,4,6,1034,138,25,37,0,15,0,15,26,38,2,4,14.4,7.3,0.2,0.3,42.8,4.8,1.0,1.5,0.0,2.0,0.0,2.0,1.1,1.6,0.1,0.1
48,Texas,TX,48423,Smith County,48423,"Smith County, Texas",921.472854829236,234667,0,97561,58,81286,887,49817,3503,5408,718,19796,1275,19190,1448,39842,2215,39803,62,56849,38,28839,1552,5689,668,8446,891,97422,341,7127,839,10369,831,2601,471,3469,515,6443,86,21.8,1.5,4.7,0.6,24.4,1.5,12.4,0.9,17.2,1.0,17.0,0.1,24.2,0.1,12.4,0.7,7.0,0.8,3.8,0.4,41.5,0.1,7.3,0.9,10.6,0.9,3.2,0.6,4.3,0.6,2.7,0.0,0.3281,0.5217,0.7549,0.2767,0.5138,2.3952,0.4822,0.4585,0.5771,0.2372,0.6206,0.6482,2.5416,0.5534,0.4783,0.4783,0.4783,0.8458,0.336,0.4545,0.4585,0.6285,2.7233,0.6047,8.1384,0.5494,0,0,0,0,0,0,0,0,0,0,0,0,0,0,0,0,0,0,0,0,0,244355,10366,824,39715,849,47820,0,3872,189,189,79,176,54,5293,874,357,291,12.8,1.0,16.9,0.4,20.4,0.0,1.6,0.1,0.1,0.1,0.1,0.1,2.3,0.4,0.2,0.1
48,Texas,TX,48425,Somervell County,48425,"Somervell County, Texas",186.207219269564,9337,0,3933,18,3345,189,1263,390,187,128,710,225,468,177,1161,408,1721,82,2020,92,1075,257,363,200,146,142,2067,10,36,42,925,231,181,137,96,78,392,18,13.8,4.3,3.9,2.7,21.2,6.6,7.1,2.6,12.7,4.5,18.4,0.9,21.6,1.0,11.7,2.8,10.8,5.9,1.6,1.6,22.1,0.1,0.9,1.1,23.5,5.9,5.4,4.1,2.9,2.3,4.2,0.2,0.0751,0.3597,0.4822,0.0395,0.1462,1.1027,0.0751,0.5534,0.2648,0.1739,0.9091,0.1897,2.0909,0.2332,0.1067,0.1067,0.1067,0.2964,0.8735,0.7866,0.1976,0.7233,2.8774,0.6798,6.1777,0.1858,0,0,0,0,0,0,0,0,0,1,0,1,0,0,0,0,0,0,0,0,1,9457,375,192,182,58,1682,0,50,78,0,21,0,21,147,74,6,10,11.2,5.6,1.9,0.6,18.0,0.0,0.5,0.8,0.0,0.5,0.0,0.5,1.6,0.8,0.1,0.1
48,Texas,TX,48427,Starr County,48427,"Starr County, Texas",1223.17856267197,65716,0,22828,50,18634,410,32826,1878,3119,643,4604,626,14281,900,21557,1275,7544,110,21447,0,10113,674,2971,486,13555,1049,63610,260,509,188,2236,389,1901,375,2002,397,589,17,50.4,2.9,11.5,2.2,24.7,3.3,39.1,2.4,33.1,2.0,11.5,0.2,32.6,0.0,15.5,1.0,15.9,2.6,22.7,1.8,96.8,0.4,2.2,0.8,9.8,1.7,10.2,2.0,10.7,2.1,0.9,0.0,0.9921,0.9842,0.7787,0.9881,1.0,4.7431,0.996,0.0949,0.9802,0.5059,0.9881,0.9921,3.5612,0.9723,0.9921,0.9921,0.9921,0.5296,0.3123,0.9644,0.9644,0.1818,2.9525,0.7352,12.2489,0.9921,1,1,0,1,1,4,0,1,0,1,1,3,1,1,0,0,1,1,0,2,10,63040,6125,560,32,55,63245,0,34,56,0,35,0,35,119,146,180,238,32.9,3.0,0.0,0.1,96.2,0.0,0.1,0.1,0.0,0.1,0.0,0.1,0.2,0.2,0.3,0.4
48,Texas,TX,48429,Stephens County,48429,"Stephens County, Texas",896.720825883562,9260,0,4677,24,3405,223,2444,412,364,179,992,217,1062,203,1541,357,1818,73,2036,98,1590,236,258,117,277,183,2890,46,355,164,546,164,75,62,315,143,446,46,27.8,4.7,8.6,4.3,29.1,6.1,16.7,3.1,17.5,4.1,19.6,0.8,22.0,1.1,18.0,2.7,7.6,3.4,3.2,2.1,31.2,0.5,7.6,3.5,11.7,3.5,2.2,1.8,9.3,4.1,4.8,0.5,0.6324,0.9209,0.9289,0.5968,0.5692,3.6482,0.8893,0.6087,0.2964,0.7036,0.6996,0.502,2.8103,0.7431,0.2806,0.2806,0.2806,0.8538,0.3874,0.2213,0.9368,0.751,3.1503,0.83,9.8894,0.8182,0,1,1,0,0,2,0,0,0,0,0,0,0,0,0,0,0,1,0,1,3,8630,550,161,264,79,2325,0,93,21,0,21,0,21,174,82,34,42,16.2,4.6,2.9,0.9,25.1,0.0,1.0,0.5,0.0,0.5,0.0,0.5,1.9,0.9,0.4,0.4
48,Texas,TX,48431,Sterling County,48431,"Sterling County, Texas",923.44894494254,1392,163,521,63,392,54,149,173,0,15,27,33,81,50,306,207,183,57,482,100,109,53,15,16,30,66,478,234,0,21,95,48,0,21,0,15,36,2,11.0,12.7,0.0,8.3,6.9,8.4,9.9,5.8,22.6,14.3,13.1,4.6,34.6,4.9,8.0,4.3,3.8,4.0,2.4,5.2,34.3,16.3,0.0,4.0,18.2,8.6,0.0,5.4,0.0,12.0,2.6,0.3,0.0237,0.0,0.0198,0.1265,0.8735,1.0435,0.0474,0.1858,0.996,0.0237,0.1779,0.3715,1.7549,0.1067,0.336,0.336,0.336,0.0,0.7154,0.0,0.0,0.6166,1.332,0.0672,4.4664,0.0356,0,0,0,0,0,0,0,1,0,0,0,1,0,0,0,0,0,0,0,0,1,1337,45,30,2,12,466,152,3,8,2,4,0,15,5,9,0,15,11.5,7.5,0.1,0.9,33.5,9.9,0.2,0.5,0.1,0.3,0.0,3.5,0.4,0.7,0.0,3.5
48,Texas,TX,48433,Stonewall County,48433,"Stonewall County, Texas",916.3122085474,1331,119,706,85,450,68,296,116,12,15,65,48,147,51,234,94,270,59,369,86,187,75,6,19,1,58,375,189,0,21,110,59,5,17,11,13,42,3,23.0,8.7,1.8,2.1,14.4,10.4,19.1,6.0,18.2,6.8,20.3,5.0,27.7,5.5,14.5,5.8,1.3,4.2,0.1,4.9,28.2,14.0,0.0,3.0,15.6,7.8,1.1,3.8,2.4,2.8,3.2,0.4,0.3874,0.087,0.1028,0.6917,0.6166,1.8855,0.2806,0.6601,0.8538,0.4071,0.0277,0.0277,1.9764,0.1739,0.2372,0.2372,0.2372,0.0,0.6166,0.1028,0.1028,0.6759,1.4981,0.1225,5.5972,0.1265,0,0,0,0,0,0,0,0,0,0,0,0,0,0,0,0,0,0,0,0,0,829,67,38,6,10,357,127,0,15,0,15,0,15,12,19,0,15,14.9,7.8,0.5,0.7,26.8,9.2,0.0,3.7,0.0,3.7,0.0,3.7,0.9,1.4,0.0,3.7
48,Texas,TX,48435,Sutton County,48435,"Sutton County, Texas",1453.93456197705,3345,0,1641,141,1068,139,982,285,71,53,180,87,395,175,540,217,442,158,1084,160,213,89,179,96,139,116,2556,240,45,54,303,107,112,81,27,36,23,15,29.5,8.6,4.7,3.5,16.9,7.8,20.0,8.1,16.2,6.5,13.2,4.7,32.4,4.8,6.4,2.7,16.7,8.7,4.4,3.7,76.4,7.2,2.7,3.3,18.5,6.3,10.5,7.5,2.5,3.3,0.7,0.4,0.6957,0.5217,0.2174,0.7312,0.3992,2.5652,0.5257,0.1937,0.9763,0.0079,1.0,0.6798,2.8577,0.7668,0.9012,0.9012,0.9012,0.5929,0.747,0.9684,0.1265,0.1107,2.5455,0.5217,8.8696,0.6759,0,0,0,0,0,0,0,1,0,1,0,2,1,1,0,0,1,0,0,1,4,3448,378,119,5,42,2496,241,0,15,14,20,8,14,26,36,7,11,35.4,9.9,0.1,1.2,74.6,7.2,0.0,1.5,0.4,0.6,0.2,0.4,0.8,1.1,0.2,0.3
48,Texas,TX,48437,Swisher County,48437,"Swisher County, Texas",890.15920540591,6989,0,3042,23,2401,137,2645,452,146,116,556,150,1001,262,1300,376,1208,97,1748,44,1025,193,107,71,351,248,4049,147,18,29,167,76,70,57,194,83,643,45,41.5,7.1,5.2,4.1,23.2,6.1,22.1,5.6,20.4,5.9,17.3,1.4,25.0,0.6,16.1,3.0,4.4,2.9,5.3,3.8,57.9,2.1,0.6,1.0,5.5,2.5,2.9,2.4,8.1,3.3,9.2,0.6,0.9486,0.6008,0.668,0.7905,0.7747,3.7826,0.9209,0.4941,0.6403,0.5494,0.2372,0.7549,2.6759,0.6403,0.7312,0.7312,0.7312,0.2213,0.0949,0.3399,0.8972,0.8735,2.4268,0.4466,9.6165,0.7945,1,0,0,0,0,1,0,0,0,0,0,0,0,0,0,0,0,0,0,0,1,6291,687,154,551,124,3183,0,7,10,13,21,0,21,174,121,121,142,28.6,6.2,7.9,1.8,45.5,0.0,0.1,0.1,0.2,0.3,0.0,0.7,2.5,1.7,1.7,2.0
48,Texas,TX,48439,Tarrant County,48439,"Tarrant County, Texas",865.248890470418,2113854,0,812186,209,754969,2321,409027,8944,54695,2933,218177,4060,176658,4668,354610,8632,247826,155,544440,0,206377,4183,55814,2575,105213,3579,1186346,1456,137552,3146,15958,1115,31234,1742,32897,1794,27379,227,19.6,0.4,4.9,0.3,28.9,0.5,12.9,0.3,16.9,0.4,11.7,0.1,25.8,0.0,9.8,0.2,7.4,0.3,5.3,0.2,56.1,0.1,16.9,0.4,2.0,0.1,4.1,0.2,4.4,0.2,1.3,0.0,0.2372,0.5692,0.9249,0.3162,0.4862,2.5337,0.5178,0.1028,0.7273,0.0711,0.6838,0.7549,2.3399,0.415,0.6917,0.6917,0.6917,0.9684,0.0079,0.6364,0.4743,0.3597,2.4467,0.4664,8.012,0.5178,0,0,1,0,0,1,0,0,0,0,0,0,0,0,1,0,0,0,0,1,2,2089515,59481,1847,357665,3097,630175,0,120991,1457,3529,467,3919,369,62621,3729,7446,1381,7.9,0.2,16.9,0.1,29.8,0.0,5.7,0.1,0.2,0.1,0.2,0.1,3.0,0.2,0.4,0.1
48,Texas,TX,48441,Taylor County,48441,"Taylor County, Texas",915.53597557303,143029,0,60980,87,53888,644,33697,2270,1621,300,15199,970,8727,701,21170,1803,20948,70,35084,0,20026,1006,3539,477,2622,625,55314,501,5769,722,2970,449,1347,285,2505,397,6913,91,24.6,1.7,2.4,0.5,28.2,1.8,10.0,0.8,15.5,1.3,14.6,0.1,24.5,0.0,14.7,0.7,6.6,0.9,2.0,0.5,38.7,0.4,9.5,1.2,4.9,0.7,2.5,0.5,4.6,0.7,4.8,0.1,0.4585,0.1462,0.913,0.1304,0.3399,1.988,0.3162,0.2806,0.6008,0.415,0.5455,0.2885,2.1304,0.2609,0.4111,0.4111,0.4111,0.8735,0.0791,0.2648,0.4941,0.751,2.4625,0.4822,6.992,0.332,0,0,1,0,0,1,0,0,0,0,0,0,0,0,0,0,0,0,0,0,1,151395,6133,624,10902,508,36517,0,3209,271,137,71,16,19,3745,540,788,486,11.4,1.1,7.6,0.4,25.5,0.0,2.2,0.2,0.1,0.1,0.0,0.1,2.6,0.4,0.6,0.3
48,Texas,TX,48443,Terrell County,48443,"Terrell County, Texas",2357.956493668682,862,252,659,109,436,110,60,50,0,15,78,56,45,39,87,62,295,108,108,59,230,121,11,12,13,58,405,285,0,21,33,28,3,15,14,20,0,15,7.0,5.4,0.0,12.8,17.9,12.0,6.3,4.8,10.1,5.6,34.2,10.7,12.5,5.3,26.7,8.9,2.5,2.7,1.5,6.8,47.0,30.1,0.0,3.2,5.0,4.1,0.7,3.4,3.2,4.5,0.0,1.7,0.004,0.0,0.249,0.0237,0.0395,0.3162,0.0119,0.9763,0.004,0.9802,0.0553,0.17,2.1858,0.3043,0.6047,0.6047,0.6047,0.0,0.083,0.0632,0.2451,0.0,0.3913,0.0,3.498,0.0158,0,0,0,0,0,0,1,0,1,0,0,2,0,0,0,0,0,0,0,0,2,562,112,60,0,15,405,186,0,15,0,15,0,15,0,15,0,15,25.7,12.4,0.0,5.6,47.0,11.6,0.0,5.6,0.0,5.6,0.0,5.6,0.0,5.6,0.0,5.6
48,Texas,TX,48445,Terry County,48445,"Terry County, Texas",888.850467889078,11816,0,4789,37,4170,201,4007,604,249,123,1081,288,1766,306,2407,403,1749,31,3236,89,1549,270,487,155,894,283,7378,21,147,93,413,142,121,106,330,170,786,45,36.4,5.5,4.8,2.3,25.9,6.8,24.0,4.2,21.8,3.7,14.8,0.3,27.4,0.8,14.0,2.5,11.7,3.7,8.2,2.6,62.4,0.2,3.1,1.9,8.6,2.9,2.9,2.5,7.9,4.0,6.7,0.4,0.8933,0.5494,0.8538,0.8419,0.834,3.9724,0.9486,0.2885,0.8379,0.3597,0.9289,0.8656,3.2806,0.913,0.7905,0.7905,0.7905,0.6245,0.2451,0.3399,0.8854,0.8103,2.9052,0.7036,10.9487,0.9447,0,0,0,0,0,0,0,0,0,1,0,1,0,0,0,0,0,0,0,0,1,10584,774,171,499,60,6733,0,22,32,37,30,0,23,87,59,0,23,18.6,4.1,4.2,0.5,57.0,0.0,0.2,0.3,0.3,0.3,0.0,0.4,0.7,0.5,0.0,0.4
48,Texas,TX,48447,Throckmorton County,48447,"Throckmorton County, Texas",912.551862327288,1439,155,924,68,635,69,409,137,19,28,79,38,104,43,381,103,367,55,264,75,214,48,17,20,12,58,227,204,5,6,113,41,7,17,16,13,0,15,28.4,9.0,2.5,3.7,12.4,5.8,9.8,3.6,26.5,6.2,25.5,4.3,18.3,3.9,14.9,3.5,2.7,3.1,0.9,4.4,15.8,14.1,0.5,0.6,12.2,4.1,1.1,2.7,2.5,2.1,0.0,1.0,0.6601,0.1621,0.0711,0.1225,0.9486,1.9644,0.3083,0.8814,0.0711,0.4308,0.0751,0.087,1.5454,0.0474,0.0277,0.0277,0.0277,0.1897,0.4071,0.1028,0.1265,0.0,0.8261,0.0079,4.3636,0.0316,0,0,0,0,1,1,0,0,0,0,0,0,0,0,0,0,0,0,0,0,1,1166,106,42,3,6,186,77,6,7,0,15,0,15,32,28,0,15,16.7,5.8,0.2,0.4,12.9,4.9,0.4,0.5,0.0,3.4,0.0,3.4,2.2,1.9,0.0,3.4
48,Texas,TX,48449,Titus County,48449,"Titus County, Texas",406.300785588872,31301,0,12059,40,10802,273,10098,895,560,154,2555,324,4354,364,6152,671,4525,66,9001,55,4052,419,1056,229,2774,420,17950,110,495,166,1806,289,1041,219,504,143,245,5,32.6,2.9,4.0,1.1,23.7,2.9,22.4,1.9,19.8,2.2,14.5,0.2,28.8,0.2,13.0,1.3,9.7,2.1,9.6,1.4,57.3,0.4,4.1,1.4,15.0,2.4,9.6,2.0,4.7,1.3,0.8,0.0,0.8182,0.4032,0.7075,0.8063,0.7233,3.4585,0.83,0.2767,0.8735,0.2806,0.8696,0.9012,3.2016,0.8854,0.7115,0.7115,0.7115,0.7036,0.5929,0.9565,0.5059,0.1462,2.9051,0.6996,10.2767,0.8656,0,0,0,0,0,0,0,0,0,0,1,1,0,0,0,0,1,0,0,1,2,37249,1846,271,2960,54,14077,0,393,31,74,51,0,31,383,109,63,56,17.1,2.5,9.5,0.2,45.0,0.0,1.3,0.2,0.2,0.2,0.0,0.2,1.2,0.3,0.2,0.2
48,Texas,TX,48451,Tom Green County,48451,"Tom Green County, Texas",1522.3194713769,119276,0,51487,106,45449,634,23999,1890,1813,370,11410,966,10324,821,15788,1492,19007,91,28700,6,16290,1052,3270,482,2886,563,58789,445,5692,603,2869,407,1461,343,2153,430,5958,232,21.1,1.7,3.2,0.6,25.1,2.1,13.4,1.1,13.8,1.3,15.9,0.1,24.1,0.1,14.2,0.9,7.2,1.1,2.6,0.5,49.3,0.4,11.1,1.2,5.6,0.8,3.2,0.8,4.7,0.9,5.0,0.2,0.2727,0.2569,0.7984,0.3518,0.2174,1.8972,0.2846,0.3874,0.5573,0.3636,0.6482,0.3913,2.3478,0.4308,0.6324,0.6324,0.6324,0.917,0.1067,0.4545,0.5059,0.7628,2.7469,0.6206,7.6243,0.4545,0,0,0,0,0,0,0,0,0,0,0,0,0,0,1,0,0,0,0,1,1,121229,6726,743,4280,260,49838,0,1459,207,122,75,89,84,2561,405,440,381,14.8,1.6,3.6,0.2,41.8,0.0,1.2,0.2,0.1,0.1,0.1,0.1,2.1,0.3,0.4,0.3
48,Texas,TX,48453,Travis County,48453,"Travis County, Texas",994.29399589987,1289054,0,571625,301,538109,1698,218954,7340,32145,1924,151104,3765,82734,3013,159505,6073,133532,58,267428,99,115523,3687,27524,1787,61612,3406,674098,1390,163926,3365,17796,1334,22135,1585,29601,1615,27509,345,17.3,0.6,4.2,0.2,28.1,0.7,9.2,0.3,12.5,0.5,10.4,0.1,20.7,0.1,9.0,0.3,5.1,0.3,5.1,0.3,52.3,0.1,28.7,0.6,3.1,0.2,4.1,0.3,5.5,0.3,2.1,0.0,0.1621,0.4308,0.9091,0.0949,0.1423,1.7392,0.2095,0.0395,0.1937,0.0435,0.3597,0.7431,1.3795,0.0158,0.6719,0.6719,0.6719,0.996,0.0395,0.6364,0.6324,0.5494,2.8537,0.6561,6.6443,0.2688,0,0,1,0,0,1,0,0,0,0,0,0,0,0,1,0,0,0,0,1,2,1467823,39631,2134,102001,1711,429581,0,91043,1675,1582,349,504,136,44696,2736,4691,936,7.4,0.4,7.9,0.1,33.3,0.0,7.1,0.1,0.1,0.1,0.0,0.1,3.5,0.2,0.4,0.1
48,Texas,TX,48455,Trinity County,48455,"Trinity County, Texas",693.794686150052,13735,0,8256,34,5946,281,3640,495,378,128,1282,269,1355,236,2356,408,3630,86,2707,19,3152,337,505,186,215,153,3152,20,24,29,2945,290,236,128,578,164,153,22,26.9,3.7,7.0,2.3,21.6,4.4,13.6,2.4,17.3,3.0,26.4,0.6,19.7,0.1,23.2,2.5,8.4,3.1,1.6,1.2,22.9,0.1,0.3,0.4,35.7,3.5,4.0,2.1,9.7,2.7,1.1,0.2,0.5889,0.834,0.5178,0.3636,0.5375,2.8418,0.6364,0.9051,0.1423,0.9328,0.7787,0.1897,2.9486,0.7984,0.1265,0.1265,0.1265,0.1462,0.9881,0.5968,0.9486,0.2688,2.9485,0.7312,8.8654,0.6719,0,0,0,0,0,0,1,0,1,0,0,2,0,0,0,1,0,1,0,2,4,11474,1119,212,1152,125,1586,0,17,22,0,23,0,23,391,125,6,10,18.8,3.4,8.4,0.9,11.5,0.0,0.1,0.2,0.0,0.4,0.0,0.4,2.8,0.9,0.0,0.1
48,Texas,TX,48457,Tyler County,48457,"Tyler County, Texas",924.389456209768,19962,0,9516,36,6811,263,5297,591,912,240,1256,244,2518,355,2839,454,4417,105,3816,34,4495,527,430,145,221,124,4313,87,209,86,1718,259,191,92,477,148,2129,71,29.9,3.3,12.6,3.2,18.4,3.5,17.4,2.4,15.9,2.5,22.1,0.5,19.1,0.2,25.2,2.9,6.4,2.1,1.2,0.6,21.6,0.4,2.2,0.9,18.1,2.7,2.8,1.3,7.0,2.1,10.7,0.4,0.7233,0.996,0.2688,0.6087,0.3794,2.9762,0.7075,0.7589,0.1067,0.9723,0.5178,0.1186,2.4743,0.5059,0.0988,0.0988,0.0988,0.5296,0.7115,0.3162,0.83,0.8933,3.2806,0.8656,8.8299,0.664,0,1,0,0,0,1,0,0,1,0,0,1,0,0,0,0,0,0,0,0,2,18130,1219,224,2107,170,1430,0,135,28,30,25,0,23,561,186,50,51,17.9,3.1,10.6,0.9,7.2,0.0,0.7,0.1,0.2,0.1,0.0,0.2,2.8,0.9,0.3,0.3
48,Texas,TX,48459,Upshur County,48459,"Upshur County, Texas",582.979592829068,41261,0,17383,37,14969,294,11315,1229,782,239,2963,369,3802,392,6694,808,7540,98,9824,0,8130,657,717,205,374,184,8623,93,86,63,3531,397,360,154,577,185,514,9,27.9,3.0,4.3,1.3,19.8,2.4,13.4,1.4,16.4,2.0,18.3,0.2,23.8,0.0,20.0,1.6,4.8,1.4,1.0,0.5,20.9,0.2,0.5,0.4,20.3,2.3,2.4,1.0,3.9,1.2,1.2,0.0,0.6443,0.4466,0.3715,0.3518,0.4466,2.2608,0.4111,0.5375,0.5138,0.834,0.2925,0.1107,2.2885,0.3755,0.0909,0.0909,0.0909,0.1897,0.8103,0.249,0.3794,0.3162,1.9446,0.249,6.5848,0.2569,0,0,0,0,0,0,0,0,0,0,0,0,0,0,0,0,0,0,0,0,0,30196,1941,259,3091,266,3834,0,213,48,47,41,25,43,1347,265,66,72,13.0,1.7,7.5,0.6,9.3,0.0,0.5,0.1,0.1,0.1,0.1,0.1,3.3,0.6,0.2,0.2
48,Texas,TX,48461,Upton County,48461,"Upton County, Texas",1241.322021522894,3284,0,1676,77,1363,84,970,250,67,38,216,84,462,128,379,158,539,73,892,108,328,108,85,56,116,82,1961,148,16,25,238,88,55,44,82,45,67,3,30.1,7.8,4.7,2.8,15.8,6.1,21.0,5.5,11.8,4.9,16.4,2.2,27.2,3.3,10.2,3.3,6.3,4.1,3.6,2.6,59.7,4.5,1.0,1.5,14.2,5.2,4.0,3.2,6.0,3.3,2.0,0.1,0.7312,0.5217,0.1542,0.7549,0.0988,2.2608,0.4111,0.4229,0.8261,0.0949,0.5059,0.5968,2.4466,0.4862,0.7589,0.7589,0.7589,0.3123,0.5138,0.5968,0.7115,0.5296,2.664,0.5613,8.1303,0.5455,0,0,0,0,0,0,0,0,0,0,0,0,0,0,0,0,0,0,0,0,0,3389,399,98,72,64,1849,166,17,23,21,21,0,15,2,4,0,15,29.3,7.1,2.2,2.0,56.3,5.1,0.5,0.7,0.6,0.6,0.0,1.5,0.1,0.1,0.0,1.5
48,Texas,TX,48463,Uvalde County,48463,"Uvalde County, Texas",1551.921055728766,24833,0,10108,22,8420,344,8320,1241,329,137,2202,448,3695,566,4690,869,4056,63,6478,65,4758,616,1019,308,1645,443,18676,69,305,149,1463,305,395,242,610,211,722,16,34.7,5.2,3.2,1.3,26.2,5.2,23.9,3.6,19.3,3.6,16.3,0.3,26.1,0.3,19.6,2.5,12.1,3.6,7.1,1.9,75.2,0.3,3.0,1.5,14.5,3.0,4.7,2.9,7.2,2.5,2.9,0.1,0.8735,0.2569,0.8656,0.834,0.7036,3.5336,0.8617,0.4111,0.7589,0.8063,0.9407,0.8419,3.7589,1.0,0.8933,0.8933,0.8933,0.6166,0.5494,0.6957,0.8458,0.6403,3.3478,0.8854,11.5336,0.9605,0,0,0,0,0,0,0,0,0,1,0,1,0,0,0,0,0,0,0,0,1,26412,1741,321,90,89,17942,0,324,157,31,43,0,28,271,152,18,28,20.7,3.7,0.4,0.4,72.3,0.0,1.3,0.6,0.1,0.2,0.0,0.2,1.1,0.6,0.1,0.1
48,Texas,TX,48465,Val Verde County,48465,"Val Verde County, Texas",3144.74826661443,47693,0,18551,71,16643,384,14332,1760,691,280,3745,549,7633,829,9208,923,6647,117,13361,81,6110,559,1681,384,5458,787,40842,73,982,346,1699,353,1873,469,802,237,1901,180,31.3,3.8,3.4,1.4,22.5,3.3,26.5,2.9,20.6,2.0,13.9,0.2,28.0,0.2,13.7,1.3,10.1,2.3,12.4,1.8,85.6,0.2,5.3,1.9,9.2,1.9,11.2,2.8,4.8,1.4,4.0,0.4,0.7826,0.2727,0.5889,0.8775,0.7866,3.3083,0.7866,0.2332,0.8656,0.3281,0.8775,0.9407,3.2451,0.8972,0.9368,0.9368,0.9368,0.7905,0.2767,0.9763,0.5296,0.7154,3.2885,0.8696,10.7787,0.9328,0,0,0,0,0,0,0,0,0,0,1,1,1,1,0,0,1,0,0,1,3,46830,4746,591,552,141,39319,0,303,73,61,57,5,11,496,160,106,94,28.5,3.4,1.2,0.3,82.4,0.0,0.6,0.2,0.1,0.1,0.0,0.1,1.0,0.3,0.2,0.2
48,Texas,TX,48467,Van Zandt County,48467,"Van Zandt County, Texas",842.571214210946,60053,0,25484,40,22326,459,13749,1557,808,253,5140,597,5832,531,10527,1085,12089,100,13721,0,9077,788,1232,260,855,302,10790,76,239,106,5210,570,724,199,641,159,620,13,23.3,2.6,3.1,0.9,23.0,2.6,14.0,1.3,17.7,1.8,20.1,0.2,22.8,0.0,15.3,1.3,5.5,1.2,1.5,0.5,18.0,0.1,0.9,0.4,20.4,2.2,3.2,0.9,2.9,0.7,1.0,0.0,0.3992,0.249,0.6443,0.3913,0.5771,2.2609,0.4229,0.6482,0.3992,0.4704,0.4071,0.17,2.0949,0.2451,0.0711,0.0711,0.0711,0.2964,0.8182,0.4545,0.1976,0.2213,1.988,0.2688,6.4149,0.2213,0,0,0,0,0,0,0,0,0,0,0,0,0,0,0,0,0,0,0,0,0,48096,4165,575,1667,202,7440,0,290,49,224,130,13,19,1090,238,66,71,18.7,2.5,2.8,0.3,12.4,0.0,0.5,0.1,0.4,0.2,0.0,0.1,1.8,0.4,0.1,0.1
48,Texas,TX,48469,Victoria County,48469,"Victoria County, Texas",882.086306410368,91209,0,38974,50,34265,463,23389,1973,2259,453,8255,736,9656,935,14768,1652,14916,110,22993,75,13824,803,2466,449,2406,548,52275,231,2721,410,4594,513,1006,247,2484,445,1356,26,26.2,2.2,5.2,1.0,24.1,2.1,16.2,1.6,16.4,1.8,16.4,0.1,25.2,0.1,15.3,0.9,7.2,1.3,2.8,0.6,57.3,0.3,7.0,1.1,11.8,1.3,2.9,0.7,7.2,1.3,1.5,0.0,0.5415,0.6008,0.7391,0.5731,0.4466,2.9011,0.6719,0.4229,0.6601,0.4704,0.6482,0.4269,2.6285,0.6206,0.7115,0.7115,0.7115,0.8379,0.3992,0.3399,0.8458,0.419,2.8418,0.6522,9.0829,0.6957,0,0,0,0,0,0,0,0,0,0,0,0,0,0,0,0,0,0,0,0,0,87456,8110,606,4817,311,44193,0,1228,97,127,119,73,92,1685,429,152,105,23.7,1.8,5.3,0.3,48.5,0.0,1.3,0.1,0.1,0.1,0.1,0.1,1.8,0.5,0.2,0.1
48,Texas,TX,48471,Walker County,48471,"Walker County, Texas",784.221936721252,77182,0,28801,83,24592,539,19950,1836,2203,593,8362,993,7536,835,9682,1079,10446,196,10951,51,7469,985,1765,453,1738,566,34224,77,4427,741,5709,697,723,277,1643,389,16548,170,32.8,3.0,7.0,1.8,34.0,4.0,14.7,1.6,15.0,1.7,13.5,0.3,14.2,0.1,11.6,1.5,7.2,1.8,2.3,0.8,44.3,0.1,15.3,2.6,19.8,2.4,3.0,1.1,6.7,1.5,21.4,0.2,0.8261,0.834,0.996,0.4506,0.2964,3.4031,0.8103,0.2055,0.0079,0.166,0.6482,0.3478,1.3754,0.0119,0.5415,0.5415,0.5415,0.9644,0.7945,0.3834,0.7945,0.9644,3.9012,0.9802,9.2212,0.7154,0,0,1,0,0,1,0,0,0,0,0,0,0,0,1,0,0,0,1,2,3,91025,3871,594,16668,694,14226,0,914,87,100,98,235,403,2081,640,0,35,15.7,2.4,21.6,0.9,18.4,0.0,1.2,0.1,0.1,0.1,0.3,0.5,2.7,0.8,0.0,0.1
48,Texas,TX,48473,Waller County,48473,"Waller County, Texas",513.296187267936,57463,0,19537,48,17780,357,11145,1524,1606,549,4078,720,4218,442,10471,1384,6590,83,13395,44,6355,834,1272,398,2626,439,34173,120,505,271,3950,533,704,296,632,285,4773,117,21.1,2.9,6.1,2.0,22.9,4.0,13.3,1.4,18.3,2.4,11.5,0.1,23.3,0.1,11.1,1.5,7.1,2.2,4.9,0.8,59.5,0.2,2.5,1.4,20.2,2.7,4.0,1.7,3.6,1.6,8.3,0.2,0.2727,0.7628,0.6364,0.3399,0.6324,2.6442,0.5652,0.0949,0.4427,0.1502,0.6324,0.7233,2.0435,0.2055,0.7549,0.7549,0.7549,0.5692,0.8024,0.5968,0.3399,0.8656,3.1739,0.8379,8.6165,0.6364,0,0,0,0,0,0,0,0,0,0,0,0,0,0,0,0,0,0,0,0,0,58238,2989,611,14102,341,17732,0,877,111,54,46,9,20,1205,332,194,191,16.8,3.4,24.5,0.6,30.9,0.0,1.5,0.2,0.1,0.1,0.0,0.1,2.1,0.6,0.3,0.3
48,Texas,TX,48475,Ward County,48475,"Ward County, Texas",835.602356895916,11347,0,5124,14,4264,183,2663,525,299,144,680,186,1421,269,1345,293,1521,114,3292,108,1451,250,329,143,503,193,7099,22,148,98,758,164,128,75,167,86,116,7,23.7,4.7,5.5,2.7,15.9,4.3,19.8,3.5,12.0,2.6,13.4,1.0,29.0,1.0,12.9,2.2,7.7,3.3,4.8,1.8,62.6,0.2,2.9,1.9,14.8,3.2,3.0,1.8,3.9,2.0,1.0,0.1,0.4269,0.6561,0.166,0.7233,0.1107,2.083,0.3597,0.1976,0.8893,0.2609,0.7115,0.7075,2.7668,0.7075,0.7984,0.7984,0.7984,0.6087,0.581,0.3834,0.3794,0.2213,2.1738,0.336,7.822,0.4822,0,0,0,0,0,0,0,0,0,0,0,0,0,0,0,0,0,0,0,0,0,10881,982,248,590,86,6317,0,75,23,10,17,0,23,107,85,0,23,23.0,5.5,5.2,0.8,55.7,0.0,0.7,0.4,0.1,0.2,0.0,0.4,0.9,0.8,0.0,0.4
48,Texas,TX,48477,Washington County,48477,"Washington County, Texas",604.193833241674,35807,0,17083,52,14482,426,6136,999,459,182,3375,543,2486,370,4673,919,7777,176,7657,5,4945,567,536,225,659,283,13547,250,1052,326,1884,435,297,179,866,308,2411,74,18.3,3.0,2.7,1.1,23.3,3.7,10.3,1.5,13.4,2.6,21.7,0.5,21.4,0.1,14.2,1.6,3.7,1.5,1.9,0.8,37.8,0.7,6.1,1.9,11.0,2.6,2.0,1.2,6.0,2.1,6.7,0.2,0.1937,0.1858,0.6798,0.1502,0.1739,1.3834,0.1265,0.7312,0.249,0.3636,0.1621,0.2688,1.7747,0.1146,0.3913,0.3913,0.3913,0.8142,0.3439,0.1976,0.7115,0.8103,2.8775,0.6838,6.4269,0.2253,0,0,0,0,0,0,0,0,0,0,0,0,0,0,0,0,0,0,0,0,0,40590,2681,417,6446,290,6211,0,234,190,28,46,0,31,566,324,62,81,18.5,2.8,18.0,0.8,17.3,0.0,0.7,0.5,0.1,0.1,0.0,0.1,1.6,0.9,0.2,0.2
48,Texas,TX,48479,Webb County,48479,"Webb County, Texas",3361.476319638152,267282,0,85296,106,77797,684,89847,4019,7040,951,23958,1368,46474,1500,75437,2763,25955,104,85117,172,34672,1491,8437,830,45146,1881,258381,318,9010,806,7392,608,7318,758,4785,514,2989,154,34.0,1.5,5.9,0.8,30.8,1.7,30.9,1.0,28.4,1.0,9.7,0.1,31.8,0.1,13.1,0.6,10.9,1.1,18.5,0.8,96.7,0.1,10.6,0.9,8.7,0.7,9.4,1.0,6.2,0.7,1.1,0.1,0.8538,0.7352,0.9565,0.9526,0.9723,4.4704,0.9802,0.0277,0.9644,0.2964,0.917,0.9763,3.1818,0.8775,0.9881,0.9881,0.9881,0.8972,0.2569,0.9526,0.747,0.2688,3.1225,0.8103,11.7628,0.9684,0,0,1,1,1,3,0,1,0,1,1,3,1,1,0,0,1,0,0,1,8,273812,14690,802,998,73,255095,0,1381,73,102,48,0,35,311,133,494,309,18.9,1.0,0.4,0.1,95.4,0.0,0.5,0.1,0.0,0.1,0.0,0.1,0.1,0.1,0.2,0.1
48,Texas,TX,48481,Wharton County,48481,"Wharton County, Texas",1086.141636192058,41614,0,17416,31,15148,364,10791,1059,1092,343,3650,551,5092,541,7815,1002,7170,34,10717,55,6207,577,1020,259,1986,507,23722,58,860,243,1621,316,873,267,964,260,659,22,26.3,2.6,5.7,1.8,24.1,3.6,18.7,2.0,19.0,2.4,17.2,0.1,25.8,0.1,15.1,1.4,6.8,1.7,5.1,1.3,57.0,0.1,5.0,1.4,9.3,1.8,5.7,1.8,6.4,1.7,1.6,0.1,0.5534,0.6917,0.7391,0.6798,0.6838,3.3478,0.8024,0.4822,0.7273,0.4387,0.581,0.7431,2.9723,0.8221,0.7036,0.7036,0.7036,0.7589,0.2806,0.8103,0.7668,0.4427,3.0593,0.7866,10.083,0.8379,0,0,0,0,0,0,0,0,0,0,0,0,0,0,0,0,0,0,0,0,0,40797,2863,387,5085,118,17892,0,192,68,0,31,0,31,536,135,17,21,18.9,2.5,12.2,0.3,43.0,0.0,0.5,0.2,0.0,0.1,0.0,0.1,1.3,0.3,0.0,0.1
48,Texas,TX,48483,Wheeler County,48483,"Wheeler County, Texas",914.532483733664,4980,0,2612,24,1908,109,1462,292,160,74,419,133,490,128,1091,202,996,45,1223,6,798,137,141,84,251,99,1558,13,30,27,209,76,78,55,134,87,82,32,29.9,6.0,6.6,3.1,22.0,6.9,14.2,3.7,22.3,4.1,20.0,0.9,24.6,0.1,16.3,2.8,7.3,4.4,5.4,2.1,31.3,0.3,1.1,1.0,8.0,2.9,4.0,2.9,7.0,4.5,1.6,0.6,0.7233,0.8024,0.5415,0.415,0.8577,3.3399,0.7984,0.6364,0.6206,0.581,0.664,0.7628,3.2648,0.9051,0.2885,0.2885,0.2885,0.3281,0.2174,0.5968,0.83,0.4427,2.415,0.4348,9.3082,0.7431,0,0,0,0,0,0,0,0,0,0,0,0,0,0,0,0,0,0,0,0,0,4764,366,91,132,27,1270,0,13,16,13,12,0,15,121,28,9,11,19.2,4.6,2.7,0.5,25.5,0.0,0.3,0.3,0.3,0.2,0.0,1.0,2.4,0.6,0.2,0.2
48,Texas,TX,48485,Wichita County,48485,"Wichita County, Texas",627.593344950838,129584,0,55602,202,48604,561,29163,2081,2509,422,12099,815,10393,756,17210,1149,19318,64,29426,33,18804,922,3418,434,1934,421,47222,198,4644,587,2108,357,1001,243,3213,458,12203,595,24.9,1.8,4.2,0.7,24.9,1.7,12.5,0.9,14.7,1.0,14.9,0.1,22.7,0.1,16.0,0.8,7.1,0.9,1.6,0.3,36.4,0.2,8.4,1.1,3.8,0.6,2.1,0.5,6.6,0.9,9.4,0.5,0.4783,0.4308,0.7905,0.2885,0.2727,2.2608,0.4111,0.3043,0.3715,0.5415,0.6324,0.1897,2.0394,0.2016,0.3597,0.3597,0.3597,0.8577,0.0593,0.2055,0.7866,0.8775,2.7866,0.6324,7.4465,0.419,0,0,0,0,0,0,0,0,0,0,0,0,0,0,0,0,0,0,0,0,0,135131,6989,684,12769,474,26413,0,2865,220,490,134,141,27,4428,568,116,75,14.4,1.4,9.9,0.4,20.4,0.0,2.2,0.2,0.4,0.1,0.1,0.1,3.4,0.4,0.1,0.1
48,Texas,TX,48487,Wilbarger County,48487,"Wilbarger County, Texas",970.9454098862,12795,0,5861,72,4626,259,4808,535,563,245,1091,248,1876,275,1410,243,2279,110,2914,75,3064,348,224,108,399,162,5711,77,297,131,429,134,103,73,255,123,999,52,39.4,4.4,9.3,4.0,23.6,5.2,21.6,3.2,11.4,2.0,17.8,0.9,22.8,0.6,24.8,2.8,4.8,2.3,3.3,1.4,44.6,0.6,5.1,2.2,7.3,2.3,2.2,1.6,5.5,2.5,7.8,0.4,0.9209,0.9447,0.7036,0.7747,0.083,3.4269,0.8142,0.5138,0.3992,0.9644,0.2925,0.5336,2.7035,0.6561,0.5534,0.5534,0.5534,0.7668,0.166,0.2213,0.6324,0.8498,2.6363,0.5494,9.3201,0.747,1,1,0,0,0,2,0,0,1,0,0,1,0,0,0,0,0,0,0,0,3,14759,1222,250,915,134,3885,0,422,32,36,46,0,23,437,153,16,24,26.4,5.1,7.2,1.0,30.4,0.0,3.3,0.3,0.3,0.4,0.0,0.4,3.4,1.2,0.1,0.2
48,Texas,TX,48489,Willacy County,48489,"Willacy County, Texas",590.612780720216,20308,0,6820,32,5414,161,8104,881,766,241,1246,256,4203,394,5398,746,2959,0,4885,0,2870,389,451,165,1738,355,18266,128,95,71,784,200,615,188,303,139,1259,57,42.9,4.6,8.7,2.8,23.0,4.7,32.5,3.1,28.3,3.9,14.6,0.0,24.1,0.0,15.1,2.0,8.3,3.0,9.1,1.9,89.9,0.6,1.4,1.0,11.5,2.9,11.4,3.5,5.6,2.6,6.2,0.3,0.9605,0.9289,0.6443,0.9684,0.9684,4.4705,0.9842,0.2806,0.5573,0.4387,0.7628,0.8972,2.9366,0.7905,0.9486,0.9486,0.9486,0.3794,0.3715,0.9802,0.6601,0.7905,3.1817,0.8419,11.5374,0.9644,1,1,0,1,1,4,0,0,0,0,0,0,1,1,0,0,1,0,0,1,6,18210,1551,219,180,131,17939,0,0,28,0,28,0,28,147,115,0,28,28.6,4.1,0.9,0.6,88.3,0.0,0.0,0.2,0.0,0.2,0.0,0.2,0.7,0.6,0.0,0.2
48,Texas,TX,48491,Williamson County,48491,"Williamson County, Texas",1115.836795066338,617396,0,240082,130,229906,1123,67945,3548,14805,1250,53105,2124,24430,1610,59858,3318,77609,52,152606,0,61524,2246,12930,1075,16723,1497,272333,915,36200,1658,4899,532,6900,851,5916,539,4095,121,11.1,0.6,4.4,0.4,23.1,0.9,5.9,0.4,9.7,0.5,12.6,0.1,24.7,0.0,10.0,0.4,5.6,0.5,2.9,0.3,44.1,0.1,15.1,0.7,2.0,0.2,3.0,0.4,2.6,0.2,0.7,0.0,0.0277,0.4704,0.6561,0.0158,0.0316,1.2016,0.087,0.1423,0.6324,0.0791,0.4269,0.4664,1.7471,0.0988,0.5257,0.5257,0.5257,0.9605,0.0079,0.3834,0.1542,0.1107,1.6167,0.1581,5.0911,0.083,0,0,0,0,0,0,0,0,0,0,0,0,0,0,1,0,0,0,0,1,1,511525,11201,1144,39908,1112,154605,0,49829,1397,715,164,663,157,23958,2018,2655,713,4.9,0.5,6.5,0.2,25.0,0.0,8.1,0.2,0.1,0.1,0.1,0.1,3.9,0.3,0.4,0.1
48,Texas,TX,48493,Wilson County,48493,"Wilson County, Texas",803.7341124903,50381,0,19017,39,17345,291,7836,1283,813,234,2871,419,3170,391,6088,759,8177,65,11916,0,6109,536,575,177,1091,311,22796,221,193,125,4670,534,832,206,385,142,493,8,15.8,2.6,3.4,0.9,16.6,2.4,9.2,1.1,12.2,1.5,16.2,0.1,23.7,0.0,12.3,1.1,3.3,1.0,2.3,0.7,45.2,0.4,1.0,0.7,24.6,2.8,4.8,1.2,2.2,0.8,1.0,0.0,0.1186,0.2727,0.1897,0.0949,0.1225,0.7984,0.0316,0.4032,0.502,0.2253,0.1146,0.3478,1.5929,0.0593,0.5613,0.5613,0.5613,0.3123,0.9051,0.7115,0.0988,0.2213,2.249,0.3597,5.2016,0.0909,0,0,0,0,0,0,0,0,0,0,0,0,0,0,0,1,0,0,0,1,1,33820,2382,334,768,127,20528,0,219,94,6,9,0,35,1040,214,235,192,13.7,1.9,1.5,0.3,40.7,0.0,0.4,0.2,0.0,0.1,0.0,0.1,2.1,0.4,0.5,0.4
48,Texas,TX,48495,Winkler County,48495,"Winkler County, Texas",841.26844505883,7582,0,3210,13,2685,124,1224,358,79,53,196,105,1287,316,1404,505,1029,74,2182,64,681,147,99,53,630,253,5152,50,0,29,375,124,108,118,150,104,92,17,16.3,4.8,2.3,1.5,7.3,3.9,27.5,6.9,18.7,6.7,13.6,1.0,28.8,0.8,9.1,2.0,3.7,2.0,8.9,3.6,68.0,0.7,0.0,0.9,11.7,3.9,4.0,4.4,5.6,3.9,1.2,0.2,0.1383,0.1304,0.0237,0.8972,0.6522,1.8418,0.2648,0.2134,0.8735,0.0514,0.1621,0.8933,2.1937,0.3123,0.83,0.83,0.83,0.0,0.3874,0.5968,0.6601,0.3162,1.9605,0.253,6.826,0.3004,0,0,0,0,0,0,0,0,0,0,0,0,0,0,0,0,0,0,0,0,0,6828,419,136,292,63,4748,0,43,63,0,21,2,4,24,25,43,48,15.6,5.1,3.9,0.8,62.6,0.0,0.6,0.8,0.0,0.7,0.0,0.1,0.3,0.3,0.6,0.6
48,Texas,TX,48497,Wise County,48497,"Wise County, Texas",904.394618963744,70062,0,26786,52,24079,401,11621,1295,1547,304,4244,486,6132,490,11214,1025,10666,89,17189,0,10926,752,1356,297,2395,438,17773,213,282,156,6761,585,1143,259,395,129,894,42,16.9,1.9,4.3,0.9,17.6,2.0,13.0,1.0,16.2,1.5,15.2,0.1,24.5,0.0,15.8,1.1,5.7,1.2,3.6,0.7,25.4,0.3,1.1,0.6,25.2,2.2,4.7,1.1,1.6,0.5,1.3,0.1,0.1542,0.4466,0.2332,0.3241,0.3992,1.5573,0.166,0.332,0.6008,0.5296,0.4308,0.5968,2.49,0.5099,0.166,0.166,0.166,0.3281,0.913,0.6957,0.0514,0.3597,2.3479,0.4111,6.5612,0.253,0,0,0,0,0,0,0,0,0,0,0,0,0,0,0,1,0,0,0,1,1,57549,3085,383,897,141,14289,0,393,95,313,132,45,53,1694,308,142,122,12.8,1.5,1.3,0.2,20.4,0.0,0.6,0.1,0.4,0.2,0.1,0.1,2.4,0.4,0.2,0.2
48,Texas,TX,48499,Wood County,48499,"Wood County, Texas",645.2429646718859,45341,0,22123,31,17824,464,9541,1054,958,246,3800,455,4585,539,6691,712,12198,170,8537,33,8879,729,884,232,721,281,8347,175,605,226,3551,476,301,128,983,247,1635,31,21.9,2.4,5.3,1.3,21.3,2.5,13.9,1.6,15.1,1.6,26.9,0.4,18.8,0.1,20.0,1.6,5.0,1.3,1.7,0.6,18.4,0.4,2.7,1.0,16.1,2.2,1.7,0.7,5.5,1.4,3.6,0.1,0.336,0.6245,0.4901,0.3834,0.3083,2.1423,0.3794,0.9091,0.0909,0.834,0.332,0.2332,2.3992,0.4585,0.0751,0.0751,0.0751,0.5929,0.6482,0.1542,0.6324,0.6877,2.7154,0.6008,7.332,0.3953,0,0,0,0,0,0,1,0,0,0,0,1,0,0,0,0,0,0,0,0,1,39115,2873,389,1808,208,4890,0,256,56,23,19,0,31,1250,289,120,98,16.1,2.2,4.0,0.5,10.8,0.0,0.6,0.1,0.1,0.1,0.0,0.1,2.8,0.6,0.3,0.2
48,Texas,TX,48501,Yoakum County,48501,"Yoakum County, Texas",799.714724646858,7630,0,3009,16,2654,148,1766,542,134,76,409,156,1448,257,1507,340,765,77,2462,28,688,157,154,78,826,260,5458,51,43,62,460,160,226,136,65,69,24,3,23.2,7.1,3.9,2.2,15.4,5.8,31.5,5.6,19.8,4.5,10.0,1.0,32.3,0.4,9.0,2.1,5.8,2.9,11.9,3.7,71.5,0.7,1.4,2.1,15.3,5.3,8.5,5.1,2.4,2.6,0.3,0.0,0.3913,0.3597,0.1304,0.9605,0.7233,2.5652,0.5257,0.0316,0.9684,0.0435,0.4506,0.9368,2.4309,0.4783,0.8696,0.8696,0.8696,0.3794,0.6008,0.9368,0.1028,0.0553,2.0751,0.3004,7.9408,0.5099,0,0,0,1,0,1,0,1,0,0,1,2,0,0,0,0,1,0,0,1,4,7662,243,113,120,112,5183,0,40,48,0,21,0,21,80,81,35,46,9.2,4.2,1.6,1.5,67.9,0.0,0.5,0.6,0.0,0.7,0.0,0.7,1.0,1.1,0.5,0.6
48,Texas,TX,48503,Young County,48503,"Young County, Texas",914.497938029418,17903,0,8554,18,7565,257,4038,852,222,116,1392,281,1478,282,3333,446,3733,67,4276,89,2710,363,461,160,567,164,4259,67,125,89,693,178,97,69,385,148,274,5,22.9,4.8,2.6,1.4,18.4,3.7,11.9,2.3,18.9,2.5,20.9,0.4,23.9,0.5,15.4,2.1,6.1,2.1,3.4,1.0,23.8,0.4,1.5,1.0,8.1,2.1,1.3,0.9,5.1,2.0,1.5,0.0,0.3794,0.1739,0.2688,0.249,0.668,1.7391,0.2055,0.7115,0.5336,0.4822,0.4941,0.5494,2.7708,0.7115,0.1383,0.1383,0.1383,0.4111,0.2253,0.1225,0.581,0.419,1.7589,0.1858,6.4071,0.2174,0,0,0,0,0,0,0,0,0,0,0,0,0,0,0,0,0,0,0,0,0,17018,921,193,260,195,3524,0,62,106,71,55,0,23,226,118,116,125,12.2,2.6,1.5,1.1,19.7,0.0,0.3,0.6,0.4,0.3,0.0,0.3,1.3,0.7,0.6,0.7
48,Texas,TX,48505,Zapata County,48505,"Zapata County, Texas",998.411911568284,13896,0,6183,28,4580,261,6839,961,424,221,1060,255,2723,402,3707,469,1897,31,4533,0,2230,385,585,228,2645,479,13286,110,143,106,1731,297,603,189,442,170,120,12,49.8,7.0,8.1,4.2,23.1,5.4,34.4,5.1,26.9,3.4,13.7,0.2,32.6,0.0,16.2,2.8,12.8,4.9,20.7,3.8,95.6,0.8,2.3,1.7,28.0,4.8,13.2,4.1,9.7,3.7,0.9,0.1,0.9881,0.9012,0.6561,0.9723,0.9526,4.4703,0.9763,0.2253,0.9802,0.5692,0.9605,0.9842,3.7194,0.9921,0.9842,0.9842,0.9842,0.5494,0.9447,0.9921,0.9486,0.1818,3.6166,0.9486,12.7905,1.0,1,1,0,1,1,4,0,1,0,1,1,3,1,1,0,1,1,1,0,3,11,12832,1582,279,13,27,13157,0,21,28,0,23,0,23,95,84,0,23,34.5,5.5,0.1,0.2,94.7,0.0,0.2,0.2,0.0,0.4,0.0,0.4,0.7,0.6,0.0,0.4
48,Texas,TX,48507,Zavala County,48507,"Zavala County, Texas",1297.406534333556,9700,0,3956,13,3427,136,4788,592,232,124,647,211,1598,268,1169,313,1559,67,2847,51,1638,300,431,183,528,184,9169,97,19,42,911,245,165,102,169,89,66,5,49.7,6.1,5.8,3.2,18.9,6.1,27.4,4.6,12.2,3.2,16.1,0.7,29.4,0.5,17.0,3.1,12.6,5.3,5.9,2.0,94.5,1.0,0.5,1.1,23.0,6.2,4.8,3.0,4.9,2.6,0.7,0.1,0.9842,0.7075,0.3123,0.8933,0.1225,3.0198,0.7233,0.3953,0.9051,0.6522,0.9526,0.7905,3.6957,0.9881,0.9802,0.9802,0.9802,0.1897,0.8656,0.7115,0.5534,0.1107,2.4309,0.4506,10.1266,0.8498,1,0,0,0,0,1,0,1,0,1,0,2,1,1,0,0,0,0,0,0,4,9425,678,191,70,97,9099,0,0,21,0,21,0,21,0,21,0,21,19.8,5.6,0.7,1.0,93.8,0.0,0.0,0.5,0.0,0.5,0.0,0.5,0.0,0.5,0.0,0.5
